package_id,package_title,package_kind,package_folder,relative_path,sheet_or_table,variable_name,variable_label,inferred_type,non_null_sample_count,sample_values,min_value,max_value,source_file_format,confidence,notes
paper-1997-05,The Full Cost Of High-Speed Rail: An Engineering Approach,READY-TO-UPLOAD/PUBLIC,/Users/dlev2617/Documents/Code/Agents/github-packages/READY-TO-UPLOAD/PUBLIC/paper-1997-05-the-full-cost-of-high-speed-rail-an-engineering-approach,data/analysis_workbooks/csv_exports/air_noise_model/A.csv,,The Cost of Noise: Model and Calculations,,mixed_numeric_text,112,Interest | Years | dayflight | nightflight | Speed (km/hr),,,csv,medium,"Some headers were missing; generated column_N names. Delimiter `,`; sampled first 118 rows."
paper-1997-05,The Full Cost Of High-Speed Rail: An Engineering Approach,READY-TO-UPLOAD/PUBLIC,/Users/dlev2617/Documents/Code/Agents/github-packages/READY-TO-UPLOAD/PUBLIC/paper-1997-05-the-full-cost-of-high-speed-rail-an-engineering-approach,data/analysis_workbooks/csv_exports/air_noise_model/A.csv,,column_2,,mixed_numeric_text,111,0.075 | 30.0 | 500.0 | 50.0 | 100.0,,,csv,medium,"Some headers were missing; generated column_N names. Delimiter `,`; sampled first 118 rows."
paper-1997-05,The Full Cost Of High-Speed Rail: An Engineering Approach,READY-TO-UPLOAD/PUBLIC,/Users/dlev2617/Documents/Code/Agents/github-packages/READY-TO-UPLOAD/PUBLIC/paper-1997-05-the-full-cost-of-high-speed-rail-an-engineering-approach,data/analysis_workbooks/csv_exports/air_noise_model/A.csv,,column_3,,mixed_numeric_text,101,"NEF (i,j) | 40.249930200258945 | 37.84258926249166 | 36.30281981484055 | 35.168375315662644",,,csv,medium,"Some headers were missing; generated column_N names. Delimiter `,`; sampled first 118 rows."
paper-1997-05,The Full Cost Of High-Speed Rail: An Engineering Approach,READY-TO-UPLOAD/PUBLIC,/Users/dlev2617/Documents/Code/Agents/github-packages/READY-TO-UPLOAD/PUBLIC/paper-1997-05-the-full-cost-of-high-speed-rail-an-engineering-approach,data/analysis_workbooks/csv_exports/air_noise_model/A.csv,,column_4,,mixed_numeric_text,101,NEF | 40.24993020025895 | 41.82198934921204 | 36.760394720447295 | 33.12717548910341,,,csv,medium,"Some headers were missing; generated column_N names. Delimiter `,`; sampled first 118 rows."
paper-1997-05,The Full Cost Of High-Speed Rail: An Engineering Approach,READY-TO-UPLOAD/PUBLIC,/Users/dlev2617/Documents/Code/Agents/github-packages/READY-TO-UPLOAD/PUBLIC/paper-1997-05-the-full-cost-of-high-speed-rail-an-engineering-approach,data/analysis_workbooks/csv_exports/air_noise_model/A.csv,,column_5,,mixed_numeric_text,101,Houses/Band | 36.0 | 72.0 | 108.0 | 144.0,,,csv,medium,"Some headers were missing; generated column_N names. Delimiter `,`; sampled first 118 rows."
paper-1997-05,The Full Cost Of High-Speed Rail: An Engineering Approach,READY-TO-UPLOAD/PUBLIC,/Users/dlev2617/Documents/Code/Agents/github-packages/READY-TO-UPLOAD/PUBLIC/paper-1997-05-the-full-cost-of-high-speed-rail-an-engineering-approach,data/analysis_workbooks/csv_exports/air_noise_model/A.csv,,column_6,,mixed_numeric_text,106,Total Houses | Total Depreciation | Annual Cost | Cost/Flight | Cost/Pax,,,csv,medium,"Some headers were missing; generated column_N names. Delimiter `,`; sampled first 118 rows."
paper-1997-05,The Full Cost Of High-Speed Rail: An Engineering Approach,READY-TO-UPLOAD/PUBLIC,/Users/dlev2617/Documents/Code/Agents/github-packages/READY-TO-UPLOAD/PUBLIC/paper-1997-05-the-full-cost-of-high-speed-rail-an-engineering-approach,data/analysis_workbooks/csv_exports/air_noise_model/A.csv,,column_7,,mixed_numeric_text,106,181800.0 | 21362344.275737476 | 1808776.0887204586 | 9.01009259636592 | 0.0901009259636592,,,csv,medium,"Some headers were missing; generated column_N names. Delimiter `,`; sampled first 118 rows."
paper-1997-05,The Full Cost Of High-Speed Rail: An Engineering Approach,READY-TO-UPLOAD/PUBLIC,/Users/dlev2617/Documents/Code/Agents/github-packages/READY-TO-UPLOAD/PUBLIC/paper-1997-05-the-full-cost-of-high-speed-rail-an-engineering-approach,data/analysis_workbooks/csv_exports/air_noise_model/B.csv,,FLOW,,numeric,17,1.0 | 500.0 | 1000.0 | 1500.0 | 2000.0,1,10000,csv,medium,"Some headers were missing; generated column_N names. Delimiter `,`; sampled first 30 rows."
paper-1997-05,The Full Cost Of High-Speed Rail: An Engineering Approach,READY-TO-UPLOAD/PUBLIC,/Users/dlev2617/Documents/Code/Agents/github-packages/READY-TO-UPLOAD/PUBLIC/paper-1997-05-the-full-cost-of-high-speed-rail-an-engineering-approach,data/analysis_workbooks/csv_exports/air_noise_model/B.csv,,$/VKT,,mixed_numeric_text,24,0.0 | 0.00048 | 0.00125 | 0.002 | 0.0028,,,csv,medium,"Some headers were missing; generated column_N names. Delimiter `,`; sampled first 30 rows."
paper-1997-05,The Full Cost Of High-Speed Rail: An Engineering Approach,READY-TO-UPLOAD/PUBLIC,/Users/dlev2617/Documents/Code/Agents/github-packages/READY-TO-UPLOAD/PUBLIC/paper-1997-05-the-full-cost-of-high-speed-rail-an-engineering-approach,data/analysis_workbooks/csv_exports/air_noise_model/B.csv,,@LN(flow),,mixed_numeric_text,18,0.0 | -0.6931471805599453 | 0.4054651081081644 | 0.6931471805599453 | 0.9162907318741551,,,csv,medium,"Some headers were missing; generated column_N names. Delimiter `,`; sampled first 30 rows."
paper-1997-05,The Full Cost Of High-Speed Rail: An Engineering Approach,READY-TO-UPLOAD/PUBLIC,/Users/dlev2617/Documents/Code/Agents/github-packages/READY-TO-UPLOAD/PUBLIC/paper-1997-05-the-full-cost-of-high-speed-rail-an-engineering-approach,data/analysis_workbooks/csv_exports/air_noise_model/B.csv,,FLOW2,,mixed_numeric_text,5,F | b1 | 0.0028033332650377945 | 0.00023096355469959598 | 12.137556804942518,,,csv,medium,"Some headers were missing; generated column_N names. Delimiter `,`; sampled first 30 rows."
paper-1997-05,The Full Cost Of High-Speed Rail: An Engineering Approach,READY-TO-UPLOAD/PUBLIC,/Users/dlev2617/Documents/Code/Agents/github-packages/READY-TO-UPLOAD/PUBLIC/paper-1997-05-the-full-cost-of-high-speed-rail-an-engineering-approach,data/analysis_workbooks/csv_exports/air_noise_model/B.csv,,column_5,,numeric,5,0.0005422237555143505 | 0.0005799671576570951 | 0.9189123198955557 | 15.0 | 13.0,0.000542223755514,15,csv,medium,"Some headers were missing; generated column_N names. Delimiter `,`; sampled first 30 rows."
paper-1997-05,The Full Cost Of High-Speed Rail: An Engineering Approach,READY-TO-UPLOAD/PUBLIC,/Users/dlev2617/Documents/Code/Agents/github-packages/READY-TO-UPLOAD/PUBLIC/paper-1997-05-the-full-cost-of-high-speed-rail-an-engineering-approach,data/analysis_workbooks/csv_exports/air_noise_model/B.csv,,column_6,,empty,0,,,,csv,medium,"Some headers were missing; generated column_N names. Delimiter `,`; sampled first 30 rows."
paper-1997-05,The Full Cost Of High-Speed Rail: An Engineering Approach,READY-TO-UPLOAD/PUBLIC,/Users/dlev2617/Documents/Code/Agents/github-packages/READY-TO-UPLOAD/PUBLIC/paper-1997-05-the-full-cost-of-high-speed-rail-an-engineering-approach,data/analysis_workbooks/csv_exports/air_noise_model/B.csv,,column_7,,text,1,"assumptions: Interest = 0.07, Years=30, Home Value = $250K, Density = 360 HH/SQKM, Cost/dB(A) = 0.0062, Max distance=500",,,csv,medium,"Some headers were missing; generated column_N names. Delimiter `,`; sampled first 30 rows."
paper-1997-05,The Full Cost Of High-Speed Rail: An Engineering Approach,READY-TO-UPLOAD/PUBLIC,/Users/dlev2617/Documents/Code/Agents/github-packages/READY-TO-UPLOAD/PUBLIC/paper-1997-05-the-full-cost-of-high-speed-rail-an-engineering-approach,data/analysis_workbooks/csv_exports/ars_hsr_interest_rate_capital_cost/Sheet1.csv,,column_1,,mixed_numeric_text,27,Total Cost | Number of Years | Annual Cost at | 0.01 | 0.02,,,csv,medium,"Some headers were missing; generated column_N names. Delimiter `,`; sampled first 33 rows."
paper-1997-05,The Full Cost Of High-Speed Rail: An Engineering Approach,READY-TO-UPLOAD/PUBLIC,/Users/dlev2617/Documents/Code/Agents/github-packages/READY-TO-UPLOAD/PUBLIC/paper-1997-05-the-full-cost-of-high-speed-rail-an-engineering-approach,data/analysis_workbooks/csv_exports/ars_hsr_interest_rate_capital_cost/Sheet1.csv,,Infrastructure,,mixed_numeric_text,27,9597000000.0 | 1000.0 | 95974579.12431124 | 191940000.48194084 | 287910000.0000419,,,csv,medium,"Some headers were missing; generated column_N names. Delimiter `,`; sampled first 33 rows."
paper-1997-05,The Full Cost Of High-Speed Rail: An Engineering Approach,READY-TO-UPLOAD/PUBLIC,/Users/dlev2617/Documents/Code/Agents/github-packages/READY-TO-UPLOAD/PUBLIC/paper-1997-05-the-full-cost-of-high-speed-rail-an-engineering-approach,data/analysis_workbooks/csv_exports/ars_hsr_interest_rate_capital_cost/Sheet1.csv,,Rolling Stock+Sales Tax,,mixed_numeric_text,26,787140900.0 | 15.0 | 56771577.246150404 | 61259612.26998223 | 65936101.53500784,,,csv,medium,"Some headers were missing; generated column_N names. Delimiter `,`; sampled first 33 rows."
paper-1997-05,The Full Cost Of High-Speed Rail: An Engineering Approach,READY-TO-UPLOAD/PUBLIC,/Users/dlev2617/Documents/Code/Agents/github-packages/READY-TO-UPLOAD/PUBLIC/paper-1997-05-the-full-cost-of-high-speed-rail-an-engineering-approach,data/analysis_workbooks/csv_exports/ars_hsr_interest_rate_capital_cost/Sheet1.csv,,Noise,,mixed_numeric_text,14,14133347.5 | 30.0 | Noise | 0.0011 | 0.0013,,,csv,medium,"Some headers were missing; generated column_N names. Delimiter `,`; sampled first 33 rows."
paper-1997-05,The Full Cost Of High-Speed Rail: An Engineering Approach,READY-TO-UPLOAD/PUBLIC,/Users/dlev2617/Documents/Code/Agents/github-packages/READY-TO-UPLOAD/PUBLIC/paper-1997-05-the-full-cost-of-high-speed-rail-an-engineering-approach,data/analysis_workbooks/csv_exports/ars_hsr_interest_rate_capital_cost/Sheet1.csv,,column_5,,mixed_numeric_text,2,A=P*i(1+i)^n/((1+i)^n-1) | 2123167.073896096,,,csv,medium,"Some headers were missing; generated column_N names. Delimiter `,`; sampled first 33 rows."
paper-1997-05,The Full Cost Of High-Speed Rail: An Engineering Approach,READY-TO-UPLOAD/PUBLIC,/Users/dlev2617/Documents/Code/Agents/github-packages/READY-TO-UPLOAD/PUBLIC/paper-1997-05-the-full-cost-of-high-speed-rail-an-engineering-approach,data/analysis_workbooks/csv_exports/car_hsr_comparison_work_sheet/Sheet1.csv,,Distances (miles):,,text,115,SAC | SFO | SJ | FRESNO | LAX,,,csv,medium,"Some headers were missing; generated column_N names. Delimiter `,`; sampled first 155 rows."
paper-1997-05,The Full Cost Of High-Speed Rail: An Engineering Approach,READY-TO-UPLOAD/PUBLIC,/Users/dlev2617/Documents/Code/Agents/github-packages/READY-TO-UPLOAD/PUBLIC/paper-1997-05-the-full-cost-of-high-speed-rail-an-engineering-approach,data/analysis_workbooks/csv_exports/car_hsr_comparison_work_sheet/Sheet1.csv,,column_2,,mixed_numeric_text,114,SAC | 0.0 | 90.0 | 100.0 | 150.0,,,csv,medium,"Some headers were missing; generated column_N names. Delimiter `,`; sampled first 155 rows."
paper-1997-05,The Full Cost Of High-Speed Rail: An Engineering Approach,READY-TO-UPLOAD/PUBLIC,/Users/dlev2617/Documents/Code/Agents/github-packages/READY-TO-UPLOAD/PUBLIC/paper-1997-05-the-full-cost-of-high-speed-rail-an-engineering-approach,data/analysis_workbooks/csv_exports/car_hsr_comparison_work_sheet/Sheet1.csv,,column_3,,mixed_numeric_text,122,SFO | - | 0.0 | 25.0 | 150.0,,,csv,medium,"Some headers were missing; generated column_N names. Delimiter `,`; sampled first 155 rows."
paper-1997-05,The Full Cost Of High-Speed Rail: An Engineering Approach,READY-TO-UPLOAD/PUBLIC,/Users/dlev2617/Documents/Code/Agents/github-packages/READY-TO-UPLOAD/PUBLIC/paper-1997-05-the-full-cost-of-high-speed-rail-an-engineering-approach,data/analysis_workbooks/csv_exports/car_hsr_comparison_work_sheet/Sheet1.csv,,column_4,,mixed_numeric_text,122,SJ | - | 0.0 | 130.0 | 350.0,,,csv,medium,"Some headers were missing; generated column_N names. Delimiter `,`; sampled first 155 rows."
paper-1997-05,The Full Cost Of High-Speed Rail: An Engineering Approach,READY-TO-UPLOAD/PUBLIC,/Users/dlev2617/Documents/Code/Agents/github-packages/READY-TO-UPLOAD/PUBLIC/paper-1997-05-the-full-cost-of-high-speed-rail-an-engineering-approach,data/analysis_workbooks/csv_exports/car_hsr_comparison_work_sheet/Sheet1.csv,,column_5,,mixed_numeric_text,111,FRESNO | - | 0.0 | 250.0 | 325.0,,,csv,medium,"Some headers were missing; generated column_N names. Delimiter `,`; sampled first 155 rows."
paper-1997-05,The Full Cost Of High-Speed Rail: An Engineering Approach,READY-TO-UPLOAD/PUBLIC,/Users/dlev2617/Documents/Code/Agents/github-packages/READY-TO-UPLOAD/PUBLIC/paper-1997-05-the-full-cost-of-high-speed-rail-an-engineering-approach,data/analysis_workbooks/csv_exports/car_hsr_comparison_work_sheet/Sheet1.csv,,column_6,,mixed_numeric_text,109,LAX | - | 0.0 | 100.0 | 160.0,,,csv,medium,"Some headers were missing; generated column_N names. Delimiter `,`; sampled first 155 rows."
paper-1997-05,The Full Cost Of High-Speed Rail: An Engineering Approach,READY-TO-UPLOAD/PUBLIC,/Users/dlev2617/Documents/Code/Agents/github-packages/READY-TO-UPLOAD/PUBLIC/paper-1997-05-the-full-cost-of-high-speed-rail-an-engineering-approach,data/analysis_workbooks/csv_exports/car_hsr_comparison_work_sheet/Sheet1.csv,,column_7,,mixed_numeric_text,93,SD | - | 0.0 | FRESNO | SFO,,,csv,medium,"Some headers were missing; generated column_N names. Delimiter `,`; sampled first 155 rows."
paper-1997-05,The Full Cost Of High-Speed Rail: An Engineering Approach,READY-TO-UPLOAD/PUBLIC,/Users/dlev2617/Documents/Code/Agents/github-packages/READY-TO-UPLOAD/PUBLIC/paper-1997-05-the-full-cost-of-high-speed-rail-an-engineering-approach,data/analysis_workbooks/csv_exports/car_hsr_comparison_work_sheet/Sheet1.csv,,column_8,,mixed_numeric_text,43,4603368.0 | LAX | SFO | 540800000.0 | 8112000.0,,,csv,medium,"Some headers were missing; generated column_N names. Delimiter `,`; sampled first 155 rows."
paper-1997-05,The Full Cost Of High-Speed Rail: An Engineering Approach,READY-TO-UPLOAD/PUBLIC,/Users/dlev2617/Documents/Code/Agents/github-packages/READY-TO-UPLOAD/PUBLIC/paper-1997-05-the-full-cost-of-high-speed-rail-an-engineering-approach,data/analysis_workbooks/csv_exports/car_hsr_comparison_work_sheet/Sheet1.csv,,column_9,,mixed_numeric_text,52,SAC | SFO | FRESNO | LAX | SD,,,csv,medium,"Some headers were missing; generated column_N names. Delimiter `,`; sampled first 155 rows."
paper-1997-05,The Full Cost Of High-Speed Rail: An Engineering Approach,READY-TO-UPLOAD/PUBLIC,/Users/dlev2617/Documents/Code/Agents/github-packages/READY-TO-UPLOAD/PUBLIC/paper-1997-05-the-full-cost-of-high-speed-rail-an-engineering-approach,data/analysis_workbooks/csv_exports/car_hsr_comparison_work_sheet/Sheet1.csv,,column_10,,mixed_numeric_text,52,SFO | FRESNO | LAX | SD | 231733333.33333334,,,csv,medium,"Some headers were missing; generated column_N names. Delimiter `,`; sampled first 155 rows."
paper-1997-05,The Full Cost Of High-Speed Rail: An Engineering Approach,READY-TO-UPLOAD/PUBLIC,/Users/dlev2617/Documents/Code/Agents/github-packages/READY-TO-UPLOAD/PUBLIC/paper-1997-05-the-full-cost-of-high-speed-rail-an-engineering-approach,data/analysis_workbooks/csv_exports/car_hsr_comparison_work_sheet/Sheet1.csv,,Distance/km,,mixed_numeric_text,52,144.0 | 240.0 | 640.0 | 800.0 | 600.0,,,csv,medium,"Some headers were missing; generated column_N names. Delimiter `,`; sampled first 155 rows."
paper-1997-05,The Full Cost Of High-Speed Rail: An Engineering Approach,READY-TO-UPLOAD/PUBLIC,/Users/dlev2617/Documents/Code/Agents/github-packages/READY-TO-UPLOAD/PUBLIC/paper-1997-05-the-full-cost-of-high-speed-rail-an-engineering-approach,data/analysis_workbooks/csv_exports/car_hsr_comparison_work_sheet/Sheet1.csv,,column_12,,mixed_numeric_text,42,SD | LAX | 277120000.0 | 4156800.0 | 5542400.0,,,csv,medium,"Some headers were missing; generated column_N names. Delimiter `,`; sampled first 155 rows."
paper-1997-05,The Full Cost Of High-Speed Rail: An Engineering Approach,READY-TO-UPLOAD/PUBLIC,/Users/dlev2617/Documents/Code/Agents/github-packages/READY-TO-UPLOAD/PUBLIC/paper-1997-05-the-full-cost-of-high-speed-rail-an-engineering-approach,data/analysis_workbooks/csv_exports/car_hsr_comparison_work_sheet/Sheet1.csv,,column_13,,mixed_numeric_text,21,TOTAL | 449042515.2 | 73340611.19999999 | 46344067.199999996 | 339256569.59999996,,,csv,medium,"Some headers were missing; generated column_N names. Delimiter `,`; sampled first 155 rows."
paper-1997-05,The Full Cost Of High-Speed Rail: An Engineering Approach,READY-TO-UPLOAD/PUBLIC,/Users/dlev2617/Documents/Code/Agents/github-packages/READY-TO-UPLOAD/PUBLIC/paper-1997-05-the-full-cost-of-high-speed-rail-an-engineering-approach,data/analysis_workbooks/csv_exports/full_cost_hsr_tgv_and_system_data/HSR_DATA.csv,,System,,text,20,Actual | Shinkansen | Tokaido | Sanyou | Tohuko,,,csv,medium,"Headers inferred from first row. Delimiter `,`; sampled first 23 rows."
paper-1997-05,The Full Cost Of High-Speed Rail: An Engineering Approach,READY-TO-UPLOAD/PUBLIC,/Users/dlev2617/Documents/Code/Agents/github-packages/READY-TO-UPLOAD/PUBLIC/paper-1997-05-the-full-cost-of-high-speed-rail-an-engineering-approach,data/analysis_workbooks/csv_exports/full_cost_hsr_tgv_and_system_data/HSR_DATA.csv,,Distance,,mixed_numeric_text,14,(mile) | 346.0 | 389.0 | 335.0 | 209.0,,,csv,medium,"Headers inferred from first row. Delimiter `,`; sampled first 23 rows."
paper-1997-05,The Full Cost Of High-Speed Rail: An Engineering Approach,READY-TO-UPLOAD/PUBLIC,/Users/dlev2617/Documents/Code/Agents/github-packages/READY-TO-UPLOAD/PUBLIC/paper-1997-05-the-full-cost-of-high-speed-rail-an-engineering-approach,data/analysis_workbooks/csv_exports/full_cost_hsr_tgv_and_system_data/HSR_DATA.csv,,Travel Time,,mixed_numeric_text,11,(minutes) | 164.0 | 120.0 | 62.4 | 86.3,,,csv,medium,"Headers inferred from first row. Delimiter `,`; sampled first 23 rows."
paper-1997-05,The Full Cost Of High-Speed Rail: An Engineering Approach,READY-TO-UPLOAD/PUBLIC,/Users/dlev2617/Documents/Code/Agents/github-packages/READY-TO-UPLOAD/PUBLIC/paper-1997-05-the-full-cost-of-high-speed-rail-an-engineering-approach,data/analysis_workbooks/csv_exports/full_cost_hsr_tgv_and_system_data/HSR_DATA.csv,,Average Speed,,mixed_numeric_text,11,(mph) | 126.59 | 132.7 | 127.0 | 160.0,,,csv,medium,"Headers inferred from first row. Delimiter `,`; sampled first 23 rows."
paper-1997-05,The Full Cost Of High-Speed Rail: An Engineering Approach,READY-TO-UPLOAD/PUBLIC,/Users/dlev2617/Documents/Code/Agents/github-packages/READY-TO-UPLOAD/PUBLIC/paper-1997-05-the-full-cost-of-high-speed-rail-an-engineering-approach,data/analysis_workbooks/csv_exports/full_cost_hsr_tgv_and_system_data/HSR_DATA.csv,,Ridership,,mixed_numeric_text,15,(million) | in 1989 | 117.0 | 62.0 | 51.0,,,csv,medium,"Headers inferred from first row. Delimiter `,`; sampled first 23 rows."
paper-1997-05,The Full Cost Of High-Speed Rail: An Engineering Approach,READY-TO-UPLOAD/PUBLIC,/Users/dlev2617/Documents/Code/Agents/github-packages/READY-TO-UPLOAD/PUBLIC/paper-1997-05-the-full-cost-of-high-speed-rail-an-engineering-approach,data/analysis_workbooks/csv_exports/full_cost_hsr_tgv_and_system_data/HSR_DATA.csv,,Construction Cost,,mixed_numeric_text,8,(1992 billion$) | 4.16 | 7.7 | 14.37 | 8.73,,,csv,medium,"Headers inferred from first row. Delimiter `,`; sampled first 23 rows."
paper-1997-05,The Full Cost Of High-Speed Rail: An Engineering Approach,READY-TO-UPLOAD/PUBLIC,/Users/dlev2617/Documents/Code/Agents/github-packages/READY-TO-UPLOAD/PUBLIC/paper-1997-05-the-full-cost-of-high-speed-rail-an-engineering-approach,data/analysis_workbooks/csv_exports/full_cost_hsr_tgv_and_system_data/HSR_DATA.csv,,Construction Cost per,,mixed_numeric_text,8,Mile (1992 $million) | 12.023121387283236 | 19.794344473007712 | 42.8955223880597 | 41.770334928229666,,,csv,medium,"Headers inferred from first row. Delimiter `,`; sampled first 23 rows."
paper-1997-05,The Full Cost Of High-Speed Rail: An Engineering Approach,READY-TO-UPLOAD/PUBLIC,/Users/dlev2617/Documents/Code/Agents/github-packages/READY-TO-UPLOAD/PUBLIC/paper-1997-05-the-full-cost-of-high-speed-rail-an-engineering-approach,data/analysis_workbooks/csv_exports/full_cost_hsr_tgv_and_system_data/HSR_DATA.csv,,Year of Price,,numeric,4,1964.0 | 1975.0 | 1985.0,1964,1985,csv,medium,"Headers inferred from first row. Delimiter `,`; sampled first 23 rows."
paper-1997-05,The Full Cost Of High-Speed Rail: An Engineering Approach,READY-TO-UPLOAD/PUBLIC,/Users/dlev2617/Documents/Code/Agents/github-packages/READY-TO-UPLOAD/PUBLIC/paper-1997-05-the-full-cost-of-high-speed-rail-an-engineering-approach,data/analysis_workbooks/csv_exports/full_cost_hsr_tgv_and_system_data/HSR_DATA.csv,,Operating Cost,,mixed_numeric_text,7,(1992 $million) | 4433.01 | 3208.51 | 5688.51 | 2464.5,,,csv,medium,"Headers inferred from first row. Delimiter `,`; sampled first 23 rows."
paper-1997-05,The Full Cost Of High-Speed Rail: An Engineering Approach,READY-TO-UPLOAD/PUBLIC,/Users/dlev2617/Documents/Code/Agents/github-packages/READY-TO-UPLOAD/PUBLIC/paper-1997-05-the-full-cost-of-high-speed-rail-an-engineering-approach,data/analysis_workbooks/csv_exports/full_cost_hsr_tgv_and_system_data/HSR_DATA.csv,,Operating Cost per pax,,mixed_numeric_text,13,(1992 $/pax) | 37.88897435897436 | 51.75016129032259 | 111.53941176470589 | 123.225,,,csv,medium,"Headers inferred from first row. Delimiter `,`; sampled first 23 rows."
paper-1997-05,The Full Cost Of High-Speed Rail: An Engineering Approach,READY-TO-UPLOAD/PUBLIC,/Users/dlev2617/Documents/Code/Agents/github-packages/READY-TO-UPLOAD/PUBLIC/paper-1997-05-the-full-cost-of-high-speed-rail-an-engineering-approach,data/analysis_workbooks/csv_exports/full_cost_hsr_tgv_and_system_data/South-East_TGV.csv,,SOUTH-EAST TGV DATA,,text,23,Year of Operation | Energy | Drivers | Train Crews | Rolling Stock Maintenance,,,csv,medium,"Some headers were missing; generated column_N names. Delimiter `,`; sampled first 33 rows."
paper-1997-05,The Full Cost Of High-Speed Rail: An Engineering Approach,READY-TO-UPLOAD/PUBLIC,/Users/dlev2617/Documents/Code/Agents/github-packages/READY-TO-UPLOAD/PUBLIC/paper-1997-05-the-full-cost-of-high-speed-rail-an-engineering-approach,data/analysis_workbooks/csv_exports/full_cost_hsr_tgv_and_system_data/South-East_TGV.csv,,column_2,,numeric,20,1981.0 | 2.0 | 1.0 | 6.0 | 4.0,0,2800000,csv,medium,"Some headers were missing; generated column_N names. Delimiter `,`; sampled first 33 rows."
paper-1997-05,The Full Cost Of High-Speed Rail: An Engineering Approach,READY-TO-UPLOAD/PUBLIC,/Users/dlev2617/Documents/Code/Agents/github-packages/READY-TO-UPLOAD/PUBLIC/paper-1997-05-the-full-cost-of-high-speed-rail-an-engineering-approach,data/analysis_workbooks/csv_exports/full_cost_hsr_tgv_and_system_data/South-East_TGV.csv,,column_3,,mixed_numeric_text,23,1982.0 | 15.0 | 6.0 | 26.0 | 17.0,,,csv,medium,"Some headers were missing; generated column_N names. Delimiter `,`; sampled first 33 rows."
paper-1997-05,The Full Cost Of High-Speed Rail: An Engineering Approach,READY-TO-UPLOAD/PUBLIC,/Users/dlev2617/Documents/Code/Agents/github-packages/READY-TO-UPLOAD/PUBLIC/paper-1997-05-the-full-cost-of-high-speed-rail-an-engineering-approach,data/analysis_workbooks/csv_exports/full_cost_hsr_tgv_and_system_data/South-East_TGV.csv,,column_4,,numeric,22,1983.0 | 27.0 | 10.0 | 51.0 | 22.0,0,23800000,csv,medium,"Some headers were missing; generated column_N names. Delimiter `,`; sampled first 33 rows."
paper-1997-05,The Full Cost Of High-Speed Rail: An Engineering Approach,READY-TO-UPLOAD/PUBLIC,/Users/dlev2617/Documents/Code/Agents/github-packages/READY-TO-UPLOAD/PUBLIC/paper-1997-05-the-full-cost-of-high-speed-rail-an-engineering-approach,data/analysis_workbooks/csv_exports/full_cost_hsr_tgv_and_system_data/South-East_TGV.csv,,column_5,,numeric,22,1984.0 | 42.0 | 12.0 | 13.0 | 48.0,8,32200000,csv,medium,"Some headers were missing; generated column_N names. Delimiter `,`; sampled first 33 rows."
paper-1997-05,The Full Cost Of High-Speed Rail: An Engineering Approach,READY-TO-UPLOAD/PUBLIC,/Users/dlev2617/Documents/Code/Agents/github-packages/READY-TO-UPLOAD/PUBLIC/paper-1997-05-the-full-cost-of-high-speed-rail-an-engineering-approach,data/analysis_workbooks/csv_exports/full_cost_hsr_tgv_and_system_data/South-East_TGV.csv,,column_6,,mixed_numeric_text,24,1985.0 | 50.0 | 14.0 | 15.0 | 79.0,,,csv,medium,"Some headers were missing; generated column_N names. Delimiter `,`; sampled first 33 rows."
paper-1997-05,The Full Cost Of High-Speed Rail: An Engineering Approach,READY-TO-UPLOAD/PUBLIC,/Users/dlev2617/Documents/Code/Agents/github-packages/READY-TO-UPLOAD/PUBLIC/paper-1997-05-the-full-cost-of-high-speed-rail-an-engineering-approach,data/analysis_workbooks/csv_exports/full_cost_hsr_tgv_and_system_data/South-East_TGV.csv,,column_7,,mixed_numeric_text,17,1986.0 | 40.0 | 17.0 | 16.0 | 75.0,,,csv,medium,"Some headers were missing; generated column_N names. Delimiter `,`; sampled first 33 rows."
paper-1997-05,The Full Cost Of High-Speed Rail: An Engineering Approach,READY-TO-UPLOAD/PUBLIC,/Users/dlev2617/Documents/Code/Agents/github-packages/READY-TO-UPLOAD/PUBLIC/paper-1997-05-the-full-cost-of-high-speed-rail-an-engineering-approach,data/analysis_workbooks/csv_exports/full_cost_hsr_tgv_and_system_data/South-East_TGV.csv,,column_8,,numeric,14,1987.0 | 48.0 | 18.0 | 19.0 | 76.0,6,18519,csv,medium,"Some headers were missing; generated column_N names. Delimiter `,`; sampled first 33 rows."
paper-1997-05,The Full Cost Of High-Speed Rail: An Engineering Approach,READY-TO-UPLOAD/PUBLIC,/Users/dlev2617/Documents/Code/Agents/github-packages/READY-TO-UPLOAD/PUBLIC/paper-1997-05-the-full-cost-of-high-speed-rail-an-engineering-approach,data/analysis_workbooks/csv_exports/full_cost_hsr_tgv_and_system_data/South-East_TGV.csv,,column_9,,mixed_numeric_text,16,1988.0 | 52.0 | 19.0 | 20.0 | 81.0,,,csv,medium,"Some headers were missing; generated column_N names. Delimiter `,`; sampled first 33 rows."
paper-1997-05,The Full Cost Of High-Speed Rail: An Engineering Approach,READY-TO-UPLOAD/PUBLIC,/Users/dlev2617/Documents/Code/Agents/github-packages/READY-TO-UPLOAD/PUBLIC/paper-1997-05-the-full-cost-of-high-speed-rail-an-engineering-approach,data/analysis_workbooks/csv_exports/full_cost_hsr_tgv_and_system_data/South-East_TGV.csv,,column_10,,numeric,14,1989.0 | 55.0 | 20.0 | 22.0 | 87.0,7,20305,csv,medium,"Some headers were missing; generated column_N names. Delimiter `,`; sampled first 33 rows."
paper-1997-05,The Full Cost Of High-Speed Rail: An Engineering Approach,READY-TO-UPLOAD/PUBLIC,/Users/dlev2617/Documents/Code/Agents/github-packages/READY-TO-UPLOAD/PUBLIC/paper-1997-05-the-full-cost-of-high-speed-rail-an-engineering-approach,data/analysis_workbooks/csv_exports/full_cost_hsr_tgv_and_system_data/South-East_TGV.csv,,column_11,,mixed_numeric_text,15,1990.0 | 59.0 | 21.0 | 23.0 | 98.0,,,csv,medium,"Some headers were missing; generated column_N names. Delimiter `,`; sampled first 33 rows."
paper-1997-05,The Full Cost Of High-Speed Rail: An Engineering Approach,READY-TO-UPLOAD/PUBLIC,/Users/dlev2617/Documents/Code/Agents/github-packages/READY-TO-UPLOAD/PUBLIC/paper-1997-05-the-full-cost-of-high-speed-rail-an-engineering-approach,data/analysis_workbooks/csv_exports/full_cost_hsr_tgv_and_system_data/South-East_TGV.csv,,column_12,,numeric,14,1991.0 | 59.0 | 23.0 | 25.0 | 98.0,7,20343,csv,medium,"Some headers were missing; generated column_N names. Delimiter `,`; sampled first 33 rows."
paper-1997-05,The Full Cost Of High-Speed Rail: An Engineering Approach,READY-TO-UPLOAD/PUBLIC,/Users/dlev2617/Documents/Code/Agents/github-packages/READY-TO-UPLOAD/PUBLIC/paper-1997-05-the-full-cost-of-high-speed-rail-an-engineering-approach,data/analysis_workbooks/csv_exports/full_cost_hsr_tgv_and_system_data/South-East_TGV.csv,,column_13,,numeric,5,1992.0 | 19096.0 | 1099.0 | 543.0 | 20739.0,543,20739,csv,medium,"Some headers were missing; generated column_N names. Delimiter `,`; sampled first 33 rows."
paper-1997-05,The Full Cost Of High-Speed Rail: An Engineering Approach,READY-TO-UPLOAD/PUBLIC,/Users/dlev2617/Documents/Code/Agents/github-packages/READY-TO-UPLOAD/PUBLIC/paper-1997-05-the-full-cost-of-high-speed-rail-an-engineering-approach,data/analysis_workbooks/csv_exports/full_cost_hsr_tgv_and_system_data/South-East_TGV_2.csv,,SOUTH-EAST TGV BUSINESS ACCOUNT,,text,10,Year of Operation | Passenger Revenue | TGV Mail Caring Revenue | Total Revenue | Operating Costs,,,csv,medium,"Some headers were missing; generated column_N names. Delimiter `,`; sampled first 18 rows."
paper-1997-05,The Full Cost Of High-Speed Rail: An Engineering Approach,READY-TO-UPLOAD/PUBLIC,/Users/dlev2617/Documents/Code/Agents/github-packages/READY-TO-UPLOAD/PUBLIC/paper-1997-05-the-full-cost-of-high-speed-rail-an-engineering-approach,data/analysis_workbooks/csv_exports/full_cost_hsr_tgv_and_system_data/South-East_TGV_2.csv,,column_2,,numeric,10,1981.0 | 40.0 | 0.0 | 22.0 | 18.0,-26,1981,csv,medium,"Some headers were missing; generated column_N names. Delimiter `,`; sampled first 18 rows."
paper-1997-05,The Full Cost Of High-Speed Rail: An Engineering Approach,READY-TO-UPLOAD/PUBLIC,/Users/dlev2617/Documents/Code/Agents/github-packages/READY-TO-UPLOAD/PUBLIC/paper-1997-05-the-full-cost-of-high-speed-rail-an-engineering-approach,data/analysis_workbooks/csv_exports/full_cost_hsr_tgv_and_system_data/South-East_TGV_2.csv,,In Millions of 1991 US Dollars,,numeric,10,1982.0 | 219.0 | 0.0 | 96.0 | 123.0,-45,1982,csv,medium,"Some headers were missing; generated column_N names. Delimiter `,`; sampled first 18 rows."
paper-1997-05,The Full Cost Of High-Speed Rail: An Engineering Approach,READY-TO-UPLOAD/PUBLIC,/Users/dlev2617/Documents/Code/Agents/github-packages/READY-TO-UPLOAD/PUBLIC/paper-1997-05-the-full-cost-of-high-speed-rail-an-engineering-approach,data/analysis_workbooks/csv_exports/full_cost_hsr_tgv_and_system_data/South-East_TGV_2.csv,,column_4,,numeric,10,1983.0 | 368.0 | 0.0 | 165.0 | 203.0,-9,1983,csv,medium,"Some headers were missing; generated column_N names. Delimiter `,`; sampled first 18 rows."
paper-1997-05,The Full Cost Of High-Speed Rail: An Engineering Approach,READY-TO-UPLOAD/PUBLIC,/Users/dlev2617/Documents/Code/Agents/github-packages/READY-TO-UPLOAD/PUBLIC/paper-1997-05-the-full-cost-of-high-speed-rail-an-engineering-approach,data/analysis_workbooks/csv_exports/full_cost_hsr_tgv_and_system_data/South-East_TGV_2.csv,,column_5,,numeric,10,1984.0 | 559.0 | 1.0 | 560.0 | 195.0,1,1984,csv,medium,"Some headers were missing; generated column_N names. Delimiter `,`; sampled first 18 rows."
paper-1997-05,The Full Cost Of High-Speed Rail: An Engineering Approach,READY-TO-UPLOAD/PUBLIC,/Users/dlev2617/Documents/Code/Agents/github-packages/READY-TO-UPLOAD/PUBLIC/paper-1997-05-the-full-cost-of-high-speed-rail-an-engineering-approach,data/analysis_workbooks/csv_exports/full_cost_hsr_tgv_and_system_data/South-East_TGV_2.csv,,column_6,,numeric,10,1985.0 | 676.0 | 6.0 | 682.0 | 241.0,6,1985,csv,medium,"Some headers were missing; generated column_N names. Delimiter `,`; sampled first 18 rows."
paper-1997-05,The Full Cost Of High-Speed Rail: An Engineering Approach,READY-TO-UPLOAD/PUBLIC,/Users/dlev2617/Documents/Code/Agents/github-packages/READY-TO-UPLOAD/PUBLIC/paper-1997-05-the-full-cost-of-high-speed-rail-an-engineering-approach,data/analysis_workbooks/csv_exports/full_cost_hsr_tgv_and_system_data/South-East_TGV_2.csv,,column_7,,numeric,10,1986.0 | 678.0 | 6.0 | 685.0 | 256.0,6,1986,csv,medium,"Some headers were missing; generated column_N names. Delimiter `,`; sampled first 18 rows."
paper-1997-05,The Full Cost Of High-Speed Rail: An Engineering Approach,READY-TO-UPLOAD/PUBLIC,/Users/dlev2617/Documents/Code/Agents/github-packages/READY-TO-UPLOAD/PUBLIC/paper-1997-05-the-full-cost-of-high-speed-rail-an-engineering-approach,data/analysis_workbooks/csv_exports/full_cost_hsr_tgv_and_system_data/South-East_TGV_2.csv,,column_8,,numeric,10,1987.0 | 774.0 | 7.0 | 781.0 | 271.0,7,1987,csv,medium,"Some headers were missing; generated column_N names. Delimiter `,`; sampled first 18 rows."
paper-1997-05,The Full Cost Of High-Speed Rail: An Engineering Approach,READY-TO-UPLOAD/PUBLIC,/Users/dlev2617/Documents/Code/Agents/github-packages/READY-TO-UPLOAD/PUBLIC/paper-1997-05-the-full-cost-of-high-speed-rail-an-engineering-approach,data/analysis_workbooks/csv_exports/full_cost_hsr_tgv_and_system_data/South-East_TGV_2.csv,,column_9,,numeric,10,1988.0 | 828.0 | 7.0 | 835.0 | 284.0,7,1988,csv,medium,"Some headers were missing; generated column_N names. Delimiter `,`; sampled first 18 rows."
paper-1997-05,The Full Cost Of High-Speed Rail: An Engineering Approach,READY-TO-UPLOAD/PUBLIC,/Users/dlev2617/Documents/Code/Agents/github-packages/READY-TO-UPLOAD/PUBLIC/paper-1997-05-the-full-cost-of-high-speed-rail-an-engineering-approach,data/analysis_workbooks/csv_exports/full_cost_hsr_tgv_and_system_data/South-East_TGV_2.csv,,column_10,,numeric,10,1989.0 | 881.0 | 7.0 | 889.0 | 299.0,7,1989,csv,medium,"Some headers were missing; generated column_N names. Delimiter `,`; sampled first 18 rows."
paper-1997-05,The Full Cost Of High-Speed Rail: An Engineering Approach,READY-TO-UPLOAD/PUBLIC,/Users/dlev2617/Documents/Code/Agents/github-packages/READY-TO-UPLOAD/PUBLIC/paper-1997-05-the-full-cost-of-high-speed-rail-an-engineering-approach,data/analysis_workbooks/csv_exports/full_cost_hsr_tgv_and_system_data/South-East_TGV_2.csv,,column_11,,numeric,10,1990.0 | 912.0 | 8.0 | 920.0 | 308.0,8,1990,csv,medium,"Some headers were missing; generated column_N names. Delimiter `,`; sampled first 18 rows."
paper-1997-05,The Full Cost Of High-Speed Rail: An Engineering Approach,READY-TO-UPLOAD/PUBLIC,/Users/dlev2617/Documents/Code/Agents/github-packages/READY-TO-UPLOAD/PUBLIC/paper-1997-05-the-full-cost-of-high-speed-rail-an-engineering-approach,data/analysis_workbooks/csv_exports/full_cost_hsr_tgv_and_system_data/South-East_TGV_2.csv,,column_12,,numeric,10,1991.0 | 942.0 | 9.0 | 951.0 | 322.0,9,1991,csv,medium,"Some headers were missing; generated column_N names. Delimiter `,`; sampled first 18 rows."
paper-1997-05,The Full Cost Of High-Speed Rail: An Engineering Approach,READY-TO-UPLOAD/PUBLIC,/Users/dlev2617/Documents/Code/Agents/github-packages/READY-TO-UPLOAD/PUBLIC/paper-1997-05-the-full-cost-of-high-speed-rail-an-engineering-approach,data/analysis_workbooks/csv_exports/full_cost_hsr_tgv_and_system_data/TGV_Infrastructure.csv,,ASSESSMENT OF INVESTMENTS,,text,17,"INFRASTRUCTURE | Land purchase, plot regrouping, compensation payments | Preparatory work, earthworks, drainage/sanitation, roads, miscellaneous | Civil engineering structures | Road safety measures, fencing of right of way, miscellaneous",,,csv,medium,"Headers inferred from first row. Delimiter `,`; sampled first 25 rows."
paper-1997-05,The Full Cost Of High-Speed Rail: An Engineering Approach,READY-TO-UPLOAD/PUBLIC,/Users/dlev2617/Documents/Code/Agents/github-packages/READY-TO-UPLOAD/PUBLIC/paper-1997-05-the-full-cost-of-high-speed-rail-an-engineering-approach,data/analysis_workbooks/csv_exports/full_cost_hsr_tgv_and_system_data/TGV_Infrastructure.csv,,South-East TGV,,mixed_numeric_text,16,1975 MFF | 141.0 | 993.0 | 377.0 | 79.0,,,csv,medium,"Headers inferred from first row. Delimiter `,`; sampled first 25 rows."
paper-1997-05,The Full Cost Of High-Speed Rail: An Engineering Approach,READY-TO-UPLOAD/PUBLIC,/Users/dlev2617/Documents/Code/Agents/github-packages/READY-TO-UPLOAD/PUBLIC/paper-1997-05-the-full-cost-of-high-speed-rail-an-engineering-approach,data/analysis_workbooks/csv_exports/full_cost_hsr_tgv_and_system_data/TGV_Infrastructure.csv,,Atlantic TGV,,mixed_numeric_text,16,1983 MFF | 508.0 | 1269.0 | 2622.0 | 92.0,,,csv,medium,"Headers inferred from first row. Delimiter `,`; sampled first 25 rows."
paper-1997-05,The Full Cost Of High-Speed Rail: An Engineering Approach,READY-TO-UPLOAD/PUBLIC,/Users/dlev2617/Documents/Code/Agents/github-packages/READY-TO-UPLOAD/PUBLIC/paper-1997-05-the-full-cost-of-high-speed-rail-an-engineering-approach,data/analysis_workbooks/csv_exports/full_cost_hsr_tgv_and_system_data/TGV_Infrastructure.csv,,Mediterranean TGV,,mixed_numeric_text,12,1991 MFF | 1210.0 | 8500.0 | 4670.0 | 830.0,,,csv,medium,"Headers inferred from first row. Delimiter `,`; sampled first 25 rows."
paper-1997-05,The Full Cost Of High-Speed Rail: An Engineering Approach,READY-TO-UPLOAD/PUBLIC,/Users/dlev2617/Documents/Code/Agents/github-packages/READY-TO-UPLOAD/PUBLIC/paper-1997-05-the-full-cost-of-high-speed-rail-an-engineering-approach,data/analysis_workbooks/csv_exports/full_cost_hsr_tgv_and_system_data/TGV_Infrastructure.csv,,East-TGV,,mixed_numeric_text,12,1992 MFF | 1489.0 | 8383.0 | 4403.0 | 854.0,,,csv,medium,"Headers inferred from first row. Delimiter `,`; sampled first 25 rows."
paper-1997-05,The Full Cost Of High-Speed Rail: An Engineering Approach,READY-TO-UPLOAD/PUBLIC,/Users/dlev2617/Documents/Code/Agents/github-packages/READY-TO-UPLOAD/PUBLIC/paper-1997-05-the-full-cost-of-high-speed-rail-an-engineering-approach,data/analysis_workbooks/csv_exports/hsr_appendix6_d1/Sheet1.csv,,column_1,,text,50,Los Angeles | Bakersfield | Fresno | San Jose | San Francisco,,,csv,medium,"Some headers were missing; generated column_N names. Delimiter `,`; sampled first 83 rows."
paper-1997-05,The Full Cost Of High-Speed Rail: An Engineering Approach,READY-TO-UPLOAD/PUBLIC,/Users/dlev2617/Documents/Code/Agents/github-packages/READY-TO-UPLOAD/PUBLIC/paper-1997-05-the-full-cost-of-high-speed-rail-an-engineering-approach,data/analysis_workbooks/csv_exports/hsr_appendix6_d1/Sheet1.csv,,Exp,,mixed_numeric_text,59,6.0 | 6.56 | 7.38 | 8.34 | 9.19,,,csv,medium,"Some headers were missing; generated column_N names. Delimiter `,`; sampled first 83 rows."
paper-1997-05,The Full Cost Of High-Speed Rail: An Engineering Approach,READY-TO-UPLOAD/PUBLIC,/Users/dlev2617/Documents/Code/Agents/github-packages/READY-TO-UPLOAD/PUBLIC/paper-1997-05-the-full-cost-of-high-speed-rail-an-engineering-approach,data/analysis_workbooks/csv_exports/hsr_appendix6_d1/Sheet1.csv,,NS,,mixed_numeric_text,59,6.15 | | | 9.04 | Exp | 8.3,,,csv,medium,"Some headers were missing; generated column_N names. Delimiter `,`; sampled first 83 rows."
paper-1997-05,The Full Cost Of High-Speed Rail: An Engineering Approach,READY-TO-UPLOAD/PUBLIC,/Users/dlev2617/Documents/Code/Agents/github-packages/READY-TO-UPLOAD/PUBLIC/paper-1997-05-the-full-cost-of-high-speed-rail-an-engineering-approach,data/analysis_workbooks/csv_exports/hsr_appendix6_d1/Sheet1.csv,,Exp_2,,mixed_numeric_text,59,6.15 | 7.11 | 7.53 | 8.49 | 9.34,,,csv,medium,"Some headers were missing; generated column_N names. Delimiter `,`; sampled first 83 rows."
paper-1997-05,The Full Cost Of High-Speed Rail: An Engineering Approach,READY-TO-UPLOAD/PUBLIC,/Users/dlev2617/Documents/Code/Agents/github-packages/READY-TO-UPLOAD/PUBLIC/paper-1997-05-the-full-cost-of-high-speed-rail-an-engineering-approach,data/analysis_workbooks/csv_exports/hsr_appendix6_d1/Sheet1.csv,,NS_2,,mixed_numeric_text,59,6.3 | | | 9.19 | NS | 9.0,,,csv,medium,"Some headers were missing; generated column_N names. Delimiter `,`; sampled first 83 rows."
paper-1997-05,The Full Cost Of High-Speed Rail: An Engineering Approach,READY-TO-UPLOAD/PUBLIC,/Users/dlev2617/Documents/Code/Agents/github-packages/READY-TO-UPLOAD/PUBLIC/paper-1997-05-the-full-cost-of-high-speed-rail-an-engineering-approach,data/analysis_workbooks/csv_exports/hsr_appendix6_d1/Sheet1.csv,,NS_3,,mixed_numeric_text,59,6.45 | | | 9.34 | NS | 9.15,,,csv,medium,"Some headers were missing; generated column_N names. Delimiter `,`; sampled first 83 rows."
paper-1997-05,The Full Cost Of High-Speed Rail: An Engineering Approach,READY-TO-UPLOAD/PUBLIC,/Users/dlev2617/Documents/Code/Agents/github-packages/READY-TO-UPLOAD/PUBLIC/paper-1997-05-the-full-cost-of-high-speed-rail-an-engineering-approach,data/analysis_workbooks/csv_exports/hsr_appendix6_d1/Sheet1.csv,,Exp_3,,mixed_numeric_text,59,6.45 | 7.41 | 8.23 | 9.19 | 10.04,,,csv,medium,"Some headers were missing; generated column_N names. Delimiter `,`; sampled first 83 rows."
paper-1997-05,The Full Cost Of High-Speed Rail: An Engineering Approach,READY-TO-UPLOAD/PUBLIC,/Users/dlev2617/Documents/Code/Agents/github-packages/READY-TO-UPLOAD/PUBLIC/paper-1997-05-the-full-cost-of-high-speed-rail-an-engineering-approach,data/analysis_workbooks/csv_exports/hsr_appendix6_d1/Sheet1.csv,,NS_4,,mixed_numeric_text,47,7.0 | | | 9.49 | Exp | 9.3,,,csv,medium,"Some headers were missing; generated column_N names. Delimiter `,`; sampled first 83 rows."
paper-1997-05,The Full Cost Of High-Speed Rail: An Engineering Approach,READY-TO-UPLOAD/PUBLIC,/Users/dlev2617/Documents/Code/Agents/github-packages/READY-TO-UPLOAD/PUBLIC/paper-1997-05-the-full-cost-of-high-speed-rail-an-engineering-approach,data/analysis_workbooks/csv_exports/hsr_appendix6_d1/Sheet1.csv,,Exp_4,,mixed_numeric_text,47,7.0 | 7.56 | 8.38 | 9.34 | 10.19,,,csv,medium,"Some headers were missing; generated column_N names. Delimiter `,`; sampled first 83 rows."
paper-1997-05,The Full Cost Of High-Speed Rail: An Engineering Approach,READY-TO-UPLOAD/PUBLIC,/Users/dlev2617/Documents/Code/Agents/github-packages/READY-TO-UPLOAD/PUBLIC/paper-1997-05-the-full-cost-of-high-speed-rail-an-engineering-approach,data/analysis_workbooks/csv_exports/hsr_appendix6_d1/Sheet1.csv,,NS_5,,mixed_numeric_text,47,7.3 | | | 10.19 | Exp | 10.15,,,csv,medium,"Some headers were missing; generated column_N names. Delimiter `,`; sampled first 83 rows."
paper-1997-05,The Full Cost Of High-Speed Rail: An Engineering Approach,READY-TO-UPLOAD/PUBLIC,/Users/dlev2617/Documents/Code/Agents/github-packages/READY-TO-UPLOAD/PUBLIC/paper-1997-05-the-full-cost-of-high-speed-rail-an-engineering-approach,data/analysis_workbooks/csv_exports/hsr_appendix6_d1/Sheet1.csv,,NS_6,,mixed_numeric_text,47,7.45 | | | 10.34 | NS | 10.45,,,csv,medium,"Some headers were missing; generated column_N names. Delimiter `,`; sampled first 83 rows."
paper-1997-05,The Full Cost Of High-Speed Rail: An Engineering Approach,READY-TO-UPLOAD/PUBLIC,/Users/dlev2617/Documents/Code/Agents/github-packages/READY-TO-UPLOAD/PUBLIC/paper-1997-05-the-full-cost-of-high-speed-rail-an-engineering-approach,data/analysis_workbooks/csv_exports/hsr_appendix6_d1/Sheet1.csv,,Exp_5,,mixed_numeric_text,47,7.45 | 8.41 | 9.23 | 10.19 | 11.04,,,csv,medium,"Some headers were missing; generated column_N names. Delimiter `,`; sampled first 83 rows."
paper-1997-05,The Full Cost Of High-Speed Rail: An Engineering Approach,READY-TO-UPLOAD/PUBLIC,/Users/dlev2617/Documents/Code/Agents/github-packages/READY-TO-UPLOAD/PUBLIC/paper-1997-05-the-full-cost-of-high-speed-rail-an-engineering-approach,data/analysis_workbooks/csv_exports/hsr_appendix6_d1/Sheet1.csv,,NS_7,,mixed_numeric_text,47,8.15 | | | 11.04 | Exp | 11.15,,,csv,medium,"Some headers were missing; generated column_N names. Delimiter `,`; sampled first 83 rows."
paper-1997-05,The Full Cost Of High-Speed Rail: An Engineering Approach,READY-TO-UPLOAD/PUBLIC,/Users/dlev2617/Documents/Code/Agents/github-packages/READY-TO-UPLOAD/PUBLIC/paper-1997-05-the-full-cost-of-high-speed-rail-an-engineering-approach,data/analysis_workbooks/csv_exports/hsr_appendix6_d2/Trainset.csv,,Trainset # :,,numeric,19,1.0 | 2.0 | 3.0 | 4.0 | 5.0,1,19,csv,medium,"Some headers were missing; generated column_N names. Delimiter `,`; sampled first 77 rows."
paper-1997-05,The Full Cost Of High-Speed Rail: An Engineering Approach,READY-TO-UPLOAD/PUBLIC,/Users/dlev2617/Documents/Code/Agents/github-packages/READY-TO-UPLOAD/PUBLIC/paper-1997-05-the-full-cost-of-high-speed-rail-an-engineering-approach,data/analysis_workbooks/csv_exports/hsr_appendix6_d2/Trainset.csv,,SF-LA,,numeric,57,5.3 | 8.49 | 9.49 | 6.0 | 9.19,5.3,13.49,csv,medium,"Some headers were missing; generated column_N names. Delimiter `,`; sampled first 77 rows."
paper-1997-05,The Full Cost Of High-Speed Rail: An Engineering Approach,READY-TO-UPLOAD/PUBLIC,/Users/dlev2617/Documents/Code/Agents/github-packages/READY-TO-UPLOAD/PUBLIC/paper-1997-05-the-full-cost-of-high-speed-rail-an-engineering-approach,data/analysis_workbooks/csv_exports/hsr_appendix6_d2/Trainset.csv,,LA-SF,,numeric,57,10.0 | 12.49 | 13.49 | 10.45 | 13.34,10,21.19,csv,medium,"Some headers were missing; generated column_N names. Delimiter `,`; sampled first 77 rows."
paper-1997-05,The Full Cost Of High-Speed Rail: An Engineering Approach,READY-TO-UPLOAD/PUBLIC,/Users/dlev2617/Documents/Code/Agents/github-packages/READY-TO-UPLOAD/PUBLIC/paper-1997-05-the-full-cost-of-high-speed-rail-an-engineering-approach,data/analysis_workbooks/csv_exports/hsr_appendix6_d2/Trainset.csv,,SF-LA_2,,numeric,27,14.0 | 16.49 | 17.49 | 14.45 | 17.34,14,23.34,csv,medium,"Some headers were missing; generated column_N names. Delimiter `,`; sampled first 77 rows."
paper-1997-05,The Full Cost Of High-Speed Rail: An Engineering Approach,READY-TO-UPLOAD/PUBLIC,/Users/dlev2617/Documents/Code/Agents/github-packages/READY-TO-UPLOAD/PUBLIC/paper-1997-05-the-full-cost-of-high-speed-rail-an-engineering-approach,data/analysis_workbooks/csv_exports/hsr_appendix6_d2/Trainset.csv,,LA-SF_2,,numeric,18,18.15 | 21.04 | 22.04 | 19.0 | 21.49,18.15,25.34,csv,medium,"Some headers were missing; generated column_N names. Delimiter `,`; sampled first 77 rows."
paper-1997-05,The Full Cost Of High-Speed Rail: An Engineering Approach,READY-TO-UPLOAD/PUBLIC,/Users/dlev2617/Documents/Code/Agents/github-packages/READY-TO-UPLOAD/PUBLIC/paper-1997-05-the-full-cost-of-high-speed-rail-an-engineering-approach,data/analysis_workbooks/csv_exports/hsr_appendix6_d2/Trainset.csv,,Trainset # :_2,,numeric,19,20.0 | 21.0 | 22.0 | 23.0 | 24.0,20,38,csv,medium,"Some headers were missing; generated column_N names. Delimiter `,`; sampled first 77 rows."
paper-1997-05,The Full Cost Of High-Speed Rail: An Engineering Approach,READY-TO-UPLOAD/PUBLIC,/Users/dlev2617/Documents/Code/Agents/github-packages/READY-TO-UPLOAD/PUBLIC/paper-1997-05-the-full-cost-of-high-speed-rail-an-engineering-approach,data/analysis_workbooks/csv_exports/hsr_appendix6_d2/Trainset.csv,,LA-SF_3,,numeric,57,6.0 | 9.19 | 10.19 | 6.15 | 9.04,6,13.49,csv,medium,"Some headers were missing; generated column_N names. Delimiter `,`; sampled first 77 rows."
paper-1997-05,The Full Cost Of High-Speed Rail: An Engineering Approach,READY-TO-UPLOAD/PUBLIC,/Users/dlev2617/Documents/Code/Agents/github-packages/READY-TO-UPLOAD/PUBLIC/paper-1997-05-the-full-cost-of-high-speed-rail-an-engineering-approach,data/analysis_workbooks/csv_exports/hsr_appendix6_d2/Trainset.csv,,SF-LA_3,,numeric,57,10.45 | 13.34 | 14.34 | 10.15 | 11.0,10.15,22.04,csv,medium,"Some headers were missing; generated column_N names. Delimiter `,`; sampled first 77 rows."
paper-1997-05,The Full Cost Of High-Speed Rail: An Engineering Approach,READY-TO-UPLOAD/PUBLIC,/Users/dlev2617/Documents/Code/Agents/github-packages/READY-TO-UPLOAD/PUBLIC/paper-1997-05-the-full-cost-of-high-speed-rail-an-engineering-approach,data/analysis_workbooks/csv_exports/hsr_appendix6_d2/Trainset.csv,,LA-SF_4,,numeric,30,14.45 | 17.34 | 18.34 | 15.0 | 18.19,14.45,23.34,csv,medium,"Some headers were missing; generated column_N names. Delimiter `,`; sampled first 77 rows."
paper-1997-05,The Full Cost Of High-Speed Rail: An Engineering Approach,READY-TO-UPLOAD/PUBLIC,/Users/dlev2617/Documents/Code/Agents/github-packages/READY-TO-UPLOAD/PUBLIC/paper-1997-05-the-full-cost-of-high-speed-rail-an-engineering-approach,data/analysis_workbooks/csv_exports/hsr_appendix6_d2/Trainset.csv,,SF-LA_4,,numeric,21,19.0 | 21.49 | 22.49 | 19.45 | 22.34,19,25.19,csv,medium,"Some headers were missing; generated column_N names. Delimiter `,`; sampled first 77 rows."
paper-1997-05,The Full Cost Of High-Speed Rail: An Engineering Approach,READY-TO-UPLOAD/PUBLIC,/Users/dlev2617/Documents/Code/Agents/github-packages/READY-TO-UPLOAD/PUBLIC/paper-1997-05-the-full-cost-of-high-speed-rail-an-engineering-approach,data/analysis_workbooks/csv_exports/hsr_appendix6_d2/Trainset.csv,,column_11,,empty,0,,,,csv,medium,"Some headers were missing; generated column_N names. Delimiter `,`; sampled first 77 rows."
paper-1997-05,The Full Cost Of High-Speed Rail: An Engineering Approach,READY-TO-UPLOAD/PUBLIC,/Users/dlev2617/Documents/Code/Agents/github-packages/READY-TO-UPLOAD/PUBLIC/paper-1997-05-the-full-cost-of-high-speed-rail-an-engineering-approach,data/analysis_workbooks/csv_exports/hsr_appendix6_d2/Trainset.csv,,column_12,,empty,0,,,,csv,medium,"Some headers were missing; generated column_N names. Delimiter `,`; sampled first 77 rows."
paper-1997-05,The Full Cost Of High-Speed Rail: An Engineering Approach,READY-TO-UPLOAD/PUBLIC,/Users/dlev2617/Documents/Code/Agents/github-packages/READY-TO-UPLOAD/PUBLIC/paper-1997-05-the-full-cost-of-high-speed-rail-an-engineering-approach,data/analysis_workbooks/csv_exports/hsr_appendix6_d2/Trainset.csv,,column_13,,empty,0,,,,csv,medium,"Some headers were missing; generated column_N names. Delimiter `,`; sampled first 77 rows."
paper-1997-05,The Full Cost Of High-Speed Rail: An Engineering Approach,READY-TO-UPLOAD/PUBLIC,/Users/dlev2617/Documents/Code/Agents/github-packages/READY-TO-UPLOAD/PUBLIC/paper-1997-05-the-full-cost-of-high-speed-rail-an-engineering-approach,data/analysis_workbooks/csv_exports/hsr_appendix6_d2/Trainset.csv,,column_14,,empty,0,,,,csv,medium,"Some headers were missing; generated column_N names. Delimiter `,`; sampled first 77 rows."
paper-1997-05,The Full Cost Of High-Speed Rail: An Engineering Approach,READY-TO-UPLOAD/PUBLIC,/Users/dlev2617/Documents/Code/Agents/github-packages/READY-TO-UPLOAD/PUBLIC/paper-1997-05-the-full-cost-of-high-speed-rail-an-engineering-approach,data/analysis_workbooks/csv_exports/hsr_appendix6_d2/Trainset.csv,,column_15,,empty,0,,,,csv,medium,"Some headers were missing; generated column_N names. Delimiter `,`; sampled first 77 rows."
paper-1997-05,The Full Cost Of High-Speed Rail: An Engineering Approach,READY-TO-UPLOAD/PUBLIC,/Users/dlev2617/Documents/Code/Agents/github-packages/READY-TO-UPLOAD/PUBLIC/paper-1997-05-the-full-cost-of-high-speed-rail-an-engineering-approach,data/analysis_workbooks/csv_exports/hsr_appendix6_d2/Trainset.csv,,column_16,,empty,0,,,,csv,medium,"Some headers were missing; generated column_N names. Delimiter `,`; sampled first 77 rows."
paper-1997-05,The Full Cost Of High-Speed Rail: An Engineering Approach,READY-TO-UPLOAD/PUBLIC,/Users/dlev2617/Documents/Code/Agents/github-packages/READY-TO-UPLOAD/PUBLIC/paper-1997-05-the-full-cost-of-high-speed-rail-an-engineering-approach,data/analysis_workbooks/csv_exports/hsr_appendix6_d2/Trainset.csv,,column_17,,empty,0,,,,csv,medium,"Some headers were missing; generated column_N names. Delimiter `,`; sampled first 77 rows."
paper-1997-05,The Full Cost Of High-Speed Rail: An Engineering Approach,READY-TO-UPLOAD/PUBLIC,/Users/dlev2617/Documents/Code/Agents/github-packages/READY-TO-UPLOAD/PUBLIC/paper-1997-05-the-full-cost-of-high-speed-rail-an-engineering-approach,data/analysis_workbooks/csv_exports/hsr_appendix6_d2/Trainset.csv,,column_18,,empty,0,,,,csv,medium,"Some headers were missing; generated column_N names. Delimiter `,`; sampled first 77 rows."
paper-1997-05,The Full Cost Of High-Speed Rail: An Engineering Approach,READY-TO-UPLOAD/PUBLIC,/Users/dlev2617/Documents/Code/Agents/github-packages/READY-TO-UPLOAD/PUBLIC/paper-1997-05-the-full-cost-of-high-speed-rail-an-engineering-approach,data/analysis_workbooks/csv_exports/hsr_appendix6_d2/Trainset.csv,,column_19,,empty,0,,,,csv,medium,"Some headers were missing; generated column_N names. Delimiter `,`; sampled first 77 rows."
paper-1997-05,The Full Cost Of High-Speed Rail: An Engineering Approach,READY-TO-UPLOAD/PUBLIC,/Users/dlev2617/Documents/Code/Agents/github-packages/READY-TO-UPLOAD/PUBLIC/paper-1997-05-the-full-cost-of-high-speed-rail-an-engineering-approach,data/analysis_workbooks/csv_exports/hsr_appendix6_d2/Trainset.csv,,column_20,,empty,0,,,,csv,medium,"Some headers were missing; generated column_N names. Delimiter `,`; sampled first 77 rows."
paper-1997-05,The Full Cost Of High-Speed Rail: An Engineering Approach,READY-TO-UPLOAD/PUBLIC,/Users/dlev2617/Documents/Code/Agents/github-packages/READY-TO-UPLOAD/PUBLIC/paper-1997-05-the-full-cost-of-high-speed-rail-an-engineering-approach,data/analysis_workbooks/csv_exports/hsr_appendix6_d2/Trainset.csv,,column_21,,empty,0,,,,csv,medium,"Some headers were missing; generated column_N names. Delimiter `,`; sampled first 77 rows."
paper-1997-05,The Full Cost Of High-Speed Rail: An Engineering Approach,READY-TO-UPLOAD/PUBLIC,/Users/dlev2617/Documents/Code/Agents/github-packages/READY-TO-UPLOAD/PUBLIC/paper-1997-05-the-full-cost-of-high-speed-rail-an-engineering-approach,data/analysis_workbooks/csv_exports/hsr_appendix6_d2/Trainset.csv,,column_22,,empty,0,,,,csv,medium,"Some headers were missing; generated column_N names. Delimiter `,`; sampled first 77 rows."
paper-1997-05,The Full Cost Of High-Speed Rail: An Engineering Approach,READY-TO-UPLOAD/PUBLIC,/Users/dlev2617/Documents/Code/Agents/github-packages/READY-TO-UPLOAD/PUBLIC/paper-1997-05-the-full-cost-of-high-speed-rail-an-engineering-approach,data/analysis_workbooks/csv_exports/hsr_appendix6_d2/Trainset.csv,,column_23,,empty,0,,,,csv,medium,"Some headers were missing; generated column_N names. Delimiter `,`; sampled first 77 rows."
paper-1997-05,The Full Cost Of High-Speed Rail: An Engineering Approach,READY-TO-UPLOAD/PUBLIC,/Users/dlev2617/Documents/Code/Agents/github-packages/READY-TO-UPLOAD/PUBLIC/paper-1997-05-the-full-cost-of-high-speed-rail-an-engineering-approach,data/analysis_workbooks/csv_exports/hsr_appendix6_d2/Trainset.csv,,column_24,,empty,0,,,,csv,medium,"Some headers were missing; generated column_N names. Delimiter `,`; sampled first 77 rows."
paper-1997-05,The Full Cost Of High-Speed Rail: An Engineering Approach,READY-TO-UPLOAD/PUBLIC,/Users/dlev2617/Documents/Code/Agents/github-packages/READY-TO-UPLOAD/PUBLIC/paper-1997-05-the-full-cost-of-high-speed-rail-an-engineering-approach,data/analysis_workbooks/csv_exports/hsr_appendix6_d2/Trainset.csv,,column_25,,empty,0,,,,csv,medium,"Some headers were missing; generated column_N names. Delimiter `,`; sampled first 77 rows."
paper-1997-05,The Full Cost Of High-Speed Rail: An Engineering Approach,READY-TO-UPLOAD/PUBLIC,/Users/dlev2617/Documents/Code/Agents/github-packages/READY-TO-UPLOAD/PUBLIC/paper-1997-05-the-full-cost-of-high-speed-rail-an-engineering-approach,data/analysis_workbooks/csv_exports/hsr_appendix6_d2/Trainset.csv,,column_26,,numeric,3,0.0,0,0,csv,medium,"Some headers were missing; generated column_N names. Delimiter `,`; sampled first 77 rows."
paper-1997-05,The Full Cost Of High-Speed Rail: An Engineering Approach,READY-TO-UPLOAD/PUBLIC,/Users/dlev2617/Documents/Code/Agents/github-packages/READY-TO-UPLOAD/PUBLIC/paper-1997-05-the-full-cost-of-high-speed-rail-an-engineering-approach,data/analysis_workbooks/csv_exports/hsr_appendix6_d2/Trainset.csv,,column_27,,empty,0,,,,csv,medium,"Some headers were missing; generated column_N names. Delimiter `,`; sampled first 77 rows."
paper-1997-05,The Full Cost Of High-Speed Rail: An Engineering Approach,READY-TO-UPLOAD/PUBLIC,/Users/dlev2617/Documents/Code/Agents/github-packages/READY-TO-UPLOAD/PUBLIC/paper-1997-05-the-full-cost-of-high-speed-rail-an-engineering-approach,data/analysis_workbooks/csv_exports/hsr_appendix6_d2/Trainset.csv,,column_28,,empty,0,,,,csv,medium,"Some headers were missing; generated column_N names. Delimiter `,`; sampled first 77 rows."
paper-1997-05,The Full Cost Of High-Speed Rail: An Engineering Approach,READY-TO-UPLOAD/PUBLIC,/Users/dlev2617/Documents/Code/Agents/github-packages/READY-TO-UPLOAD/PUBLIC/paper-1997-05-the-full-cost-of-high-speed-rail-an-engineering-approach,data/analysis_workbooks/csv_exports/hsr_appendix6_d2/Trainset.csv,,column_29,,empty,0,,,,csv,medium,"Some headers were missing; generated column_N names. Delimiter `,`; sampled first 77 rows."
paper-1997-05,The Full Cost Of High-Speed Rail: An Engineering Approach,READY-TO-UPLOAD/PUBLIC,/Users/dlev2617/Documents/Code/Agents/github-packages/READY-TO-UPLOAD/PUBLIC/paper-1997-05-the-full-cost-of-high-speed-rail-an-engineering-approach,data/analysis_workbooks/csv_exports/hsr_appendix6_d2/Trainset.csv,,column_30,,empty,0,,,,csv,medium,"Some headers were missing; generated column_N names. Delimiter `,`; sampled first 77 rows."
paper-1997-05,The Full Cost Of High-Speed Rail: An Engineering Approach,READY-TO-UPLOAD/PUBLIC,/Users/dlev2617/Documents/Code/Agents/github-packages/READY-TO-UPLOAD/PUBLIC/paper-1997-05-the-full-cost-of-high-speed-rail-an-engineering-approach,data/analysis_workbooks/csv_exports/hsr_appendix6_d2/Trainset.csv,,column_31,,empty,0,,,,csv,medium,"Some headers were missing; generated column_N names. Delimiter `,`; sampled first 77 rows."
paper-1997-05,The Full Cost Of High-Speed Rail: An Engineering Approach,READY-TO-UPLOAD/PUBLIC,/Users/dlev2617/Documents/Code/Agents/github-packages/READY-TO-UPLOAD/PUBLIC/paper-1997-05-the-full-cost-of-high-speed-rail-an-engineering-approach,data/analysis_workbooks/csv_exports/hsr_appendix6_d2/Trainset.csv,,column_32,,empty,0,,,,csv,medium,"Some headers were missing; generated column_N names. Delimiter `,`; sampled first 77 rows."
paper-1997-05,The Full Cost Of High-Speed Rail: An Engineering Approach,READY-TO-UPLOAD/PUBLIC,/Users/dlev2617/Documents/Code/Agents/github-packages/READY-TO-UPLOAD/PUBLIC/paper-1997-05-the-full-cost-of-high-speed-rail-an-engineering-approach,data/analysis_workbooks/csv_exports/hsr_appendix6_d2/Trainset.csv,,column_33,,empty,0,,,,csv,medium,"Some headers were missing; generated column_N names. Delimiter `,`; sampled first 77 rows."
paper-1997-05,The Full Cost Of High-Speed Rail: An Engineering Approach,READY-TO-UPLOAD/PUBLIC,/Users/dlev2617/Documents/Code/Agents/github-packages/READY-TO-UPLOAD/PUBLIC/paper-1997-05-the-full-cost-of-high-speed-rail-an-engineering-approach,data/analysis_workbooks/csv_exports/hsr_appendix6_d2/Trainset.csv,,column_34,,empty,0,,,,csv,medium,"Some headers were missing; generated column_N names. Delimiter `,`; sampled first 77 rows."
paper-1997-05,The Full Cost Of High-Speed Rail: An Engineering Approach,READY-TO-UPLOAD/PUBLIC,/Users/dlev2617/Documents/Code/Agents/github-packages/READY-TO-UPLOAD/PUBLIC/paper-1997-05-the-full-cost-of-high-speed-rail-an-engineering-approach,data/analysis_workbooks/csv_exports/hsr_appendix6_d2/Trainset.csv,,column_35,,empty,0,,,,csv,medium,"Some headers were missing; generated column_N names. Delimiter `,`; sampled first 77 rows."
paper-1997-05,The Full Cost Of High-Speed Rail: An Engineering Approach,READY-TO-UPLOAD/PUBLIC,/Users/dlev2617/Documents/Code/Agents/github-packages/READY-TO-UPLOAD/PUBLIC/paper-1997-05-the-full-cost-of-high-speed-rail-an-engineering-approach,data/analysis_workbooks/csv_exports/hsr_appendix6_d2/Trainset.csv,,column_36,,empty,0,,,,csv,medium,"Some headers were missing; generated column_N names. Delimiter `,`; sampled first 77 rows."
paper-1997-05,The Full Cost Of High-Speed Rail: An Engineering Approach,READY-TO-UPLOAD/PUBLIC,/Users/dlev2617/Documents/Code/Agents/github-packages/READY-TO-UPLOAD/PUBLIC/paper-1997-05-the-full-cost-of-high-speed-rail-an-engineering-approach,data/analysis_workbooks/csv_exports/hsr_appendix6_d2/Trainset.csv,,column_37,,empty,0,,,,csv,medium,"Some headers were missing; generated column_N names. Delimiter `,`; sampled first 77 rows."
paper-1997-05,The Full Cost Of High-Speed Rail: An Engineering Approach,READY-TO-UPLOAD/PUBLIC,/Users/dlev2617/Documents/Code/Agents/github-packages/READY-TO-UPLOAD/PUBLIC/paper-1997-05-the-full-cost-of-high-speed-rail-an-engineering-approach,data/analysis_workbooks/csv_exports/hsr_appendix6_d2/Trainset.csv,,column_38,,empty,0,,,,csv,medium,"Some headers were missing; generated column_N names. Delimiter `,`; sampled first 77 rows."
paper-1997-05,The Full Cost Of High-Speed Rail: An Engineering Approach,READY-TO-UPLOAD/PUBLIC,/Users/dlev2617/Documents/Code/Agents/github-packages/READY-TO-UPLOAD/PUBLIC/paper-1997-05-the-full-cost-of-high-speed-rail-an-engineering-approach,data/analysis_workbooks/csv_exports/hsr_appendix6_d2/Trainset.csv,,column_39,,empty,0,,,,csv,medium,"Some headers were missing; generated column_N names. Delimiter `,`; sampled first 77 rows."
paper-1997-05,The Full Cost Of High-Speed Rail: An Engineering Approach,READY-TO-UPLOAD/PUBLIC,/Users/dlev2617/Documents/Code/Agents/github-packages/READY-TO-UPLOAD/PUBLIC/paper-1997-05-the-full-cost-of-high-speed-rail-an-engineering-approach,data/analysis_workbooks/csv_exports/hsr_appendix6_d2/Trainset.csv,,column_40,,empty,0,,,,csv,medium,"Some headers were missing; generated column_N names. Delimiter `,`; sampled first 77 rows."
paper-1997-05,The Full Cost Of High-Speed Rail: An Engineering Approach,READY-TO-UPLOAD/PUBLIC,/Users/dlev2617/Documents/Code/Agents/github-packages/READY-TO-UPLOAD/PUBLIC/paper-1997-05-the-full-cost-of-high-speed-rail-an-engineering-approach,data/analysis_workbooks/csv_exports/hsr_appendix6_d2/Trainset.csv,,column_41,,empty,0,,,,csv,medium,"Some headers were missing; generated column_N names. Delimiter `,`; sampled first 77 rows."
paper-1997-05,The Full Cost Of High-Speed Rail: An Engineering Approach,READY-TO-UPLOAD/PUBLIC,/Users/dlev2617/Documents/Code/Agents/github-packages/READY-TO-UPLOAD/PUBLIC/paper-1997-05-the-full-cost-of-high-speed-rail-an-engineering-approach,data/analysis_workbooks/csv_exports/hsr_appendix6_d2/Trainset.csv,,column_42,,empty,0,,,,csv,medium,"Some headers were missing; generated column_N names. Delimiter `,`; sampled first 77 rows."
paper-1997-05,The Full Cost Of High-Speed Rail: An Engineering Approach,READY-TO-UPLOAD/PUBLIC,/Users/dlev2617/Documents/Code/Agents/github-packages/READY-TO-UPLOAD/PUBLIC/paper-1997-05-the-full-cost-of-high-speed-rail-an-engineering-approach,data/analysis_workbooks/csv_exports/hsr_appendix6_d2/Trainset.csv,,column_43,,empty,0,,,,csv,medium,"Some headers were missing; generated column_N names. Delimiter `,`; sampled first 77 rows."
paper-1997-05,The Full Cost Of High-Speed Rail: An Engineering Approach,READY-TO-UPLOAD/PUBLIC,/Users/dlev2617/Documents/Code/Agents/github-packages/READY-TO-UPLOAD/PUBLIC/paper-1997-05-the-full-cost-of-high-speed-rail-an-engineering-approach,data/analysis_workbooks/csv_exports/hsr_appendix6_d2/Trainset.csv,,column_44,,empty,0,,,,csv,medium,"Some headers were missing; generated column_N names. Delimiter `,`; sampled first 77 rows."
paper-1997-05,The Full Cost Of High-Speed Rail: An Engineering Approach,READY-TO-UPLOAD/PUBLIC,/Users/dlev2617/Documents/Code/Agents/github-packages/READY-TO-UPLOAD/PUBLIC/paper-1997-05-the-full-cost-of-high-speed-rail-an-engineering-approach,data/analysis_workbooks/csv_exports/hsr_appendix6_d2/Trainset.csv,,column_45,,empty,0,,,,csv,medium,"Some headers were missing; generated column_N names. Delimiter `,`; sampled first 77 rows."
paper-1997-05,The Full Cost Of High-Speed Rail: An Engineering Approach,READY-TO-UPLOAD/PUBLIC,/Users/dlev2617/Documents/Code/Agents/github-packages/READY-TO-UPLOAD/PUBLIC/paper-1997-05-the-full-cost-of-high-speed-rail-an-engineering-approach,data/analysis_workbooks/csv_exports/hsr_appendix6_d2/Trainset.csv,,column_46,,empty,0,,,,csv,medium,"Some headers were missing; generated column_N names. Delimiter `,`; sampled first 77 rows."
paper-1997-05,The Full Cost Of High-Speed Rail: An Engineering Approach,READY-TO-UPLOAD/PUBLIC,/Users/dlev2617/Documents/Code/Agents/github-packages/READY-TO-UPLOAD/PUBLIC/paper-1997-05-the-full-cost-of-high-speed-rail-an-engineering-approach,data/analysis_workbooks/csv_exports/hsr_appendix6_d2/Trainset.csv,,column_47,,empty,0,,,,csv,medium,"Some headers were missing; generated column_N names. Delimiter `,`; sampled first 77 rows."
paper-1997-05,The Full Cost Of High-Speed Rail: An Engineering Approach,READY-TO-UPLOAD/PUBLIC,/Users/dlev2617/Documents/Code/Agents/github-packages/READY-TO-UPLOAD/PUBLIC/paper-1997-05-the-full-cost-of-high-speed-rail-an-engineering-approach,data/analysis_workbooks/csv_exports/hsr_appendix6_d2/Trainset.csv,,column_48,,empty,0,,,,csv,medium,"Some headers were missing; generated column_N names. Delimiter `,`; sampled first 77 rows."
paper-1997-05,The Full Cost Of High-Speed Rail: An Engineering Approach,READY-TO-UPLOAD/PUBLIC,/Users/dlev2617/Documents/Code/Agents/github-packages/READY-TO-UPLOAD/PUBLIC/paper-1997-05-the-full-cost-of-high-speed-rail-an-engineering-approach,data/analysis_workbooks/csv_exports/hsr_appendix6_d2/Trainset.csv,,column_49,,empty,0,,,,csv,medium,"Some headers were missing; generated column_N names. Delimiter `,`; sampled first 77 rows."
paper-1997-05,The Full Cost Of High-Speed Rail: An Engineering Approach,READY-TO-UPLOAD/PUBLIC,/Users/dlev2617/Documents/Code/Agents/github-packages/READY-TO-UPLOAD/PUBLIC/paper-1997-05-the-full-cost-of-high-speed-rail-an-engineering-approach,data/analysis_workbooks/csv_exports/hsr_appendix6_d2/Trainset.csv,,column_50,,empty,0,,,,csv,medium,"Some headers were missing; generated column_N names. Delimiter `,`; sampled first 77 rows."
paper-1997-05,The Full Cost Of High-Speed Rail: An Engineering Approach,READY-TO-UPLOAD/PUBLIC,/Users/dlev2617/Documents/Code/Agents/github-packages/READY-TO-UPLOAD/PUBLIC/paper-1997-05-the-full-cost-of-high-speed-rail-an-engineering-approach,data/analysis_workbooks/csv_exports/hsr_appendix6_d2/Trainset.csv,,column_51,,empty,0,,,,csv,medium,"Some headers were missing; generated column_N names. Delimiter `,`; sampled first 77 rows."
paper-1997-05,The Full Cost Of High-Speed Rail: An Engineering Approach,READY-TO-UPLOAD/PUBLIC,/Users/dlev2617/Documents/Code/Agents/github-packages/READY-TO-UPLOAD/PUBLIC/paper-1997-05-the-full-cost-of-high-speed-rail-an-engineering-approach,data/analysis_workbooks/csv_exports/hsr_appendix6_d2/Trainset.csv,,column_52,,empty,0,,,,csv,medium,"Some headers were missing; generated column_N names. Delimiter `,`; sampled first 77 rows."
paper-1997-05,The Full Cost Of High-Speed Rail: An Engineering Approach,READY-TO-UPLOAD/PUBLIC,/Users/dlev2617/Documents/Code/Agents/github-packages/READY-TO-UPLOAD/PUBLIC/paper-1997-05-the-full-cost-of-high-speed-rail-an-engineering-approach,data/analysis_workbooks/csv_exports/hsr_appendix6_d2/Trainset.csv,,column_53,,empty,0,,,,csv,medium,"Some headers were missing; generated column_N names. Delimiter `,`; sampled first 77 rows."
paper-1997-05,The Full Cost Of High-Speed Rail: An Engineering Approach,READY-TO-UPLOAD/PUBLIC,/Users/dlev2617/Documents/Code/Agents/github-packages/READY-TO-UPLOAD/PUBLIC/paper-1997-05-the-full-cost-of-high-speed-rail-an-engineering-approach,data/analysis_workbooks/csv_exports/hsr_appendix6_d2/Trainset.csv,,column_54,,empty,0,,,,csv,medium,"Some headers were missing; generated column_N names. Delimiter `,`; sampled first 77 rows."
paper-1997-05,The Full Cost Of High-Speed Rail: An Engineering Approach,READY-TO-UPLOAD/PUBLIC,/Users/dlev2617/Documents/Code/Agents/github-packages/READY-TO-UPLOAD/PUBLIC/paper-1997-05-the-full-cost-of-high-speed-rail-an-engineering-approach,data/analysis_workbooks/csv_exports/hsr_appendix6_d2/Trainset.csv,,column_55,,empty,0,,,,csv,medium,"Some headers were missing; generated column_N names. Delimiter `,`; sampled first 77 rows."
paper-1997-05,The Full Cost Of High-Speed Rail: An Engineering Approach,READY-TO-UPLOAD/PUBLIC,/Users/dlev2617/Documents/Code/Agents/github-packages/READY-TO-UPLOAD/PUBLIC/paper-1997-05-the-full-cost-of-high-speed-rail-an-engineering-approach,data/analysis_workbooks/csv_exports/hsr_appendix6_d2/Trainset.csv,,column_56,,empty,0,,,,csv,medium,"Some headers were missing; generated column_N names. Delimiter `,`; sampled first 77 rows."
paper-1997-05,The Full Cost Of High-Speed Rail: An Engineering Approach,READY-TO-UPLOAD/PUBLIC,/Users/dlev2617/Documents/Code/Agents/github-packages/READY-TO-UPLOAD/PUBLIC/paper-1997-05-the-full-cost-of-high-speed-rail-an-engineering-approach,data/analysis_workbooks/csv_exports/hsr_appendix6_d2/Trainset.csv,,column_57,,empty,0,,,,csv,medium,"Some headers were missing; generated column_N names. Delimiter `,`; sampled first 77 rows."
paper-1997-05,The Full Cost Of High-Speed Rail: An Engineering Approach,READY-TO-UPLOAD/PUBLIC,/Users/dlev2617/Documents/Code/Agents/github-packages/READY-TO-UPLOAD/PUBLIC/paper-1997-05-the-full-cost-of-high-speed-rail-an-engineering-approach,data/analysis_workbooks/csv_exports/hsr_appendix6_d2/Trainset.csv,,column_58,,empty,0,,,,csv,medium,"Some headers were missing; generated column_N names. Delimiter `,`; sampled first 77 rows."
paper-1997-05,The Full Cost Of High-Speed Rail: An Engineering Approach,READY-TO-UPLOAD/PUBLIC,/Users/dlev2617/Documents/Code/Agents/github-packages/READY-TO-UPLOAD/PUBLIC/paper-1997-05-the-full-cost-of-high-speed-rail-an-engineering-approach,data/analysis_workbooks/csv_exports/hsr_appendix6_d2/Trainset.csv,,column_59,,empty,0,,,,csv,medium,"Some headers were missing; generated column_N names. Delimiter `,`; sampled first 77 rows."
paper-1997-05,The Full Cost Of High-Speed Rail: An Engineering Approach,READY-TO-UPLOAD/PUBLIC,/Users/dlev2617/Documents/Code/Agents/github-packages/READY-TO-UPLOAD/PUBLIC/paper-1997-05-the-full-cost-of-high-speed-rail-an-engineering-approach,data/analysis_workbooks/csv_exports/hsr_appendix6_d2/Trainset.csv,,column_60,,empty,0,,,,csv,medium,"Some headers were missing; generated column_N names. Delimiter `,`; sampled first 77 rows."
paper-1997-05,The Full Cost Of High-Speed Rail: An Engineering Approach,READY-TO-UPLOAD/PUBLIC,/Users/dlev2617/Documents/Code/Agents/github-packages/READY-TO-UPLOAD/PUBLIC/paper-1997-05-the-full-cost-of-high-speed-rail-an-engineering-approach,data/analysis_workbooks/csv_exports/hsr_appendix6_d2/Trainset.csv,,column_61,,empty,0,,,,csv,medium,"Some headers were missing; generated column_N names. Delimiter `,`; sampled first 77 rows."
paper-1997-05,The Full Cost Of High-Speed Rail: An Engineering Approach,READY-TO-UPLOAD/PUBLIC,/Users/dlev2617/Documents/Code/Agents/github-packages/READY-TO-UPLOAD/PUBLIC/paper-1997-05-the-full-cost-of-high-speed-rail-an-engineering-approach,data/analysis_workbooks/csv_exports/hsr_appendix6_d2/Trainset.csv,,column_62,,empty,0,,,,csv,medium,"Some headers were missing; generated column_N names. Delimiter `,`; sampled first 77 rows."
paper-1997-05,The Full Cost Of High-Speed Rail: An Engineering Approach,READY-TO-UPLOAD/PUBLIC,/Users/dlev2617/Documents/Code/Agents/github-packages/READY-TO-UPLOAD/PUBLIC/paper-1997-05-the-full-cost-of-high-speed-rail-an-engineering-approach,data/analysis_workbooks/csv_exports/hsr_appendix6_d2/Trainset.csv,,column_63,,empty,0,,,,csv,medium,"Some headers were missing; generated column_N names. Delimiter `,`; sampled first 77 rows."
paper-1997-05,The Full Cost Of High-Speed Rail: An Engineering Approach,READY-TO-UPLOAD/PUBLIC,/Users/dlev2617/Documents/Code/Agents/github-packages/READY-TO-UPLOAD/PUBLIC/paper-1997-05-the-full-cost-of-high-speed-rail-an-engineering-approach,data/analysis_workbooks/csv_exports/hsr_appendix6_d2/Trainset.csv,,column_64,,empty,0,,,,csv,medium,"Some headers were missing; generated column_N names. Delimiter `,`; sampled first 77 rows."
paper-1997-05,The Full Cost Of High-Speed Rail: An Engineering Approach,READY-TO-UPLOAD/PUBLIC,/Users/dlev2617/Documents/Code/Agents/github-packages/READY-TO-UPLOAD/PUBLIC/paper-1997-05-the-full-cost-of-high-speed-rail-an-engineering-approach,data/analysis_workbooks/csv_exports/hsr_appendix6_d2/Trainset.csv,,column_65,,empty,0,,,,csv,medium,"Some headers were missing; generated column_N names. Delimiter `,`; sampled first 77 rows."
paper-1997-05,The Full Cost Of High-Speed Rail: An Engineering Approach,READY-TO-UPLOAD/PUBLIC,/Users/dlev2617/Documents/Code/Agents/github-packages/READY-TO-UPLOAD/PUBLIC/paper-1997-05-the-full-cost-of-high-speed-rail-an-engineering-approach,data/analysis_workbooks/csv_exports/hsr_appendix6_d2/Trainset.csv,,column_66,,empty,0,,,,csv,medium,"Some headers were missing; generated column_N names. Delimiter `,`; sampled first 77 rows."
paper-1997-05,The Full Cost Of High-Speed Rail: An Engineering Approach,READY-TO-UPLOAD/PUBLIC,/Users/dlev2617/Documents/Code/Agents/github-packages/READY-TO-UPLOAD/PUBLIC/paper-1997-05-the-full-cost-of-high-speed-rail-an-engineering-approach,data/analysis_workbooks/csv_exports/hsr_appendix6_d2/Trainset.csv,,column_67,,empty,0,,,,csv,medium,"Some headers were missing; generated column_N names. Delimiter `,`; sampled first 77 rows."
paper-1997-05,The Full Cost Of High-Speed Rail: An Engineering Approach,READY-TO-UPLOAD/PUBLIC,/Users/dlev2617/Documents/Code/Agents/github-packages/READY-TO-UPLOAD/PUBLIC/paper-1997-05-the-full-cost-of-high-speed-rail-an-engineering-approach,data/analysis_workbooks/csv_exports/hsr_appendix6_d2/Trainset.csv,,column_68,,empty,0,,,,csv,medium,"Some headers were missing; generated column_N names. Delimiter `,`; sampled first 77 rows."
paper-1997-05,The Full Cost Of High-Speed Rail: An Engineering Approach,READY-TO-UPLOAD/PUBLIC,/Users/dlev2617/Documents/Code/Agents/github-packages/READY-TO-UPLOAD/PUBLIC/paper-1997-05-the-full-cost-of-high-speed-rail-an-engineering-approach,data/analysis_workbooks/csv_exports/hsr_appendix6_d2/Trainset.csv,,column_69,,empty,0,,,,csv,medium,"Some headers were missing; generated column_N names. Delimiter `,`; sampled first 77 rows."
paper-1997-05,The Full Cost Of High-Speed Rail: An Engineering Approach,READY-TO-UPLOAD/PUBLIC,/Users/dlev2617/Documents/Code/Agents/github-packages/READY-TO-UPLOAD/PUBLIC/paper-1997-05-the-full-cost-of-high-speed-rail-an-engineering-approach,data/analysis_workbooks/csv_exports/hsr_appendix6_d2/Trainset.csv,,column_70,,empty,0,,,,csv,medium,"Some headers were missing; generated column_N names. Delimiter `,`; sampled first 77 rows."
paper-1997-05,The Full Cost Of High-Speed Rail: An Engineering Approach,READY-TO-UPLOAD/PUBLIC,/Users/dlev2617/Documents/Code/Agents/github-packages/READY-TO-UPLOAD/PUBLIC/paper-1997-05-the-full-cost-of-high-speed-rail-an-engineering-approach,data/analysis_workbooks/csv_exports/hsr_appendix6_d2/Trainset.csv,,column_71,,empty,0,,,,csv,medium,"Some headers were missing; generated column_N names. Delimiter `,`; sampled first 77 rows."
paper-1997-05,The Full Cost Of High-Speed Rail: An Engineering Approach,READY-TO-UPLOAD/PUBLIC,/Users/dlev2617/Documents/Code/Agents/github-packages/READY-TO-UPLOAD/PUBLIC/paper-1997-05-the-full-cost-of-high-speed-rail-an-engineering-approach,data/analysis_workbooks/csv_exports/hsr_appendix6_d2/Trainset.csv,,column_72,,empty,0,,,,csv,medium,"Some headers were missing; generated column_N names. Delimiter `,`; sampled first 77 rows."
paper-1997-05,The Full Cost Of High-Speed Rail: An Engineering Approach,READY-TO-UPLOAD/PUBLIC,/Users/dlev2617/Documents/Code/Agents/github-packages/READY-TO-UPLOAD/PUBLIC/paper-1997-05-the-full-cost-of-high-speed-rail-an-engineering-approach,data/analysis_workbooks/csv_exports/hsr_appendix6_d2/Trainset.csv,,column_73,,empty,0,,,,csv,medium,"Some headers were missing; generated column_N names. Delimiter `,`; sampled first 77 rows."
paper-1997-05,The Full Cost Of High-Speed Rail: An Engineering Approach,READY-TO-UPLOAD/PUBLIC,/Users/dlev2617/Documents/Code/Agents/github-packages/READY-TO-UPLOAD/PUBLIC/paper-1997-05-the-full-cost-of-high-speed-rail-an-engineering-approach,data/analysis_workbooks/csv_exports/hsr_appendix6_d2/Trainset.csv,,column_74,,empty,0,,,,csv,medium,"Some headers were missing; generated column_N names. Delimiter `,`; sampled first 77 rows."
paper-1997-05,The Full Cost Of High-Speed Rail: An Engineering Approach,READY-TO-UPLOAD/PUBLIC,/Users/dlev2617/Documents/Code/Agents/github-packages/READY-TO-UPLOAD/PUBLIC/paper-1997-05-the-full-cost-of-high-speed-rail-an-engineering-approach,data/analysis_workbooks/csv_exports/hsr_appendix6_d2/Trainset.csv,,column_75,,empty,0,,,,csv,medium,"Some headers were missing; generated column_N names. Delimiter `,`; sampled first 77 rows."
paper-1997-05,The Full Cost Of High-Speed Rail: An Engineering Approach,READY-TO-UPLOAD/PUBLIC,/Users/dlev2617/Documents/Code/Agents/github-packages/READY-TO-UPLOAD/PUBLIC/paper-1997-05-the-full-cost-of-high-speed-rail-an-engineering-approach,data/analysis_workbooks/csv_exports/hsr_appendix6_d2/Trainset.csv,,column_76,,empty,0,,,,csv,medium,"Some headers were missing; generated column_N names. Delimiter `,`; sampled first 77 rows."
paper-1997-05,The Full Cost Of High-Speed Rail: An Engineering Approach,READY-TO-UPLOAD/PUBLIC,/Users/dlev2617/Documents/Code/Agents/github-packages/READY-TO-UPLOAD/PUBLIC/paper-1997-05-the-full-cost-of-high-speed-rail-an-engineering-approach,data/analysis_workbooks/csv_exports/hsr_appendix6_d2/Trainset.csv,,column_77,,empty,0,,,,csv,medium,"Some headers were missing; generated column_N names. Delimiter `,`; sampled first 77 rows."
paper-1997-05,The Full Cost Of High-Speed Rail: An Engineering Approach,READY-TO-UPLOAD/PUBLIC,/Users/dlev2617/Documents/Code/Agents/github-packages/READY-TO-UPLOAD/PUBLIC/paper-1997-05-the-full-cost-of-high-speed-rail-an-engineering-approach,data/analysis_workbooks/csv_exports/hsr_appendix6_d2/Trainset.csv,,column_78,,empty,0,,,,csv,medium,"Some headers were missing; generated column_N names. Delimiter `,`; sampled first 77 rows."
paper-1997-05,The Full Cost Of High-Speed Rail: An Engineering Approach,READY-TO-UPLOAD/PUBLIC,/Users/dlev2617/Documents/Code/Agents/github-packages/READY-TO-UPLOAD/PUBLIC/paper-1997-05-the-full-cost-of-high-speed-rail-an-engineering-approach,data/analysis_workbooks/csv_exports/hsr_appendix6_d2/Trainset.csv,,column_79,,empty,0,,,,csv,medium,"Some headers were missing; generated column_N names. Delimiter `,`; sampled first 77 rows."
paper-1997-05,The Full Cost Of High-Speed Rail: An Engineering Approach,READY-TO-UPLOAD/PUBLIC,/Users/dlev2617/Documents/Code/Agents/github-packages/READY-TO-UPLOAD/PUBLIC/paper-1997-05-the-full-cost-of-high-speed-rail-an-engineering-approach,data/analysis_workbooks/csv_exports/hsr_appendix6_d2/Trainset.csv,,column_80,,empty,0,,,,csv,medium,"Some headers were missing; generated column_N names. Delimiter `,`; sampled first 77 rows."
paper-1997-05,The Full Cost Of High-Speed Rail: An Engineering Approach,READY-TO-UPLOAD/PUBLIC,/Users/dlev2617/Documents/Code/Agents/github-packages/READY-TO-UPLOAD/PUBLIC/paper-1997-05-the-full-cost-of-high-speed-rail-an-engineering-approach,data/analysis_workbooks/csv_exports/hsr_appendix6_d2/Trainset.csv,,column_81,,empty,0,,,,csv,medium,"Some headers were missing; generated column_N names. Delimiter `,`; sampled first 77 rows."
paper-1997-05,The Full Cost Of High-Speed Rail: An Engineering Approach,READY-TO-UPLOAD/PUBLIC,/Users/dlev2617/Documents/Code/Agents/github-packages/READY-TO-UPLOAD/PUBLIC/paper-1997-05-the-full-cost-of-high-speed-rail-an-engineering-approach,data/analysis_workbooks/csv_exports/hsr_appendix6_d2/Trainset.csv,,column_82,,empty,0,,,,csv,medium,"Some headers were missing; generated column_N names. Delimiter `,`; sampled first 77 rows."
paper-1997-05,The Full Cost Of High-Speed Rail: An Engineering Approach,READY-TO-UPLOAD/PUBLIC,/Users/dlev2617/Documents/Code/Agents/github-packages/READY-TO-UPLOAD/PUBLIC/paper-1997-05-the-full-cost-of-high-speed-rail-an-engineering-approach,data/analysis_workbooks/csv_exports/hsr_appendix6_d2/Trainset.csv,,column_83,,empty,0,,,,csv,medium,"Some headers were missing; generated column_N names. Delimiter `,`; sampled first 77 rows."
paper-1997-05,The Full Cost Of High-Speed Rail: An Engineering Approach,READY-TO-UPLOAD/PUBLIC,/Users/dlev2617/Documents/Code/Agents/github-packages/READY-TO-UPLOAD/PUBLIC/paper-1997-05-the-full-cost-of-high-speed-rail-an-engineering-approach,data/analysis_workbooks/csv_exports/hsr_appendix6_d2/Trainset.csv,,column_84,,empty,0,,,,csv,medium,"Some headers were missing; generated column_N names. Delimiter `,`; sampled first 77 rows."
paper-1997-05,The Full Cost Of High-Speed Rail: An Engineering Approach,READY-TO-UPLOAD/PUBLIC,/Users/dlev2617/Documents/Code/Agents/github-packages/READY-TO-UPLOAD/PUBLIC/paper-1997-05-the-full-cost-of-high-speed-rail-an-engineering-approach,data/analysis_workbooks/csv_exports/hsr_appendix6_d2/Trainset.csv,,column_85,,empty,0,,,,csv,medium,"Some headers were missing; generated column_N names. Delimiter `,`; sampled first 77 rows."
paper-1997-05,The Full Cost Of High-Speed Rail: An Engineering Approach,READY-TO-UPLOAD/PUBLIC,/Users/dlev2617/Documents/Code/Agents/github-packages/READY-TO-UPLOAD/PUBLIC/paper-1997-05-the-full-cost-of-high-speed-rail-an-engineering-approach,data/analysis_workbooks/csv_exports/hsr_appendix6_d2/Trainset.csv,,column_86,,empty,0,,,,csv,medium,"Some headers were missing; generated column_N names. Delimiter `,`; sampled first 77 rows."
paper-1997-05,The Full Cost Of High-Speed Rail: An Engineering Approach,READY-TO-UPLOAD/PUBLIC,/Users/dlev2617/Documents/Code/Agents/github-packages/READY-TO-UPLOAD/PUBLIC/paper-1997-05-the-full-cost-of-high-speed-rail-an-engineering-approach,data/analysis_workbooks/csv_exports/hsr_appendix6_d2/Trainset.csv,,column_87,,empty,0,,,,csv,medium,"Some headers were missing; generated column_N names. Delimiter `,`; sampled first 77 rows."
paper-1997-05,The Full Cost Of High-Speed Rail: An Engineering Approach,READY-TO-UPLOAD/PUBLIC,/Users/dlev2617/Documents/Code/Agents/github-packages/READY-TO-UPLOAD/PUBLIC/paper-1997-05-the-full-cost-of-high-speed-rail-an-engineering-approach,data/analysis_workbooks/csv_exports/hsr_appendix6_d2/Trainset.csv,,column_88,,empty,0,,,,csv,medium,"Some headers were missing; generated column_N names. Delimiter `,`; sampled first 77 rows."
paper-1997-05,The Full Cost Of High-Speed Rail: An Engineering Approach,READY-TO-UPLOAD/PUBLIC,/Users/dlev2617/Documents/Code/Agents/github-packages/READY-TO-UPLOAD/PUBLIC/paper-1997-05-the-full-cost-of-high-speed-rail-an-engineering-approach,data/analysis_workbooks/csv_exports/hsr_appendix6_d2/Trainset.csv,,column_89,,empty,0,,,,csv,medium,"Some headers were missing; generated column_N names. Delimiter `,`; sampled first 77 rows."
paper-1997-05,The Full Cost Of High-Speed Rail: An Engineering Approach,READY-TO-UPLOAD/PUBLIC,/Users/dlev2617/Documents/Code/Agents/github-packages/READY-TO-UPLOAD/PUBLIC/paper-1997-05-the-full-cost-of-high-speed-rail-an-engineering-approach,data/analysis_workbooks/csv_exports/hsr_appendix6_d2/Trainset.csv,,column_90,,empty,0,,,,csv,medium,"Some headers were missing; generated column_N names. Delimiter `,`; sampled first 77 rows."
paper-1997-05,The Full Cost Of High-Speed Rail: An Engineering Approach,READY-TO-UPLOAD/PUBLIC,/Users/dlev2617/Documents/Code/Agents/github-packages/READY-TO-UPLOAD/PUBLIC/paper-1997-05-the-full-cost-of-high-speed-rail-an-engineering-approach,data/analysis_workbooks/csv_exports/hsr_appendix6_d2/Trainset.csv,,column_91,,empty,0,,,,csv,medium,"Some headers were missing; generated column_N names. Delimiter `,`; sampled first 77 rows."
paper-1997-05,The Full Cost Of High-Speed Rail: An Engineering Approach,READY-TO-UPLOAD/PUBLIC,/Users/dlev2617/Documents/Code/Agents/github-packages/READY-TO-UPLOAD/PUBLIC/paper-1997-05-the-full-cost-of-high-speed-rail-an-engineering-approach,data/analysis_workbooks/csv_exports/hsr_appendix6_d2/Trainset.csv,,column_92,,empty,0,,,,csv,medium,"Some headers were missing; generated column_N names. Delimiter `,`; sampled first 77 rows."
paper-1997-05,The Full Cost Of High-Speed Rail: An Engineering Approach,READY-TO-UPLOAD/PUBLIC,/Users/dlev2617/Documents/Code/Agents/github-packages/READY-TO-UPLOAD/PUBLIC/paper-1997-05-the-full-cost-of-high-speed-rail-an-engineering-approach,data/analysis_workbooks/csv_exports/hsr_appendix6_d2/Trainset.csv,,column_93,,empty,0,,,,csv,medium,"Some headers were missing; generated column_N names. Delimiter `,`; sampled first 77 rows."
paper-1997-05,The Full Cost Of High-Speed Rail: An Engineering Approach,READY-TO-UPLOAD/PUBLIC,/Users/dlev2617/Documents/Code/Agents/github-packages/READY-TO-UPLOAD/PUBLIC/paper-1997-05-the-full-cost-of-high-speed-rail-an-engineering-approach,data/analysis_workbooks/csv_exports/hsr_appendix6_d2/Trainset.csv,,column_94,,empty,0,,,,csv,medium,"Some headers were missing; generated column_N names. Delimiter `,`; sampled first 77 rows."
paper-1997-05,The Full Cost Of High-Speed Rail: An Engineering Approach,READY-TO-UPLOAD/PUBLIC,/Users/dlev2617/Documents/Code/Agents/github-packages/READY-TO-UPLOAD/PUBLIC/paper-1997-05-the-full-cost-of-high-speed-rail-an-engineering-approach,data/analysis_workbooks/csv_exports/hsr_appendix6_d2/Trainset.csv,,column_95,,empty,0,,,,csv,medium,"Some headers were missing; generated column_N names. Delimiter `,`; sampled first 77 rows."
paper-1997-05,The Full Cost Of High-Speed Rail: An Engineering Approach,READY-TO-UPLOAD/PUBLIC,/Users/dlev2617/Documents/Code/Agents/github-packages/READY-TO-UPLOAD/PUBLIC/paper-1997-05-the-full-cost-of-high-speed-rail-an-engineering-approach,data/analysis_workbooks/csv_exports/hsr_appendix6_d2/Trainset.csv,,column_96,,empty,0,,,,csv,medium,"Some headers were missing; generated column_N names. Delimiter `,`; sampled first 77 rows."
paper-1997-05,The Full Cost Of High-Speed Rail: An Engineering Approach,READY-TO-UPLOAD/PUBLIC,/Users/dlev2617/Documents/Code/Agents/github-packages/READY-TO-UPLOAD/PUBLIC/paper-1997-05-the-full-cost-of-high-speed-rail-an-engineering-approach,data/analysis_workbooks/csv_exports/hsr_appendix6_d2/Trainset.csv,,column_97,,empty,0,,,,csv,medium,"Some headers were missing; generated column_N names. Delimiter `,`; sampled first 77 rows."
paper-1997-05,The Full Cost Of High-Speed Rail: An Engineering Approach,READY-TO-UPLOAD/PUBLIC,/Users/dlev2617/Documents/Code/Agents/github-packages/READY-TO-UPLOAD/PUBLIC/paper-1997-05-the-full-cost-of-high-speed-rail-an-engineering-approach,data/analysis_workbooks/csv_exports/hsr_appendix6_d2/Trainset.csv,,column_98,,empty,0,,,,csv,medium,"Some headers were missing; generated column_N names. Delimiter `,`; sampled first 77 rows."
paper-1997-05,The Full Cost Of High-Speed Rail: An Engineering Approach,READY-TO-UPLOAD/PUBLIC,/Users/dlev2617/Documents/Code/Agents/github-packages/READY-TO-UPLOAD/PUBLIC/paper-1997-05-the-full-cost-of-high-speed-rail-an-engineering-approach,data/analysis_workbooks/csv_exports/hsr_appendix6_d2/Trainset.csv,,column_99,,empty,0,,,,csv,medium,"Some headers were missing; generated column_N names. Delimiter `,`; sampled first 77 rows."
paper-1997-05,The Full Cost Of High-Speed Rail: An Engineering Approach,READY-TO-UPLOAD/PUBLIC,/Users/dlev2617/Documents/Code/Agents/github-packages/READY-TO-UPLOAD/PUBLIC/paper-1997-05-the-full-cost-of-high-speed-rail-an-engineering-approach,data/analysis_workbooks/csv_exports/hsr_appendix6_d2/Trainset.csv,,column_100,,empty,0,,,,csv,medium,"Some headers were missing; generated column_N names. Delimiter `,`; sampled first 77 rows."
paper-1997-05,The Full Cost Of High-Speed Rail: An Engineering Approach,READY-TO-UPLOAD/PUBLIC,/Users/dlev2617/Documents/Code/Agents/github-packages/READY-TO-UPLOAD/PUBLIC/paper-1997-05-the-full-cost-of-high-speed-rail-an-engineering-approach,data/analysis_workbooks/csv_exports/hsr_appendix6_d2/Trainset.csv,,column_101,,numeric,2,14.816666666666666 | -14.816666666666666,-14.8166666667,14.8166666667,csv,medium,"Some headers were missing; generated column_N names. Delimiter `,`; sampled first 77 rows."
paper-1997-05,The Full Cost Of High-Speed Rail: An Engineering Approach,READY-TO-UPLOAD/PUBLIC,/Users/dlev2617/Documents/Code/Agents/github-packages/READY-TO-UPLOAD/PUBLIC/paper-1997-05-the-full-cost-of-high-speed-rail-an-engineering-approach,data/analysis_workbooks/csv_exports/hsr_appendix6_d2/Trainset.csv,,column_102,,numeric,2,14.816666666666666 | -14.816666666666666,-14.8166666667,14.8166666667,csv,medium,"Some headers were missing; generated column_N names. Delimiter `,`; sampled first 77 rows."
paper-1997-05,The Full Cost Of High-Speed Rail: An Engineering Approach,READY-TO-UPLOAD/PUBLIC,/Users/dlev2617/Documents/Code/Agents/github-packages/READY-TO-UPLOAD/PUBLIC/paper-1997-05-the-full-cost-of-high-speed-rail-an-engineering-approach,data/analysis_workbooks/csv_exports/hsr_appendix6_d2/Trainset.csv,,column_103,,numeric,2,14.816666666666666 | -14.816666666666666,-14.8166666667,14.8166666667,csv,medium,"Some headers were missing; generated column_N names. Delimiter `,`; sampled first 77 rows."
paper-1997-05,The Full Cost Of High-Speed Rail: An Engineering Approach,READY-TO-UPLOAD/PUBLIC,/Users/dlev2617/Documents/Code/Agents/github-packages/READY-TO-UPLOAD/PUBLIC/paper-1997-05-the-full-cost-of-high-speed-rail-an-engineering-approach,data/analysis_workbooks/csv_exports/hsr_appendix6_d2/Trainset.csv,,column_104,,numeric,2,14.816666666666666 | -14.816666666666666,-14.8166666667,14.8166666667,csv,medium,"Some headers were missing; generated column_N names. Delimiter `,`; sampled first 77 rows."
paper-1997-05,The Full Cost Of High-Speed Rail: An Engineering Approach,READY-TO-UPLOAD/PUBLIC,/Users/dlev2617/Documents/Code/Agents/github-packages/READY-TO-UPLOAD/PUBLIC/paper-1997-05-the-full-cost-of-high-speed-rail-an-engineering-approach,data/analysis_workbooks/csv_exports/hsr_appendix6_d2/Trainset.csv,,column_105,,numeric,2,14.816666666666666 | -14.816666666666666,-14.8166666667,14.8166666667,csv,medium,"Some headers were missing; generated column_N names. Delimiter `,`; sampled first 77 rows."
paper-1997-05,The Full Cost Of High-Speed Rail: An Engineering Approach,READY-TO-UPLOAD/PUBLIC,/Users/dlev2617/Documents/Code/Agents/github-packages/READY-TO-UPLOAD/PUBLIC/paper-1997-05-the-full-cost-of-high-speed-rail-an-engineering-approach,data/analysis_workbooks/csv_exports/hsr_appendix6_d2/Trainset.csv,,column_106,,numeric,2,14.816666666666666 | -14.816666666666666,-14.8166666667,14.8166666667,csv,medium,"Some headers were missing; generated column_N names. Delimiter `,`; sampled first 77 rows."
paper-1997-05,The Full Cost Of High-Speed Rail: An Engineering Approach,READY-TO-UPLOAD/PUBLIC,/Users/dlev2617/Documents/Code/Agents/github-packages/READY-TO-UPLOAD/PUBLIC/paper-1997-05-the-full-cost-of-high-speed-rail-an-engineering-approach,data/analysis_workbooks/csv_exports/hsr_appendix6_d2/Trainset.csv,,column_107,,numeric,2,14.816666666666666 | -14.816666666666666,-14.8166666667,14.8166666667,csv,medium,"Some headers were missing; generated column_N names. Delimiter `,`; sampled first 77 rows."
paper-1997-05,The Full Cost Of High-Speed Rail: An Engineering Approach,READY-TO-UPLOAD/PUBLIC,/Users/dlev2617/Documents/Code/Agents/github-packages/READY-TO-UPLOAD/PUBLIC/paper-1997-05-the-full-cost-of-high-speed-rail-an-engineering-approach,data/analysis_workbooks/csv_exports/hsr_appendix6_d2/Trainset.csv,,column_108,,numeric,2,14.816666666666666 | -14.816666666666666,-14.8166666667,14.8166666667,csv,medium,"Some headers were missing; generated column_N names. Delimiter `,`; sampled first 77 rows."
paper-1997-05,The Full Cost Of High-Speed Rail: An Engineering Approach,READY-TO-UPLOAD/PUBLIC,/Users/dlev2617/Documents/Code/Agents/github-packages/READY-TO-UPLOAD/PUBLIC/paper-1997-05-the-full-cost-of-high-speed-rail-an-engineering-approach,data/analysis_workbooks/csv_exports/hsr_appendix6_d2/Trainset.csv,,column_109,,numeric,2,14.816666666666666 | -14.816666666666666,-14.8166666667,14.8166666667,csv,medium,"Some headers were missing; generated column_N names. Delimiter `,`; sampled first 77 rows."
paper-1997-05,The Full Cost Of High-Speed Rail: An Engineering Approach,READY-TO-UPLOAD/PUBLIC,/Users/dlev2617/Documents/Code/Agents/github-packages/READY-TO-UPLOAD/PUBLIC/paper-1997-05-the-full-cost-of-high-speed-rail-an-engineering-approach,data/analysis_workbooks/csv_exports/hsr_appendix6_d2/Trainset.csv,,column_110,,numeric,2,14.816666666666666 | -14.816666666666666,-14.8166666667,14.8166666667,csv,medium,"Some headers were missing; generated column_N names. Delimiter `,`; sampled first 77 rows."
paper-1997-05,The Full Cost Of High-Speed Rail: An Engineering Approach,READY-TO-UPLOAD/PUBLIC,/Users/dlev2617/Documents/Code/Agents/github-packages/READY-TO-UPLOAD/PUBLIC/paper-1997-05-the-full-cost-of-high-speed-rail-an-engineering-approach,data/analysis_workbooks/csv_exports/hsr_appendix6_d2/Trainset.csv,,column_111,,numeric,2,14.816666666666666 | -14.816666666666666,-14.8166666667,14.8166666667,csv,medium,"Some headers were missing; generated column_N names. Delimiter `,`; sampled first 77 rows."
paper-1997-05,The Full Cost Of High-Speed Rail: An Engineering Approach,READY-TO-UPLOAD/PUBLIC,/Users/dlev2617/Documents/Code/Agents/github-packages/READY-TO-UPLOAD/PUBLIC/paper-1997-05-the-full-cost-of-high-speed-rail-an-engineering-approach,data/analysis_workbooks/csv_exports/hsr_appendix6_d2/Trainset.csv,,column_112,,numeric,2,14.816666666666666 | -14.816666666666666,-14.8166666667,14.8166666667,csv,medium,"Some headers were missing; generated column_N names. Delimiter `,`; sampled first 77 rows."
paper-1997-05,The Full Cost Of High-Speed Rail: An Engineering Approach,READY-TO-UPLOAD/PUBLIC,/Users/dlev2617/Documents/Code/Agents/github-packages/READY-TO-UPLOAD/PUBLIC/paper-1997-05-the-full-cost-of-high-speed-rail-an-engineering-approach,data/analysis_workbooks/csv_exports/hsr_appendix6_d2/Trainset.csv,,column_113,,numeric,2,14.816666666666666 | -14.816666666666666,-14.8166666667,14.8166666667,csv,medium,"Some headers were missing; generated column_N names. Delimiter `,`; sampled first 77 rows."
paper-1997-05,The Full Cost Of High-Speed Rail: An Engineering Approach,READY-TO-UPLOAD/PUBLIC,/Users/dlev2617/Documents/Code/Agents/github-packages/READY-TO-UPLOAD/PUBLIC/paper-1997-05-the-full-cost-of-high-speed-rail-an-engineering-approach,data/analysis_workbooks/csv_exports/hsr_appendix6_d2/Trainset.csv,,column_114,,numeric,2,14.816666666666666 | -14.816666666666666,-14.8166666667,14.8166666667,csv,medium,"Some headers were missing; generated column_N names. Delimiter `,`; sampled first 77 rows."
paper-1997-05,The Full Cost Of High-Speed Rail: An Engineering Approach,READY-TO-UPLOAD/PUBLIC,/Users/dlev2617/Documents/Code/Agents/github-packages/READY-TO-UPLOAD/PUBLIC/paper-1997-05-the-full-cost-of-high-speed-rail-an-engineering-approach,data/analysis_workbooks/csv_exports/hsr_appendix6_d2/Trainset.csv,,column_115,,numeric,2,14.816666666666666 | -14.816666666666666,-14.8166666667,14.8166666667,csv,medium,"Some headers were missing; generated column_N names. Delimiter `,`; sampled first 77 rows."
paper-1997-05,The Full Cost Of High-Speed Rail: An Engineering Approach,READY-TO-UPLOAD/PUBLIC,/Users/dlev2617/Documents/Code/Agents/github-packages/READY-TO-UPLOAD/PUBLIC/paper-1997-05-the-full-cost-of-high-speed-rail-an-engineering-approach,data/analysis_workbooks/csv_exports/hsr_appendix6_d2/Trainset.csv,,column_116,,numeric,2,14.816666666666666 | -14.816666666666666,-14.8166666667,14.8166666667,csv,medium,"Some headers were missing; generated column_N names. Delimiter `,`; sampled first 77 rows."
paper-1997-05,The Full Cost Of High-Speed Rail: An Engineering Approach,READY-TO-UPLOAD/PUBLIC,/Users/dlev2617/Documents/Code/Agents/github-packages/READY-TO-UPLOAD/PUBLIC/paper-1997-05-the-full-cost-of-high-speed-rail-an-engineering-approach,data/analysis_workbooks/csv_exports/hsr_appendix6_d2/Trainset.csv,,column_117,,numeric,2,14.816666666666666 | -14.816666666666666,-14.8166666667,14.8166666667,csv,medium,"Some headers were missing; generated column_N names. Delimiter `,`; sampled first 77 rows."
paper-1997-05,The Full Cost Of High-Speed Rail: An Engineering Approach,READY-TO-UPLOAD/PUBLIC,/Users/dlev2617/Documents/Code/Agents/github-packages/READY-TO-UPLOAD/PUBLIC/paper-1997-05-the-full-cost-of-high-speed-rail-an-engineering-approach,data/analysis_workbooks/csv_exports/hsr_appendix6_d2/Trainset.csv,,column_118,,numeric,2,14.816666666666666 | -14.816666666666666,-14.8166666667,14.8166666667,csv,medium,"Some headers were missing; generated column_N names. Delimiter `,`; sampled first 77 rows."
paper-1997-05,The Full Cost Of High-Speed Rail: An Engineering Approach,READY-TO-UPLOAD/PUBLIC,/Users/dlev2617/Documents/Code/Agents/github-packages/READY-TO-UPLOAD/PUBLIC/paper-1997-05-the-full-cost-of-high-speed-rail-an-engineering-approach,data/analysis_workbooks/csv_exports/hsr_appendix6_d2/Trainset.csv,,column_119,,numeric,2,14.816666666666666 | -14.816666666666666,-14.8166666667,14.8166666667,csv,medium,"Some headers were missing; generated column_N names. Delimiter `,`; sampled first 77 rows."
paper-1997-05,The Full Cost Of High-Speed Rail: An Engineering Approach,READY-TO-UPLOAD/PUBLIC,/Users/dlev2617/Documents/Code/Agents/github-packages/READY-TO-UPLOAD/PUBLIC/paper-1997-05-the-full-cost-of-high-speed-rail-an-engineering-approach,data/analysis_workbooks/csv_exports/hsr_appendix6_d2/Trainset.csv,,column_120,,numeric,2,14.816666666666666 | -14.816666666666666,-14.8166666667,14.8166666667,csv,medium,"Some headers were missing; generated column_N names. Delimiter `,`; sampled first 77 rows."
paper-1997-05,The Full Cost Of High-Speed Rail: An Engineering Approach,READY-TO-UPLOAD/PUBLIC,/Users/dlev2617/Documents/Code/Agents/github-packages/READY-TO-UPLOAD/PUBLIC/paper-1997-05-the-full-cost-of-high-speed-rail-an-engineering-approach,data/analysis_workbooks/csv_exports/hsr_appendix6_d2/Trainset.csv,,column_121,,numeric,2,14.816666666666666 | -14.816666666666666,-14.8166666667,14.8166666667,csv,medium,"Some headers were missing; generated column_N names. Delimiter `,`; sampled first 77 rows."
paper-1997-05,The Full Cost Of High-Speed Rail: An Engineering Approach,READY-TO-UPLOAD/PUBLIC,/Users/dlev2617/Documents/Code/Agents/github-packages/READY-TO-UPLOAD/PUBLIC/paper-1997-05-the-full-cost-of-high-speed-rail-an-engineering-approach,data/analysis_workbooks/csv_exports/hsr_appendix6_d2/Trainset.csv,,column_122,,numeric,2,14.816666666666666 | -14.816666666666666,-14.8166666667,14.8166666667,csv,medium,"Some headers were missing; generated column_N names. Delimiter `,`; sampled first 77 rows."
paper-1997-05,The Full Cost Of High-Speed Rail: An Engineering Approach,READY-TO-UPLOAD/PUBLIC,/Users/dlev2617/Documents/Code/Agents/github-packages/READY-TO-UPLOAD/PUBLIC/paper-1997-05-the-full-cost-of-high-speed-rail-an-engineering-approach,data/analysis_workbooks/csv_exports/hsr_appendix6_d2/Trainset.csv,,column_123,,numeric,2,14.816666666666666 | -14.816666666666666,-14.8166666667,14.8166666667,csv,medium,"Some headers were missing; generated column_N names. Delimiter `,`; sampled first 77 rows."
paper-1997-05,The Full Cost Of High-Speed Rail: An Engineering Approach,READY-TO-UPLOAD/PUBLIC,/Users/dlev2617/Documents/Code/Agents/github-packages/READY-TO-UPLOAD/PUBLIC/paper-1997-05-the-full-cost-of-high-speed-rail-an-engineering-approach,data/analysis_workbooks/csv_exports/hsr_appendix6_d2/Trainset.csv,,column_124,,numeric,2,14.816666666666666 | -14.816666666666666,-14.8166666667,14.8166666667,csv,medium,"Some headers were missing; generated column_N names. Delimiter `,`; sampled first 77 rows."
paper-1997-05,The Full Cost Of High-Speed Rail: An Engineering Approach,READY-TO-UPLOAD/PUBLIC,/Users/dlev2617/Documents/Code/Agents/github-packages/READY-TO-UPLOAD/PUBLIC/paper-1997-05-the-full-cost-of-high-speed-rail-an-engineering-approach,data/analysis_workbooks/csv_exports/hsr_appendix6_d2/Trainset.csv,,column_125,,numeric,2,14.816666666666666 | -14.816666666666666,-14.8166666667,14.8166666667,csv,medium,"Some headers were missing; generated column_N names. Delimiter `,`; sampled first 77 rows."
paper-1997-05,The Full Cost Of High-Speed Rail: An Engineering Approach,READY-TO-UPLOAD/PUBLIC,/Users/dlev2617/Documents/Code/Agents/github-packages/READY-TO-UPLOAD/PUBLIC/paper-1997-05-the-full-cost-of-high-speed-rail-an-engineering-approach,data/analysis_workbooks/csv_exports/hsr_appendix6_d2/Trainset.csv,,column_126,,numeric,2,14.816666666666666 | -14.816666666666666,-14.8166666667,14.8166666667,csv,medium,"Some headers were missing; generated column_N names. Delimiter `,`; sampled first 77 rows."
paper-1997-05,The Full Cost Of High-Speed Rail: An Engineering Approach,READY-TO-UPLOAD/PUBLIC,/Users/dlev2617/Documents/Code/Agents/github-packages/READY-TO-UPLOAD/PUBLIC/paper-1997-05-the-full-cost-of-high-speed-rail-an-engineering-approach,data/analysis_workbooks/csv_exports/hsr_appendix6_d2/Trainset.csv,,column_127,,numeric,2,14.816666666666666 | -14.816666666666666,-14.8166666667,14.8166666667,csv,medium,"Some headers were missing; generated column_N names. Delimiter `,`; sampled first 77 rows."
paper-1997-05,The Full Cost Of High-Speed Rail: An Engineering Approach,READY-TO-UPLOAD/PUBLIC,/Users/dlev2617/Documents/Code/Agents/github-packages/READY-TO-UPLOAD/PUBLIC/paper-1997-05-the-full-cost-of-high-speed-rail-an-engineering-approach,data/analysis_workbooks/csv_exports/hsr_appendix6_d2/Trainset.csv,,column_128,,numeric,2,14.816666666666666 | -14.816666666666666,-14.8166666667,14.8166666667,csv,medium,"Some headers were missing; generated column_N names. Delimiter `,`; sampled first 77 rows."
paper-1997-05,The Full Cost Of High-Speed Rail: An Engineering Approach,READY-TO-UPLOAD/PUBLIC,/Users/dlev2617/Documents/Code/Agents/github-packages/READY-TO-UPLOAD/PUBLIC/paper-1997-05-the-full-cost-of-high-speed-rail-an-engineering-approach,data/analysis_workbooks/csv_exports/hsr_appendix6_d2/Trainset.csv,,column_129,,numeric,2,14.816666666666666 | -14.816666666666666,-14.8166666667,14.8166666667,csv,medium,"Some headers were missing; generated column_N names. Delimiter `,`; sampled first 77 rows."
paper-1997-05,The Full Cost Of High-Speed Rail: An Engineering Approach,READY-TO-UPLOAD/PUBLIC,/Users/dlev2617/Documents/Code/Agents/github-packages/READY-TO-UPLOAD/PUBLIC/paper-1997-05-the-full-cost-of-high-speed-rail-an-engineering-approach,data/analysis_workbooks/csv_exports/hsr_appendix6_d2/Trainset.csv,,column_130,,numeric,2,14.816666666666666 | -14.816666666666666,-14.8166666667,14.8166666667,csv,medium,"Some headers were missing; generated column_N names. Delimiter `,`; sampled first 77 rows."
paper-1997-05,The Full Cost Of High-Speed Rail: An Engineering Approach,READY-TO-UPLOAD/PUBLIC,/Users/dlev2617/Documents/Code/Agents/github-packages/READY-TO-UPLOAD/PUBLIC/paper-1997-05-the-full-cost-of-high-speed-rail-an-engineering-approach,data/analysis_workbooks/csv_exports/hsr_appendix6_d2/Trainset.csv,,column_131,,numeric,2,14.816666666666666 | -14.816666666666666,-14.8166666667,14.8166666667,csv,medium,"Some headers were missing; generated column_N names. Delimiter `,`; sampled first 77 rows."
paper-1997-05,The Full Cost Of High-Speed Rail: An Engineering Approach,READY-TO-UPLOAD/PUBLIC,/Users/dlev2617/Documents/Code/Agents/github-packages/READY-TO-UPLOAD/PUBLIC/paper-1997-05-the-full-cost-of-high-speed-rail-an-engineering-approach,data/analysis_workbooks/csv_exports/hsr_appendix6_d2/Trainset.csv,,column_132,,numeric,2,14.816666666666666 | -14.816666666666666,-14.8166666667,14.8166666667,csv,medium,"Some headers were missing; generated column_N names. Delimiter `,`; sampled first 77 rows."
paper-1997-05,The Full Cost Of High-Speed Rail: An Engineering Approach,READY-TO-UPLOAD/PUBLIC,/Users/dlev2617/Documents/Code/Agents/github-packages/READY-TO-UPLOAD/PUBLIC/paper-1997-05-the-full-cost-of-high-speed-rail-an-engineering-approach,data/analysis_workbooks/csv_exports/hsr_appendix6_d2/Trainset.csv,,column_133,,numeric,2,14.816666666666666 | -14.816666666666666,-14.8166666667,14.8166666667,csv,medium,"Some headers were missing; generated column_N names. Delimiter `,`; sampled first 77 rows."
paper-1997-05,The Full Cost Of High-Speed Rail: An Engineering Approach,READY-TO-UPLOAD/PUBLIC,/Users/dlev2617/Documents/Code/Agents/github-packages/READY-TO-UPLOAD/PUBLIC/paper-1997-05-the-full-cost-of-high-speed-rail-an-engineering-approach,data/analysis_workbooks/csv_exports/hsr_appendix6_d2/Trainset.csv,,column_134,,numeric,2,14.816666666666666 | -14.816666666666666,-14.8166666667,14.8166666667,csv,medium,"Some headers were missing; generated column_N names. Delimiter `,`; sampled first 77 rows."
paper-1997-05,The Full Cost Of High-Speed Rail: An Engineering Approach,READY-TO-UPLOAD/PUBLIC,/Users/dlev2617/Documents/Code/Agents/github-packages/READY-TO-UPLOAD/PUBLIC/paper-1997-05-the-full-cost-of-high-speed-rail-an-engineering-approach,data/analysis_workbooks/csv_exports/hsr_appendix6_d2/Trainset.csv,,column_135,,numeric,2,14.816666666666666 | -14.816666666666666,-14.8166666667,14.8166666667,csv,medium,"Some headers were missing; generated column_N names. Delimiter `,`; sampled first 77 rows."
paper-1997-05,The Full Cost Of High-Speed Rail: An Engineering Approach,READY-TO-UPLOAD/PUBLIC,/Users/dlev2617/Documents/Code/Agents/github-packages/READY-TO-UPLOAD/PUBLIC/paper-1997-05-the-full-cost-of-high-speed-rail-an-engineering-approach,data/analysis_workbooks/csv_exports/hsr_appendix6_d2/Trainset.csv,,column_136,,numeric,2,14.816666666666666 | -14.816666666666666,-14.8166666667,14.8166666667,csv,medium,"Some headers were missing; generated column_N names. Delimiter `,`; sampled first 77 rows."
paper-1997-05,The Full Cost Of High-Speed Rail: An Engineering Approach,READY-TO-UPLOAD/PUBLIC,/Users/dlev2617/Documents/Code/Agents/github-packages/READY-TO-UPLOAD/PUBLIC/paper-1997-05-the-full-cost-of-high-speed-rail-an-engineering-approach,data/analysis_workbooks/csv_exports/hsr_appendix6_d2/Trainset.csv,,column_137,,numeric,2,14.816666666666666 | -14.816666666666666,-14.8166666667,14.8166666667,csv,medium,"Some headers were missing; generated column_N names. Delimiter `,`; sampled first 77 rows."
paper-1997-05,The Full Cost Of High-Speed Rail: An Engineering Approach,READY-TO-UPLOAD/PUBLIC,/Users/dlev2617/Documents/Code/Agents/github-packages/READY-TO-UPLOAD/PUBLIC/paper-1997-05-the-full-cost-of-high-speed-rail-an-engineering-approach,data/analysis_workbooks/csv_exports/hsr_appendix6_d2/Trainset.csv,,column_138,,numeric,2,14.816666666666666 | -14.816666666666666,-14.8166666667,14.8166666667,csv,medium,"Some headers were missing; generated column_N names. Delimiter `,`; sampled first 77 rows."
paper-1997-05,The Full Cost Of High-Speed Rail: An Engineering Approach,READY-TO-UPLOAD/PUBLIC,/Users/dlev2617/Documents/Code/Agents/github-packages/READY-TO-UPLOAD/PUBLIC/paper-1997-05-the-full-cost-of-high-speed-rail-an-engineering-approach,data/analysis_workbooks/csv_exports/hsr_appendix6_d2/Trainset.csv,,column_139,,numeric,2,14.816666666666666 | -14.816666666666666,-14.8166666667,14.8166666667,csv,medium,"Some headers were missing; generated column_N names. Delimiter `,`; sampled first 77 rows."
paper-1997-05,The Full Cost Of High-Speed Rail: An Engineering Approach,READY-TO-UPLOAD/PUBLIC,/Users/dlev2617/Documents/Code/Agents/github-packages/READY-TO-UPLOAD/PUBLIC/paper-1997-05-the-full-cost-of-high-speed-rail-an-engineering-approach,data/analysis_workbooks/csv_exports/hsr_appendix6_d2/Trainset.csv,,column_140,,numeric,2,14.816666666666666 | -14.816666666666666,-14.8166666667,14.8166666667,csv,medium,"Some headers were missing; generated column_N names. Delimiter `,`; sampled first 77 rows."
paper-1997-05,The Full Cost Of High-Speed Rail: An Engineering Approach,READY-TO-UPLOAD/PUBLIC,/Users/dlev2617/Documents/Code/Agents/github-packages/READY-TO-UPLOAD/PUBLIC/paper-1997-05-the-full-cost-of-high-speed-rail-an-engineering-approach,data/analysis_workbooks/csv_exports/hsr_appendix6_d2/Trainset.csv,,column_141,,numeric,2,14.816666666666666 | -14.816666666666666,-14.8166666667,14.8166666667,csv,medium,"Some headers were missing; generated column_N names. Delimiter `,`; sampled first 77 rows."
paper-1997-05,The Full Cost Of High-Speed Rail: An Engineering Approach,READY-TO-UPLOAD/PUBLIC,/Users/dlev2617/Documents/Code/Agents/github-packages/READY-TO-UPLOAD/PUBLIC/paper-1997-05-the-full-cost-of-high-speed-rail-an-engineering-approach,data/analysis_workbooks/csv_exports/hsr_appendix6_d2/Trainset.csv,,column_142,,numeric,2,14.816666666666666 | -14.816666666666666,-14.8166666667,14.8166666667,csv,medium,"Some headers were missing; generated column_N names. Delimiter `,`; sampled first 77 rows."
paper-1997-05,The Full Cost Of High-Speed Rail: An Engineering Approach,READY-TO-UPLOAD/PUBLIC,/Users/dlev2617/Documents/Code/Agents/github-packages/READY-TO-UPLOAD/PUBLIC/paper-1997-05-the-full-cost-of-high-speed-rail-an-engineering-approach,data/analysis_workbooks/csv_exports/hsr_appendix6_d2/Trainset.csv,,column_143,,numeric,2,14.816666666666666 | -14.816666666666666,-14.8166666667,14.8166666667,csv,medium,"Some headers were missing; generated column_N names. Delimiter `,`; sampled first 77 rows."
paper-1997-05,The Full Cost Of High-Speed Rail: An Engineering Approach,READY-TO-UPLOAD/PUBLIC,/Users/dlev2617/Documents/Code/Agents/github-packages/READY-TO-UPLOAD/PUBLIC/paper-1997-05-the-full-cost-of-high-speed-rail-an-engineering-approach,data/analysis_workbooks/csv_exports/hsr_appendix6_d2/Trainset.csv,,column_144,,numeric,2,14.816666666666666 | -14.816666666666666,-14.8166666667,14.8166666667,csv,medium,"Some headers were missing; generated column_N names. Delimiter `,`; sampled first 77 rows."
paper-1997-05,The Full Cost Of High-Speed Rail: An Engineering Approach,READY-TO-UPLOAD/PUBLIC,/Users/dlev2617/Documents/Code/Agents/github-packages/READY-TO-UPLOAD/PUBLIC/paper-1997-05-the-full-cost-of-high-speed-rail-an-engineering-approach,data/analysis_workbooks/csv_exports/hsr_appendix6_d2/Trainset.csv,,column_145,,numeric,2,14.816666666666666 | -14.816666666666666,-14.8166666667,14.8166666667,csv,medium,"Some headers were missing; generated column_N names. Delimiter `,`; sampled first 77 rows."
paper-1997-05,The Full Cost Of High-Speed Rail: An Engineering Approach,READY-TO-UPLOAD/PUBLIC,/Users/dlev2617/Documents/Code/Agents/github-packages/READY-TO-UPLOAD/PUBLIC/paper-1997-05-the-full-cost-of-high-speed-rail-an-engineering-approach,data/analysis_workbooks/csv_exports/hsr_appendix6_d2/Trainset.csv,,column_146,,numeric,2,14.816666666666666 | -14.816666666666666,-14.8166666667,14.8166666667,csv,medium,"Some headers were missing; generated column_N names. Delimiter `,`; sampled first 77 rows."
paper-1997-05,The Full Cost Of High-Speed Rail: An Engineering Approach,READY-TO-UPLOAD/PUBLIC,/Users/dlev2617/Documents/Code/Agents/github-packages/READY-TO-UPLOAD/PUBLIC/paper-1997-05-the-full-cost-of-high-speed-rail-an-engineering-approach,data/analysis_workbooks/csv_exports/hsr_appendix6_d2/Trainset.csv,,column_147,,numeric,2,14.816666666666666 | -14.816666666666666,-14.8166666667,14.8166666667,csv,medium,"Some headers were missing; generated column_N names. Delimiter `,`; sampled first 77 rows."
paper-1997-05,The Full Cost Of High-Speed Rail: An Engineering Approach,READY-TO-UPLOAD/PUBLIC,/Users/dlev2617/Documents/Code/Agents/github-packages/READY-TO-UPLOAD/PUBLIC/paper-1997-05-the-full-cost-of-high-speed-rail-an-engineering-approach,data/analysis_workbooks/csv_exports/hsr_appendix6_d2/Trainset.csv,,column_148,,numeric,2,14.816666666666666 | -14.816666666666666,-14.8166666667,14.8166666667,csv,medium,"Some headers were missing; generated column_N names. Delimiter `,`; sampled first 77 rows."
paper-1997-05,The Full Cost Of High-Speed Rail: An Engineering Approach,READY-TO-UPLOAD/PUBLIC,/Users/dlev2617/Documents/Code/Agents/github-packages/READY-TO-UPLOAD/PUBLIC/paper-1997-05-the-full-cost-of-high-speed-rail-an-engineering-approach,data/analysis_workbooks/csv_exports/hsr_appendix6_d2/Trainset.csv,,column_149,,numeric,2,14.816666666666666 | -14.816666666666666,-14.8166666667,14.8166666667,csv,medium,"Some headers were missing; generated column_N names. Delimiter `,`; sampled first 77 rows."
paper-1997-05,The Full Cost Of High-Speed Rail: An Engineering Approach,READY-TO-UPLOAD/PUBLIC,/Users/dlev2617/Documents/Code/Agents/github-packages/READY-TO-UPLOAD/PUBLIC/paper-1997-05-the-full-cost-of-high-speed-rail-an-engineering-approach,data/analysis_workbooks/csv_exports/hsr_appendix6_d2/Trainset.csv,,column_150,,numeric,2,14.816666666666666 | -14.816666666666666,-14.8166666667,14.8166666667,csv,medium,"Some headers were missing; generated column_N names. Delimiter `,`; sampled first 77 rows."
paper-1997-05,The Full Cost Of High-Speed Rail: An Engineering Approach,READY-TO-UPLOAD/PUBLIC,/Users/dlev2617/Documents/Code/Agents/github-packages/READY-TO-UPLOAD/PUBLIC/paper-1997-05-the-full-cost-of-high-speed-rail-an-engineering-approach,data/analysis_workbooks/csv_exports/hsr_appendix6_d2/Trainset.csv,,column_151,,numeric,2,14.816666666666666 | -14.816666666666666,-14.8166666667,14.8166666667,csv,medium,"Some headers were missing; generated column_N names. Delimiter `,`; sampled first 77 rows."
paper-1997-05,The Full Cost Of High-Speed Rail: An Engineering Approach,READY-TO-UPLOAD/PUBLIC,/Users/dlev2617/Documents/Code/Agents/github-packages/READY-TO-UPLOAD/PUBLIC/paper-1997-05-the-full-cost-of-high-speed-rail-an-engineering-approach,data/analysis_workbooks/csv_exports/hsr_appendix6_d2/Trainset.csv,,column_152,,numeric,2,14.816666666666666 | -14.816666666666666,-14.8166666667,14.8166666667,csv,medium,"Some headers were missing; generated column_N names. Delimiter `,`; sampled first 77 rows."
paper-1997-05,The Full Cost Of High-Speed Rail: An Engineering Approach,READY-TO-UPLOAD/PUBLIC,/Users/dlev2617/Documents/Code/Agents/github-packages/READY-TO-UPLOAD/PUBLIC/paper-1997-05-the-full-cost-of-high-speed-rail-an-engineering-approach,data/analysis_workbooks/csv_exports/hsr_appendix6_d2/Trainset.csv,,column_153,,numeric,2,14.816666666666666 | -14.816666666666666,-14.8166666667,14.8166666667,csv,medium,"Some headers were missing; generated column_N names. Delimiter `,`; sampled first 77 rows."
paper-1997-05,The Full Cost Of High-Speed Rail: An Engineering Approach,READY-TO-UPLOAD/PUBLIC,/Users/dlev2617/Documents/Code/Agents/github-packages/READY-TO-UPLOAD/PUBLIC/paper-1997-05-the-full-cost-of-high-speed-rail-an-engineering-approach,data/analysis_workbooks/csv_exports/hsr_appendix6_d2/Trainset.csv,,column_154,,numeric,2,14.816666666666666 | -14.816666666666666,-14.8166666667,14.8166666667,csv,medium,"Some headers were missing; generated column_N names. Delimiter `,`; sampled first 77 rows."
paper-1997-05,The Full Cost Of High-Speed Rail: An Engineering Approach,READY-TO-UPLOAD/PUBLIC,/Users/dlev2617/Documents/Code/Agents/github-packages/READY-TO-UPLOAD/PUBLIC/paper-1997-05-the-full-cost-of-high-speed-rail-an-engineering-approach,data/analysis_workbooks/csv_exports/hsr_appendix6_d2/Trainset.csv,,column_155,,numeric,2,14.816666666666666 | -14.816666666666666,-14.8166666667,14.8166666667,csv,medium,"Some headers were missing; generated column_N names. Delimiter `,`; sampled first 77 rows."
paper-1997-05,The Full Cost Of High-Speed Rail: An Engineering Approach,READY-TO-UPLOAD/PUBLIC,/Users/dlev2617/Documents/Code/Agents/github-packages/READY-TO-UPLOAD/PUBLIC/paper-1997-05-the-full-cost-of-high-speed-rail-an-engineering-approach,data/analysis_workbooks/csv_exports/hsr_appendix6_d2/Trainset.csv,,column_156,,numeric,2,14.816666666666666 | -14.816666666666666,-14.8166666667,14.8166666667,csv,medium,"Some headers were missing; generated column_N names. Delimiter `,`; sampled first 77 rows."
paper-1997-05,The Full Cost Of High-Speed Rail: An Engineering Approach,READY-TO-UPLOAD/PUBLIC,/Users/dlev2617/Documents/Code/Agents/github-packages/READY-TO-UPLOAD/PUBLIC/paper-1997-05-the-full-cost-of-high-speed-rail-an-engineering-approach,data/analysis_workbooks/csv_exports/hsr_appendix6_d2/Trainset.csv,,column_157,,numeric,2,14.816666666666666 | -14.816666666666666,-14.8166666667,14.8166666667,csv,medium,"Some headers were missing; generated column_N names. Delimiter `,`; sampled first 77 rows."
paper-1997-05,The Full Cost Of High-Speed Rail: An Engineering Approach,READY-TO-UPLOAD/PUBLIC,/Users/dlev2617/Documents/Code/Agents/github-packages/READY-TO-UPLOAD/PUBLIC/paper-1997-05-the-full-cost-of-high-speed-rail-an-engineering-approach,data/analysis_workbooks/csv_exports/hsr_appendix6_d2/Trainset.csv,,column_158,,numeric,2,14.816666666666666 | -14.816666666666666,-14.8166666667,14.8166666667,csv,medium,"Some headers were missing; generated column_N names. Delimiter `,`; sampled first 77 rows."
paper-1997-05,The Full Cost Of High-Speed Rail: An Engineering Approach,READY-TO-UPLOAD/PUBLIC,/Users/dlev2617/Documents/Code/Agents/github-packages/READY-TO-UPLOAD/PUBLIC/paper-1997-05-the-full-cost-of-high-speed-rail-an-engineering-approach,data/analysis_workbooks/csv_exports/hsr_appendix6_d2/Trainset.csv,,column_159,,numeric,2,14.816666666666666 | -14.816666666666666,-14.8166666667,14.8166666667,csv,medium,"Some headers were missing; generated column_N names. Delimiter `,`; sampled first 77 rows."
paper-1997-05,The Full Cost Of High-Speed Rail: An Engineering Approach,READY-TO-UPLOAD/PUBLIC,/Users/dlev2617/Documents/Code/Agents/github-packages/READY-TO-UPLOAD/PUBLIC/paper-1997-05-the-full-cost-of-high-speed-rail-an-engineering-approach,data/analysis_workbooks/csv_exports/hsr_appendix6_d2/Trainset.csv,,column_160,,numeric,2,14.816666666666666 | -14.816666666666666,-14.8166666667,14.8166666667,csv,medium,"Some headers were missing; generated column_N names. Delimiter `,`; sampled first 77 rows."
paper-1997-05,The Full Cost Of High-Speed Rail: An Engineering Approach,READY-TO-UPLOAD/PUBLIC,/Users/dlev2617/Documents/Code/Agents/github-packages/READY-TO-UPLOAD/PUBLIC/paper-1997-05-the-full-cost-of-high-speed-rail-an-engineering-approach,data/analysis_workbooks/csv_exports/hsr_appendix6_d2/Trainset.csv,,column_161,,numeric,2,14.816666666666666 | -14.816666666666666,-14.8166666667,14.8166666667,csv,medium,"Some headers were missing; generated column_N names. Delimiter `,`; sampled first 77 rows."
paper-1997-05,The Full Cost Of High-Speed Rail: An Engineering Approach,READY-TO-UPLOAD/PUBLIC,/Users/dlev2617/Documents/Code/Agents/github-packages/READY-TO-UPLOAD/PUBLIC/paper-1997-05-the-full-cost-of-high-speed-rail-an-engineering-approach,data/analysis_workbooks/csv_exports/hsr_appendix6_d2/Trainset.csv,,column_162,,numeric,2,14.816666666666666 | -14.816666666666666,-14.8166666667,14.8166666667,csv,medium,"Some headers were missing; generated column_N names. Delimiter `,`; sampled first 77 rows."
paper-1997-05,The Full Cost Of High-Speed Rail: An Engineering Approach,READY-TO-UPLOAD/PUBLIC,/Users/dlev2617/Documents/Code/Agents/github-packages/READY-TO-UPLOAD/PUBLIC/paper-1997-05-the-full-cost-of-high-speed-rail-an-engineering-approach,data/analysis_workbooks/csv_exports/hsr_appendix6_d2/Trainset.csv,,column_163,,numeric,2,14.816666666666666 | -14.816666666666666,-14.8166666667,14.8166666667,csv,medium,"Some headers were missing; generated column_N names. Delimiter `,`; sampled first 77 rows."
paper-1997-05,The Full Cost Of High-Speed Rail: An Engineering Approach,READY-TO-UPLOAD/PUBLIC,/Users/dlev2617/Documents/Code/Agents/github-packages/READY-TO-UPLOAD/PUBLIC/paper-1997-05-the-full-cost-of-high-speed-rail-an-engineering-approach,data/analysis_workbooks/csv_exports/hsr_appendix6_d2/Trainset.csv,,column_164,,numeric,2,14.816666666666666 | -14.816666666666666,-14.8166666667,14.8166666667,csv,medium,"Some headers were missing; generated column_N names. Delimiter `,`; sampled first 77 rows."
paper-1997-05,The Full Cost Of High-Speed Rail: An Engineering Approach,READY-TO-UPLOAD/PUBLIC,/Users/dlev2617/Documents/Code/Agents/github-packages/READY-TO-UPLOAD/PUBLIC/paper-1997-05-the-full-cost-of-high-speed-rail-an-engineering-approach,data/analysis_workbooks/csv_exports/hsr_appendix6_d2/Trainset.csv,,column_165,,numeric,2,14.816666666666666 | -14.816666666666666,-14.8166666667,14.8166666667,csv,medium,"Some headers were missing; generated column_N names. Delimiter `,`; sampled first 77 rows."
paper-1997-05,The Full Cost Of High-Speed Rail: An Engineering Approach,READY-TO-UPLOAD/PUBLIC,/Users/dlev2617/Documents/Code/Agents/github-packages/READY-TO-UPLOAD/PUBLIC/paper-1997-05-the-full-cost-of-high-speed-rail-an-engineering-approach,data/analysis_workbooks/csv_exports/hsr_appendix6_d2/Trainset.csv,,column_166,,numeric,2,14.816666666666666 | -14.816666666666666,-14.8166666667,14.8166666667,csv,medium,"Some headers were missing; generated column_N names. Delimiter `,`; sampled first 77 rows."
paper-1997-05,The Full Cost Of High-Speed Rail: An Engineering Approach,READY-TO-UPLOAD/PUBLIC,/Users/dlev2617/Documents/Code/Agents/github-packages/READY-TO-UPLOAD/PUBLIC/paper-1997-05-the-full-cost-of-high-speed-rail-an-engineering-approach,data/analysis_workbooks/csv_exports/hsr_appendix6_d2/Trainset.csv,,column_167,,numeric,2,14.816666666666666 | -14.816666666666666,-14.8166666667,14.8166666667,csv,medium,"Some headers were missing; generated column_N names. Delimiter `,`; sampled first 77 rows."
paper-1997-05,The Full Cost Of High-Speed Rail: An Engineering Approach,READY-TO-UPLOAD/PUBLIC,/Users/dlev2617/Documents/Code/Agents/github-packages/READY-TO-UPLOAD/PUBLIC/paper-1997-05-the-full-cost-of-high-speed-rail-an-engineering-approach,data/analysis_workbooks/csv_exports/hsr_appendix6_d2/Trainset.csv,,column_168,,numeric,2,14.816666666666666 | -14.816666666666666,-14.8166666667,14.8166666667,csv,medium,"Some headers were missing; generated column_N names. Delimiter `,`; sampled first 77 rows."
paper-1997-05,The Full Cost Of High-Speed Rail: An Engineering Approach,READY-TO-UPLOAD/PUBLIC,/Users/dlev2617/Documents/Code/Agents/github-packages/READY-TO-UPLOAD/PUBLIC/paper-1997-05-the-full-cost-of-high-speed-rail-an-engineering-approach,data/analysis_workbooks/csv_exports/hsr_appendix6_d2/Trainset.csv,,column_169,,numeric,2,14.816666666666666 | -14.816666666666666,-14.8166666667,14.8166666667,csv,medium,"Some headers were missing; generated column_N names. Delimiter `,`; sampled first 77 rows."
paper-1997-05,The Full Cost Of High-Speed Rail: An Engineering Approach,READY-TO-UPLOAD/PUBLIC,/Users/dlev2617/Documents/Code/Agents/github-packages/READY-TO-UPLOAD/PUBLIC/paper-1997-05-the-full-cost-of-high-speed-rail-an-engineering-approach,data/analysis_workbooks/csv_exports/hsr_appendix6_d2/Trainset.csv,,column_170,,numeric,2,14.816666666666666 | -14.816666666666666,-14.8166666667,14.8166666667,csv,medium,"Some headers were missing; generated column_N names. Delimiter `,`; sampled first 77 rows."
paper-1997-05,The Full Cost Of High-Speed Rail: An Engineering Approach,READY-TO-UPLOAD/PUBLIC,/Users/dlev2617/Documents/Code/Agents/github-packages/READY-TO-UPLOAD/PUBLIC/paper-1997-05-the-full-cost-of-high-speed-rail-an-engineering-approach,data/analysis_workbooks/csv_exports/hsr_appendix6_d2/Trainset.csv,,column_171,,numeric,2,14.816666666666666 | -14.816666666666666,-14.8166666667,14.8166666667,csv,medium,"Some headers were missing; generated column_N names. Delimiter `,`; sampled first 77 rows."
paper-1997-05,The Full Cost Of High-Speed Rail: An Engineering Approach,READY-TO-UPLOAD/PUBLIC,/Users/dlev2617/Documents/Code/Agents/github-packages/READY-TO-UPLOAD/PUBLIC/paper-1997-05-the-full-cost-of-high-speed-rail-an-engineering-approach,data/analysis_workbooks/csv_exports/hsr_appendix6_d2/Trainset.csv,,column_172,,numeric,2,14.816666666666666 | -14.816666666666666,-14.8166666667,14.8166666667,csv,medium,"Some headers were missing; generated column_N names. Delimiter `,`; sampled first 77 rows."
paper-1997-05,The Full Cost Of High-Speed Rail: An Engineering Approach,READY-TO-UPLOAD/PUBLIC,/Users/dlev2617/Documents/Code/Agents/github-packages/READY-TO-UPLOAD/PUBLIC/paper-1997-05-the-full-cost-of-high-speed-rail-an-engineering-approach,data/analysis_workbooks/csv_exports/hsr_appendix6_d2/Trainset.csv,,column_173,,numeric,2,14.816666666666666 | -14.816666666666666,-14.8166666667,14.8166666667,csv,medium,"Some headers were missing; generated column_N names. Delimiter `,`; sampled first 77 rows."
paper-1997-05,The Full Cost Of High-Speed Rail: An Engineering Approach,READY-TO-UPLOAD/PUBLIC,/Users/dlev2617/Documents/Code/Agents/github-packages/READY-TO-UPLOAD/PUBLIC/paper-1997-05-the-full-cost-of-high-speed-rail-an-engineering-approach,data/analysis_workbooks/csv_exports/hsr_appendix6_d2/Trainset.csv,,column_174,,numeric,2,14.816666666666666 | -14.816666666666666,-14.8166666667,14.8166666667,csv,medium,"Some headers were missing; generated column_N names. Delimiter `,`; sampled first 77 rows."
paper-1997-05,The Full Cost Of High-Speed Rail: An Engineering Approach,READY-TO-UPLOAD/PUBLIC,/Users/dlev2617/Documents/Code/Agents/github-packages/READY-TO-UPLOAD/PUBLIC/paper-1997-05-the-full-cost-of-high-speed-rail-an-engineering-approach,data/analysis_workbooks/csv_exports/hsr_appendix6_d2/Trainset.csv,,column_175,,numeric,2,14.816666666666666 | -14.816666666666666,-14.8166666667,14.8166666667,csv,medium,"Some headers were missing; generated column_N names. Delimiter `,`; sampled first 77 rows."
paper-1997-05,The Full Cost Of High-Speed Rail: An Engineering Approach,READY-TO-UPLOAD/PUBLIC,/Users/dlev2617/Documents/Code/Agents/github-packages/READY-TO-UPLOAD/PUBLIC/paper-1997-05-the-full-cost-of-high-speed-rail-an-engineering-approach,data/analysis_workbooks/csv_exports/hsr_appendix6_d2/Trainset.csv,,column_176,,numeric,2,14.816666666666666 | -14.816666666666666,-14.8166666667,14.8166666667,csv,medium,"Some headers were missing; generated column_N names. Delimiter `,`; sampled first 77 rows."
paper-1997-05,The Full Cost Of High-Speed Rail: An Engineering Approach,READY-TO-UPLOAD/PUBLIC,/Users/dlev2617/Documents/Code/Agents/github-packages/READY-TO-UPLOAD/PUBLIC/paper-1997-05-the-full-cost-of-high-speed-rail-an-engineering-approach,data/analysis_workbooks/csv_exports/hsr_appendix6_d2/Trainset.csv,,column_177,,numeric,2,14.816666666666666 | -14.816666666666666,-14.8166666667,14.8166666667,csv,medium,"Some headers were missing; generated column_N names. Delimiter `,`; sampled first 77 rows."
paper-1997-05,The Full Cost Of High-Speed Rail: An Engineering Approach,READY-TO-UPLOAD/PUBLIC,/Users/dlev2617/Documents/Code/Agents/github-packages/READY-TO-UPLOAD/PUBLIC/paper-1997-05-the-full-cost-of-high-speed-rail-an-engineering-approach,data/analysis_workbooks/csv_exports/hsr_appendix6_d2/Trainset.csv,,column_178,,numeric,2,14.816666666666666 | -14.816666666666666,-14.8166666667,14.8166666667,csv,medium,"Some headers were missing; generated column_N names. Delimiter `,`; sampled first 77 rows."
paper-1997-05,The Full Cost Of High-Speed Rail: An Engineering Approach,READY-TO-UPLOAD/PUBLIC,/Users/dlev2617/Documents/Code/Agents/github-packages/READY-TO-UPLOAD/PUBLIC/paper-1997-05-the-full-cost-of-high-speed-rail-an-engineering-approach,data/analysis_workbooks/csv_exports/hsr_appendix6_d2/Trainset.csv,,column_179,,numeric,2,14.816666666666666 | -14.816666666666666,-14.8166666667,14.8166666667,csv,medium,"Some headers were missing; generated column_N names. Delimiter `,`; sampled first 77 rows."
paper-1997-05,The Full Cost Of High-Speed Rail: An Engineering Approach,READY-TO-UPLOAD/PUBLIC,/Users/dlev2617/Documents/Code/Agents/github-packages/READY-TO-UPLOAD/PUBLIC/paper-1997-05-the-full-cost-of-high-speed-rail-an-engineering-approach,data/analysis_workbooks/csv_exports/hsr_appendix6_d2/Trainset.csv,,column_180,,numeric,2,14.816666666666666 | -14.816666666666666,-14.8166666667,14.8166666667,csv,medium,"Some headers were missing; generated column_N names. Delimiter `,`; sampled first 77 rows."
paper-1997-05,The Full Cost Of High-Speed Rail: An Engineering Approach,READY-TO-UPLOAD/PUBLIC,/Users/dlev2617/Documents/Code/Agents/github-packages/READY-TO-UPLOAD/PUBLIC/paper-1997-05-the-full-cost-of-high-speed-rail-an-engineering-approach,data/analysis_workbooks/csv_exports/hsr_appendix6_d2/Trainset.csv,,column_181,,numeric,2,14.816666666666666 | -14.816666666666666,-14.8166666667,14.8166666667,csv,medium,"Some headers were missing; generated column_N names. Delimiter `,`; sampled first 77 rows."
paper-1997-05,The Full Cost Of High-Speed Rail: An Engineering Approach,READY-TO-UPLOAD/PUBLIC,/Users/dlev2617/Documents/Code/Agents/github-packages/READY-TO-UPLOAD/PUBLIC/paper-1997-05-the-full-cost-of-high-speed-rail-an-engineering-approach,data/analysis_workbooks/csv_exports/hsr_appendix6_d2/Trainset.csv,,column_182,,numeric,2,14.816666666666666 | -14.816666666666666,-14.8166666667,14.8166666667,csv,medium,"Some headers were missing; generated column_N names. Delimiter `,`; sampled first 77 rows."
paper-1997-05,The Full Cost Of High-Speed Rail: An Engineering Approach,READY-TO-UPLOAD/PUBLIC,/Users/dlev2617/Documents/Code/Agents/github-packages/READY-TO-UPLOAD/PUBLIC/paper-1997-05-the-full-cost-of-high-speed-rail-an-engineering-approach,data/analysis_workbooks/csv_exports/hsr_appendix6_d2/Trainset.csv,,column_183,,numeric,2,14.816666666666666 | -14.816666666666666,-14.8166666667,14.8166666667,csv,medium,"Some headers were missing; generated column_N names. Delimiter `,`; sampled first 77 rows."
paper-1997-05,The Full Cost Of High-Speed Rail: An Engineering Approach,READY-TO-UPLOAD/PUBLIC,/Users/dlev2617/Documents/Code/Agents/github-packages/READY-TO-UPLOAD/PUBLIC/paper-1997-05-the-full-cost-of-high-speed-rail-an-engineering-approach,data/analysis_workbooks/csv_exports/hsr_appendix6_d2/Trainset.csv,,column_184,,numeric,2,14.816666666666666 | -14.816666666666666,-14.8166666667,14.8166666667,csv,medium,"Some headers were missing; generated column_N names. Delimiter `,`; sampled first 77 rows."
paper-1997-05,The Full Cost Of High-Speed Rail: An Engineering Approach,READY-TO-UPLOAD/PUBLIC,/Users/dlev2617/Documents/Code/Agents/github-packages/READY-TO-UPLOAD/PUBLIC/paper-1997-05-the-full-cost-of-high-speed-rail-an-engineering-approach,data/analysis_workbooks/csv_exports/hsr_appendix6_d2/Trainset.csv,,column_185,,numeric,2,14.816666666666666 | -14.816666666666666,-14.8166666667,14.8166666667,csv,medium,"Some headers were missing; generated column_N names. Delimiter `,`; sampled first 77 rows."
paper-1997-05,The Full Cost Of High-Speed Rail: An Engineering Approach,READY-TO-UPLOAD/PUBLIC,/Users/dlev2617/Documents/Code/Agents/github-packages/READY-TO-UPLOAD/PUBLIC/paper-1997-05-the-full-cost-of-high-speed-rail-an-engineering-approach,data/analysis_workbooks/csv_exports/hsr_appendix6_d2/Trainset.csv,,column_186,,numeric,2,14.816666666666666 | -14.816666666666666,-14.8166666667,14.8166666667,csv,medium,"Some headers were missing; generated column_N names. Delimiter `,`; sampled first 77 rows."
paper-1997-05,The Full Cost Of High-Speed Rail: An Engineering Approach,READY-TO-UPLOAD/PUBLIC,/Users/dlev2617/Documents/Code/Agents/github-packages/READY-TO-UPLOAD/PUBLIC/paper-1997-05-the-full-cost-of-high-speed-rail-an-engineering-approach,data/analysis_workbooks/csv_exports/hsr_appendix6_d2/Trainset.csv,,column_187,,numeric,2,14.816666666666666 | -14.816666666666666,-14.8166666667,14.8166666667,csv,medium,"Some headers were missing; generated column_N names. Delimiter `,`; sampled first 77 rows."
paper-1997-05,The Full Cost Of High-Speed Rail: An Engineering Approach,READY-TO-UPLOAD/PUBLIC,/Users/dlev2617/Documents/Code/Agents/github-packages/READY-TO-UPLOAD/PUBLIC/paper-1997-05-the-full-cost-of-high-speed-rail-an-engineering-approach,data/analysis_workbooks/csv_exports/hsr_appendix6_d2/Trainset.csv,,column_188,,numeric,2,14.816666666666666 | -14.816666666666666,-14.8166666667,14.8166666667,csv,medium,"Some headers were missing; generated column_N names. Delimiter `,`; sampled first 77 rows."
paper-1997-05,The Full Cost Of High-Speed Rail: An Engineering Approach,READY-TO-UPLOAD/PUBLIC,/Users/dlev2617/Documents/Code/Agents/github-packages/READY-TO-UPLOAD/PUBLIC/paper-1997-05-the-full-cost-of-high-speed-rail-an-engineering-approach,data/analysis_workbooks/csv_exports/hsr_appendix6_d2/Trainset.csv,,column_189,,numeric,2,14.816666666666666 | -14.816666666666666,-14.8166666667,14.8166666667,csv,medium,"Some headers were missing; generated column_N names. Delimiter `,`; sampled first 77 rows."
paper-1997-05,The Full Cost Of High-Speed Rail: An Engineering Approach,READY-TO-UPLOAD/PUBLIC,/Users/dlev2617/Documents/Code/Agents/github-packages/READY-TO-UPLOAD/PUBLIC/paper-1997-05-the-full-cost-of-high-speed-rail-an-engineering-approach,data/analysis_workbooks/csv_exports/hsr_appendix6_d2/Trainset.csv,,column_190,,numeric,2,14.816666666666666 | -14.816666666666666,-14.8166666667,14.8166666667,csv,medium,"Some headers were missing; generated column_N names. Delimiter `,`; sampled first 77 rows."
paper-1997-05,The Full Cost Of High-Speed Rail: An Engineering Approach,READY-TO-UPLOAD/PUBLIC,/Users/dlev2617/Documents/Code/Agents/github-packages/READY-TO-UPLOAD/PUBLIC/paper-1997-05-the-full-cost-of-high-speed-rail-an-engineering-approach,data/analysis_workbooks/csv_exports/hsr_appendix6_d2/Trainset.csv,,column_191,,numeric,2,14.816666666666666 | -14.816666666666666,-14.8166666667,14.8166666667,csv,medium,"Some headers were missing; generated column_N names. Delimiter `,`; sampled first 77 rows."
paper-1997-05,The Full Cost Of High-Speed Rail: An Engineering Approach,READY-TO-UPLOAD/PUBLIC,/Users/dlev2617/Documents/Code/Agents/github-packages/READY-TO-UPLOAD/PUBLIC/paper-1997-05-the-full-cost-of-high-speed-rail-an-engineering-approach,data/analysis_workbooks/csv_exports/hsr_appendix6_d2/Trainset.csv,,column_192,,numeric,2,14.816666666666666 | -14.816666666666666,-14.8166666667,14.8166666667,csv,medium,"Some headers were missing; generated column_N names. Delimiter `,`; sampled first 77 rows."
paper-1997-05,The Full Cost Of High-Speed Rail: An Engineering Approach,READY-TO-UPLOAD/PUBLIC,/Users/dlev2617/Documents/Code/Agents/github-packages/READY-TO-UPLOAD/PUBLIC/paper-1997-05-the-full-cost-of-high-speed-rail-an-engineering-approach,data/analysis_workbooks/csv_exports/hsr_appendix6_d2/Trainset.csv,,column_193,,numeric,2,14.816666666666666 | -14.816666666666666,-14.8166666667,14.8166666667,csv,medium,"Some headers were missing; generated column_N names. Delimiter `,`; sampled first 77 rows."
paper-1997-05,The Full Cost Of High-Speed Rail: An Engineering Approach,READY-TO-UPLOAD/PUBLIC,/Users/dlev2617/Documents/Code/Agents/github-packages/READY-TO-UPLOAD/PUBLIC/paper-1997-05-the-full-cost-of-high-speed-rail-an-engineering-approach,data/analysis_workbooks/csv_exports/hsr_appendix6_d2/Trainset.csv,,column_194,,numeric,2,14.816666666666666 | -14.816666666666666,-14.8166666667,14.8166666667,csv,medium,"Some headers were missing; generated column_N names. Delimiter `,`; sampled first 77 rows."
paper-1997-05,The Full Cost Of High-Speed Rail: An Engineering Approach,READY-TO-UPLOAD/PUBLIC,/Users/dlev2617/Documents/Code/Agents/github-packages/READY-TO-UPLOAD/PUBLIC/paper-1997-05-the-full-cost-of-high-speed-rail-an-engineering-approach,data/analysis_workbooks/csv_exports/hsr_appendix6_d2/Trainset.csv,,column_195,,numeric,2,14.816666666666666 | -14.816666666666666,-14.8166666667,14.8166666667,csv,medium,"Some headers were missing; generated column_N names. Delimiter `,`; sampled first 77 rows."
paper-1997-05,The Full Cost Of High-Speed Rail: An Engineering Approach,READY-TO-UPLOAD/PUBLIC,/Users/dlev2617/Documents/Code/Agents/github-packages/READY-TO-UPLOAD/PUBLIC/paper-1997-05-the-full-cost-of-high-speed-rail-an-engineering-approach,data/analysis_workbooks/csv_exports/hsr_appendix6_d2/Trainset.csv,,column_196,,numeric,2,14.816666666666666 | -14.816666666666666,-14.8166666667,14.8166666667,csv,medium,"Some headers were missing; generated column_N names. Delimiter `,`; sampled first 77 rows."
paper-1997-05,The Full Cost Of High-Speed Rail: An Engineering Approach,READY-TO-UPLOAD/PUBLIC,/Users/dlev2617/Documents/Code/Agents/github-packages/READY-TO-UPLOAD/PUBLIC/paper-1997-05-the-full-cost-of-high-speed-rail-an-engineering-approach,data/analysis_workbooks/csv_exports/hsr_appendix6_d2/Trainset.csv,,column_197,,numeric,2,14.816666666666666 | -14.816666666666666,-14.8166666667,14.8166666667,csv,medium,"Some headers were missing; generated column_N names. Delimiter `,`; sampled first 77 rows."
paper-1997-05,The Full Cost Of High-Speed Rail: An Engineering Approach,READY-TO-UPLOAD/PUBLIC,/Users/dlev2617/Documents/Code/Agents/github-packages/READY-TO-UPLOAD/PUBLIC/paper-1997-05-the-full-cost-of-high-speed-rail-an-engineering-approach,data/analysis_workbooks/csv_exports/hsr_appendix6_d2/Trainset.csv,,column_198,,numeric,2,14.816666666666666 | -14.816666666666666,-14.8166666667,14.8166666667,csv,medium,"Some headers were missing; generated column_N names. Delimiter `,`; sampled first 77 rows."
paper-1997-05,The Full Cost Of High-Speed Rail: An Engineering Approach,READY-TO-UPLOAD/PUBLIC,/Users/dlev2617/Documents/Code/Agents/github-packages/READY-TO-UPLOAD/PUBLIC/paper-1997-05-the-full-cost-of-high-speed-rail-an-engineering-approach,data/analysis_workbooks/csv_exports/hsr_appendix6_d2/Trainset.csv,,column_199,,numeric,2,14.816666666666666 | -14.816666666666666,-14.8166666667,14.8166666667,csv,medium,"Some headers were missing; generated column_N names. Delimiter `,`; sampled first 77 rows."
paper-1997-05,The Full Cost Of High-Speed Rail: An Engineering Approach,READY-TO-UPLOAD/PUBLIC,/Users/dlev2617/Documents/Code/Agents/github-packages/READY-TO-UPLOAD/PUBLIC/paper-1997-05-the-full-cost-of-high-speed-rail-an-engineering-approach,data/analysis_workbooks/csv_exports/hsr_appendix6_d2/Trainset.csv,,column_200,,numeric,2,14.816666666666666 | -14.816666666666666,-14.8166666667,14.8166666667,csv,medium,"Some headers were missing; generated column_N names. Delimiter `,`; sampled first 77 rows."
paper-1997-05,The Full Cost Of High-Speed Rail: An Engineering Approach,READY-TO-UPLOAD/PUBLIC,/Users/dlev2617/Documents/Code/Agents/github-packages/READY-TO-UPLOAD/PUBLIC/paper-1997-05-the-full-cost-of-high-speed-rail-an-engineering-approach,data/analysis_workbooks/csv_exports/rail_noise_model/A.csv,,The Cost of Noise: Model and Calculations,,mixed_numeric_text,62,"Scenario 1: Urban Rail (HSR, 92 db(A) at 25 meters) | Interest | Years | Trains/Hour | Speed (km/hr)",,,csv,medium,"Some headers were missing; generated column_N names. Delimiter `,`; sampled first 66 rows."
paper-1997-05,The Full Cost Of High-Speed Rail: An Engineering Approach,READY-TO-UPLOAD/PUBLIC,/Users/dlev2617/Documents/Code/Agents/github-packages/READY-TO-UPLOAD/PUBLIC/paper-1997-05-the-full-cost-of-high-speed-rail-an-engineering-approach,data/analysis_workbooks/csv_exports/rail_noise_model/A.csv,,column_2,,mixed_numeric_text,61,0.075 | 30.0 | 5.0 | 200.0 | 100.0,,,csv,medium,"Some headers were missing; generated column_N names. Delimiter `,`; sampled first 66 rows."
paper-1997-05,The Full Cost Of High-Speed Rail: An Engineering Approach,READY-TO-UPLOAD/PUBLIC,/Users/dlev2617/Documents/Code/Agents/github-packages/READY-TO-UPLOAD/PUBLIC/paper-1997-05-the-full-cost-of-high-speed-rail-an-engineering-approach,data/analysis_workbooks/csv_exports/rail_noise_model/A.csv,,column_3,,mixed_numeric_text,53,capacity | load factor | Leq | 78.5189809182497 | 68.84625906452075,,,csv,medium,"Some headers were missing; generated column_N names. Delimiter `,`; sampled first 66 rows."
paper-1997-05,The Full Cost Of High-Speed Rail: An Engineering Approach,READY-TO-UPLOAD/PUBLIC,/Users/dlev2617/Documents/Code/Agents/github-packages/READY-TO-UPLOAD/PUBLIC/paper-1997-05-the-full-cost-of-high-speed-rail-an-engineering-approach,data/analysis_workbooks/csv_exports/rail_noise_model/A.csv,,column_4,,mixed_numeric_text,53,350.0 | 0.75 | NEF | 13.27569172692867 | 3.6029698731997257,,,csv,medium,"Some headers were missing; generated column_N names. Delimiter `,`; sampled first 66 rows."
paper-1997-05,The Full Cost Of High-Speed Rail: An Engineering Approach,READY-TO-UPLOAD/PUBLIC,/Users/dlev2617/Documents/Code/Agents/github-packages/READY-TO-UPLOAD/PUBLIC/paper-1997-05-the-full-cost-of-high-speed-rail-an-engineering-approach,data/analysis_workbooks/csv_exports/rail_noise_model/A.csv,,column_5,,mixed_numeric_text,52,Houses/Band | 7.2 | 359.99999999999966,,,csv,medium,"Some headers were missing; generated column_N names. Delimiter `,`; sampled first 66 rows."
paper-1997-05,The Full Cost Of High-Speed Rail: An Engineering Approach,READY-TO-UPLOAD/PUBLIC,/Users/dlev2617/Documents/Code/Agents/github-packages/READY-TO-UPLOAD/PUBLIC/paper-1997-05-the-full-cost-of-high-speed-rail-an-engineering-approach,data/analysis_workbooks/csv_exports/rail_noise_model/A.csv,,column_6,,mixed_numeric_text,62,TOTAL COST/km | $/veh-km | Cost per dB(A) | Mean House Value | Density (hh/sqkm),,,csv,medium,"Some headers were missing; generated column_N names. Delimiter `,`; sampled first 66 rows."
paper-1997-05,The Full Cost Of High-Speed Rail: An Engineering Approach,READY-TO-UPLOAD/PUBLIC,/Users/dlev2617/Documents/Code/Agents/github-packages/READY-TO-UPLOAD/PUBLIC/paper-1997-05-the-full-cost-of-high-speed-rail-an-engineering-approach,data/analysis_workbooks/csv_exports/rail_noise_model/A.csv,,column_7,,mixed_numeric_text,61,336522.58312995685 | 0.6505429903500398 | 0.006200000000000001 | 250000.0 | 360.0,,,csv,medium,"Some headers were missing; generated column_N names. Delimiter `,`; sampled first 66 rows."
paper-1997-05,The Full Cost Of High-Speed Rail: An Engineering Approach,READY-TO-UPLOAD/PUBLIC,/Users/dlev2617/Documents/Code/Agents/github-packages/READY-TO-UPLOAD/PUBLIC/paper-1997-05-the-full-cost-of-high-speed-rail-an-engineering-approach,data/analysis_workbooks/csv_exports/rail_noise_model/B.csv,,TRAINS,,numeric,11,0.0 | 1.0 | 2.0 | 3.0 | 4.0,0,10,csv,medium,"Headers inferred from first row. Delimiter `,`; sampled first 12 rows."
paper-1997-05,The Full Cost Of High-Speed Rail: An Engineering Approach,READY-TO-UPLOAD/PUBLIC,/Users/dlev2617/Documents/Code/Agents/github-packages/READY-TO-UPLOAD/PUBLIC/paper-1997-05-the-full-cost-of-high-speed-rail-an-engineering-approach,data/analysis_workbooks/csv_exports/rail_noise_model/B.csv,,ln(trains),,numeric,11,0.0 | 0.6931471805599453 | 1.0986122886681098 | 1.3862943611198906 | 1.6094379124341003,0,2.30258509299,csv,medium,"Headers inferred from first row. Delimiter `,`; sampled first 12 rows."
paper-1997-05,The Full Cost Of High-Speed Rail: An Engineering Approach,READY-TO-UPLOAD/PUBLIC,/Users/dlev2617/Documents/Code/Agents/github-packages/READY-TO-UPLOAD/PUBLIC/paper-1997-05-the-full-cost-of-high-speed-rail-an-engineering-approach,data/analysis_workbooks/csv_exports/rail_noise_model/B.csv,,trains^2,,numeric,11,0.0 | 1.0 | 4.0 | 9.0 | 16.0,0,100,csv,medium,"Headers inferred from first row. Delimiter `,`; sampled first 12 rows."
paper-1997-05,The Full Cost Of High-Speed Rail: An Engineering Approach,READY-TO-UPLOAD/PUBLIC,/Users/dlev2617/Documents/Code/Agents/github-packages/READY-TO-UPLOAD/PUBLIC/paper-1997-05-the-full-cost-of-high-speed-rail-an-engineering-approach,data/analysis_workbooks/csv_exports/rail_noise_model/B.csv,,TRAINS_2,,numeric,11,0.0 | 1.0 | 2.0 | 3.0 | 4.0,0,10,csv,medium,"Headers inferred from first row. Delimiter `,`; sampled first 12 rows."
paper-1997-05,The Full Cost Of High-Speed Rail: An Engineering Approach,READY-TO-UPLOAD/PUBLIC,/Users/dlev2617/Documents/Code/Agents/github-packages/READY-TO-UPLOAD/PUBLIC/paper-1997-05-the-full-cost-of-high-speed-rail-an-engineering-approach,data/analysis_workbooks/csv_exports/rail_noise_model/B.csv,,$/pkt @ 200 km/hr,,numeric,11,0.0 | 0.005166 | 0.00382 | 0.003219 | 0.002799,0,0.005166,csv,medium,"Headers inferred from first row. Delimiter `,`; sampled first 12 rows."
paper-1997-05,The Full Cost Of High-Speed Rail: An Engineering Approach,READY-TO-UPLOAD/PUBLIC,/Users/dlev2617/Documents/Code/Agents/github-packages/READY-TO-UPLOAD/PUBLIC/paper-1997-05-the-full-cost-of-high-speed-rail-an-engineering-approach,data/analysis_workbooks/csv_exports/rail_noise_model/B.csv,,$/pkt @ 320 km/hr,,numeric,11,0.0 | 0.0112 | 0.0074 | 0.0058 | 0.00488,0,0.0112,csv,medium,"Headers inferred from first row. Delimiter `,`; sampled first 12 rows."
paper-1997-05,The Full Cost Of High-Speed Rail: An Engineering Approach,READY-TO-UPLOAD/PUBLIC,/Users/dlev2617/Documents/Code/Agents/github-packages/READY-TO-UPLOAD/PUBLIC/paper-1997-05-the-full-cost-of-high-speed-rail-an-engineering-approach,data/analysis_workbooks/csv_exports/rail_noise_model/C.csv,,Distance Decay Model,,mixed_numeric_text,16,ref: Wayson and Bowlby fig 4 | Noise Level | 80.0 | 72.0 | 66.0,,,csv,medium,"Some headers were missing; generated column_N names. Delimiter `,`; sampled first 26 rows."
paper-1997-05,The Full Cost Of High-Speed Rail: An Engineering Approach,READY-TO-UPLOAD/PUBLIC,/Users/dlev2617/Documents/Code/Agents/github-packages/READY-TO-UPLOAD/PUBLIC/paper-1997-05-the-full-cost-of-high-speed-rail-an-engineering-approach,data/analysis_workbooks/csv_exports/rail_noise_model/C.csv,,column_2,,mixed_numeric_text,10,Distance | 25.0 | 100.0 | 200.0 | 400.0,,,csv,medium,"Some headers were missing; generated column_N names. Delimiter `,`; sampled first 26 rows."
paper-1997-05,The Full Cost Of High-Speed Rail: An Engineering Approach,READY-TO-UPLOAD/PUBLIC,/Users/dlev2617/Documents/Code/Agents/github-packages/READY-TO-UPLOAD/PUBLIC/paper-1997-05-the-full-cost-of-high-speed-rail-an-engineering-approach,data/analysis_workbooks/csv_exports/rail_noise_model/C.csv,,column_3,,mixed_numeric_text,11,3.2188758248682006 | 4.605170185988092 | 5.298317366548036 | 5.991464547107982 | ln(Distance),,,csv,medium,"Some headers were missing; generated column_N names. Delimiter `,`; sampled first 26 rows."
paper-1997-05,The Full Cost Of High-Speed Rail: An Engineering Approach,READY-TO-UPLOAD/PUBLIC,/Users/dlev2617/Documents/Code/Agents/github-packages/READY-TO-UPLOAD/PUBLIC/paper-1997-05-the-full-cost-of-high-speed-rail-an-engineering-approach,data/analysis_workbooks/csv_exports/rail_noise_model/C.csv,,column_4,,numeric,12,625.0 | 10000.0 | 40000.0 | 160000.0 | 99.25722867734599,0.982304147465,160000,csv,medium,"Some headers were missing; generated column_N names. Delimiter `,`; sampled first 26 rows."
paper-1997-05,The Full Cost Of High-Speed Rail: An Engineering Approach,READY-TO-UPLOAD/PUBLIC,/Users/dlev2617/Documents/Code/Agents/github-packages/READY-TO-UPLOAD/PUBLIC/paper-1997-05-the-full-cost-of-high-speed-rail-an-engineering-approach,data/analysis_workbooks/csv_exports/rail_noise_model/C.csv,,column_5,,numeric,7,150.0 | 200.0,150,200,csv,medium,"Some headers were missing; generated column_N names. Delimiter `,`; sampled first 26 rows."
paper-1997-05,The Full Cost Of High-Speed Rail: An Engineering Approach,READY-TO-UPLOAD/PUBLIC,/Users/dlev2617/Documents/Code/Agents/github-packages/READY-TO-UPLOAD/PUBLIC/paper-1997-05-the-full-cost-of-high-speed-rail-an-engineering-approach,data/analysis_workbooks/csv_exports/rail_noise_model/D.csv,,DEP=DB(A),,mixed_numeric_text,12,Constant | Std Err of Y Est | R Squared | No. of Observations | Degrees of Freedom,,,csv,medium,"Some headers were missing; generated column_N names. Delimiter `,`; sampled first 16 rows."
paper-1997-05,The Full Cost Of High-Speed Rail: An Engineering Approach,READY-TO-UPLOAD/PUBLIC,/Users/dlev2617/Documents/Code/Agents/github-packages/READY-TO-UPLOAD/PUBLIC/paper-1997-05-the-full-cost-of-high-speed-rail-an-engineering-approach,data/analysis_workbooks/csv_exports/rail_noise_model/D.csv,,Regression Output:,,mixed_numeric_text,4,Maglev | 72.0 | 75.0 | 85.0,,,csv,medium,"Some headers were missing; generated column_N names. Delimiter `,`; sampled first 16 rows."
paper-1997-05,The Full Cost Of High-Speed Rail: An Engineering Approach,READY-TO-UPLOAD/PUBLIC,/Users/dlev2617/Documents/Code/Agents/github-packages/READY-TO-UPLOAD/PUBLIC/paper-1997-05-the-full-cost-of-high-speed-rail-an-engineering-approach,data/analysis_workbooks/csv_exports/rail_noise_model/D.csv,,column_3,,mixed_numeric_text,8,LOG(Speed) | 29.729140447165868 | 10.027907704212902 | ICE | 72.0,,,csv,medium,"Some headers were missing; generated column_N names. Delimiter `,`; sampled first 16 rows."
paper-1997-05,The Full Cost Of High-Speed Rail: An Engineering Approach,READY-TO-UPLOAD/PUBLIC,/Users/dlev2617/Documents/Code/Agents/github-packages/READY-TO-UPLOAD/PUBLIC/paper-1997-05-the-full-cost-of-high-speed-rail-an-engineering-approach,data/analysis_workbooks/csv_exports/rail_noise_model/D.csv,,column_4,,mixed_numeric_text,9,14.945135063410234 | 3.749900199019505 | 0.81462760214903 | 4.0 | 2.0,,,csv,medium,"Some headers were missing; generated column_N names. Delimiter `,`; sampled first 16 rows."
paper-1997-05,The Full Cost Of High-Speed Rail: An Engineering Approach,READY-TO-UPLOAD/PUBLIC,/Users/dlev2617/Documents/Code/Agents/github-packages/READY-TO-UPLOAD/PUBLIC/paper-1997-05-the-full-cost-of-high-speed-rail-an-engineering-approach,data/analysis_workbooks/csv_exports/rail_noise_model/D.csv,,column_5,,mixed_numeric_text,4,Amtrak | 79.0 | 82.0 | 89.0,,,csv,medium,"Some headers were missing; generated column_N names. Delimiter `,`; sampled first 16 rows."
paper-1997-05,The Full Cost Of High-Speed Rail: An Engineering Approach,READY-TO-UPLOAD/PUBLIC,/Users/dlev2617/Documents/Code/Agents/github-packages/READY-TO-UPLOAD/PUBLIC/paper-1997-05-the-full-cost-of-high-speed-rail-an-engineering-approach,data/analysis_workbooks/csv_exports/rail_noise_model/D.csv,,column_6,,numeric,4,76.66666666666667 | 77.25 | 81.0 | 92.0,76.6666666667,92,csv,medium,"Some headers were missing; generated column_N names. Delimiter `,`; sampled first 16 rows."
paper-1997-05,The Full Cost Of High-Speed Rail: An Engineering Approach,READY-TO-UPLOAD/PUBLIC,/Users/dlev2617/Documents/Code/Agents/github-packages/READY-TO-UPLOAD/PUBLIC/paper-1997-05-the-full-cost-of-high-speed-rail-an-engineering-approach,data/analysis_workbooks/csv_exports/rail_noise_model/D.csv,,column_7,,numeric,4,1.9849771264154934 | 2.2068258760318495 | 2.286007122079474 | 2.507855871695831,1.98497712642,2.5078558717,csv,medium,"Some headers were missing; generated column_N names. Delimiter `,`; sampled first 16 rows."
paper-1997-05,The Full Cost Of High-Speed Rail: An Engineering Approach,READY-TO-UPLOAD/PUBLIC,/Users/dlev2617/Documents/Code/Agents/github-packages/READY-TO-UPLOAD/PUBLIC/paper-1997-05-the-full-cost-of-high-speed-rail-an-engineering-approach,data/analysis_workbooks/csv_exports/rail_noise_model/D.csv,,column_8,,numeric,4,73.93352019706846 | 80.52686503566656 | 82.88013166820197 | 89.47347650680008,73.9335201971,89.4734765068,csv,medium,"Some headers were missing; generated column_N names. Delimiter `,`; sampled first 16 rows."
paper-1997-05,The Full Cost Of High-Speed Rail: An Engineering Approach,READY-TO-UPLOAD/PUBLIC,/Users/dlev2617/Documents/Code/Agents/github-packages/READY-TO-UPLOAD/PUBLIC/paper-1997-05-the-full-cost-of-high-speed-rail-an-engineering-approach,data/analysis_workbooks/csv_exports/rail_noise_model/Sheet3.csv,,"SUMMARY OUTPUT: 200 kph: Y = $/pkt, X=trains/hours",,text,25,Regression Statistics | Multiple R | R Square | Adjusted R Square | Standard Error,,,csv,medium,"Some headers were missing; generated column_N names. Delimiter `,`; sampled first 37 rows."
paper-1997-05,The Full Cost Of High-Speed Rail: An Engineering Approach,READY-TO-UPLOAD/PUBLIC,/Users/dlev2617/Documents/Code/Agents/github-packages/READY-TO-UPLOAD/PUBLIC/paper-1997-05-the-full-cost-of-high-speed-rail-an-engineering-approach,data/analysis_workbooks/csv_exports/rail_noise_model/Sheet3.csv,,column_2,,mixed_numeric_text,24,0.9960128518472686 | 0.9920416010449291 | 0.9910468011755453 | 0.0001054279362990949 | 10.0,,,csv,medium,"Some headers were missing; generated column_N names. Delimiter `,`; sampled first 37 rows."
paper-1997-05,The Full Cost Of High-Speed Rail: An Engineering Approach,READY-TO-UPLOAD/PUBLIC,/Users/dlev2617/Documents/Code/Agents/github-packages/READY-TO-UPLOAD/PUBLIC/paper-1997-05-the-full-cost-of-high-speed-rail-an-engineering-approach,data/analysis_workbooks/csv_exports/rail_noise_model/Sheet3.csv,,column_3,,mixed_numeric_text,14,SS | 1.1084231201981707e-05 | 8.892039801828812e-08 | 1.1173151599999996e-05 | Standard Error,,,csv,medium,"Some headers were missing; generated column_N names. Delimiter `,`; sampled first 37 rows."
paper-1997-05,The Full Cost Of High-Speed Rail: An Engineering Approach,READY-TO-UPLOAD/PUBLIC,/Users/dlev2617/Documents/Code/Agents/github-packages/READY-TO-UPLOAD/PUBLIC/paper-1997-05-the-full-cost-of-high-speed-rail-an-engineering-approach,data/analysis_workbooks/csv_exports/rail_noise_model/Sheet3.csv,,column_4,,mixed_numeric_text,12,MS | 1.1084231201981707e-05 | 1.1115049752286015e-08 | t Stat | 62.475656638318455,,,csv,medium,"Some headers were missing; generated column_N names. Delimiter `,`; sampled first 37 rows."
paper-1997-05,The Full Cost Of High-Speed Rail: An Engineering Approach,READY-TO-UPLOAD/PUBLIC,/Users/dlev2617/Documents/Code/Agents/github-packages/READY-TO-UPLOAD/PUBLIC/paper-1997-05-the-full-cost-of-high-speed-rail-an-engineering-approach,data/analysis_workbooks/csv_exports/rail_noise_model/Sheet3.csv,,column_5,,mixed_numeric_text,10,F | 997.2273133282224 | P-value | 4.789940847631731e-12 | 1.100393748764256e-09,,,csv,medium,"Some headers were missing; generated column_N names. Delimiter `,`; sampled first 37 rows."
paper-1997-05,The Full Cost Of High-Speed Rail: An Engineering Approach,READY-TO-UPLOAD/PUBLIC,/Users/dlev2617/Documents/Code/Agents/github-packages/READY-TO-UPLOAD/PUBLIC/paper-1997-05-the-full-cost-of-high-speed-rail-an-engineering-approach,data/analysis_workbooks/csv_exports/rail_noise_model/Sheet3.csv,,column_6,,mixed_numeric_text,10,Significance F | 1.1003937487642678e-09 | Lower 95% | 0.004796708328333747 | -0.001624511145703648,,,csv,medium,"Some headers were missing; generated column_N names. Delimiter `,`; sampled first 37 rows."
paper-1997-05,The Full Cost Of High-Speed Rail: An Engineering Approach,READY-TO-UPLOAD/PUBLIC,/Users/dlev2617/Documents/Code/Agents/github-packages/READY-TO-UPLOAD/PUBLIC/paper-1997-05-the-full-cost-of-high-speed-rail-an-engineering-approach,data/analysis_workbooks/csv_exports/rail_noise_model/Sheet3.csv,,column_7,,mixed_numeric_text,6,Upper 95% | 0.005164376619825131 | -0.0014034020061864016 | 0.011218854214371372 | -0.002925906018463392,,,csv,medium,"Some headers were missing; generated column_N names. Delimiter `,`; sampled first 37 rows."
paper-1997-05,The Full Cost Of High-Speed Rail: An Engineering Approach,READY-TO-UPLOAD/PUBLIC,/Users/dlev2617/Documents/Code/Agents/github-packages/READY-TO-UPLOAD/PUBLIC/paper-1997-05-the-full-cost-of-high-speed-rail-an-engineering-approach,data/analysis_workbooks/csv_exports/rail_noise_model/Sheet3.csv,,column_8,,mixed_numeric_text,6,Lower 95.0% | 0.004796708328333747 | -0.001624511145703648 | 0.00929505327408758 | -0.004082845521685646,,,csv,medium,"Some headers were missing; generated column_N names. Delimiter `,`; sampled first 37 rows."
paper-1997-05,The Full Cost Of High-Speed Rail: An Engineering Approach,READY-TO-UPLOAD/PUBLIC,/Users/dlev2617/Documents/Code/Agents/github-packages/READY-TO-UPLOAD/PUBLIC/paper-1997-05-the-full-cost-of-high-speed-rail-an-engineering-approach,data/analysis_workbooks/csv_exports/rail_noise_model/Sheet3.csv,,column_9,,mixed_numeric_text,6,Upper 95.0% | 0.005164376619825131 | -0.0014034020061864016 | 0.011218854214371372 | -0.002925906018463392,,,csv,medium,"Some headers were missing; generated column_N names. Delimiter `,`; sampled first 37 rows."
paper-1997-05,The Full Cost Of High-Speed Rail: An Engineering Approach,READY-TO-UPLOAD/PUBLIC,/Users/dlev2617/Documents/Code/Agents/github-packages/READY-TO-UPLOAD/PUBLIC/paper-1997-05-the-full-cost-of-high-speed-rail-an-engineering-approach,data/analysis_workbooks/csv_exports/rail_noise_model/Sheet4.csv,,"SUMMARY OUTPUT: 320kph, Y=$/pkt, X=trains/hour",,text,12,Regression Statistics | Multiple R | R Square | Adjusted R Square | Standard Error,,,csv,medium,"Some headers were missing; generated column_N names. Delimiter `,`; sampled first 18 rows."
paper-1997-05,The Full Cost Of High-Speed Rail: An Engineering Approach,READY-TO-UPLOAD/PUBLIC,/Users/dlev2617/Documents/Code/Agents/github-packages/READY-TO-UPLOAD/PUBLIC/paper-1997-05-the-full-cost-of-high-speed-rail-an-engineering-approach,data/analysis_workbooks/csv_exports/rail_noise_model/Sheet4.csv,,column_2,,mixed_numeric_text,12,0.9801128985366687 | 0.96062129387795 | 0.9556989556126938 | 0.0005516449682447817 | 10.0,,,csv,medium,"Some headers were missing; generated column_N names. Delimiter `,`; sampled first 18 rows."
paper-1997-05,The Full Cost Of High-Speed Rail: An Engineering Approach,READY-TO-UPLOAD/PUBLIC,/Users/dlev2617/Documents/Code/Agents/github-packages/READY-TO-UPLOAD/PUBLIC/paper-1997-05-the-full-cost-of-high-speed-rail-an-engineering-approach,data/analysis_workbooks/csv_exports/rail_noise_model/Sheet4.csv,,column_3,,mixed_numeric_text,7,SS | 5.9388188232081704e-05 | 2.434497367918289e-06 | 6.18226856e-05 | Standard Error,,,csv,medium,"Some headers were missing; generated column_N names. Delimiter `,`; sampled first 18 rows."
paper-1997-05,The Full Cost Of High-Speed Rail: An Engineering Approach,READY-TO-UPLOAD/PUBLIC,/Users/dlev2617/Documents/Code/Agents/github-packages/READY-TO-UPLOAD/PUBLIC/paper-1997-05-the-full-cost-of-high-speed-rail-an-engineering-approach,data/analysis_workbooks/csv_exports/rail_noise_model/Sheet4.csv,,column_4,,mixed_numeric_text,6,MS | 5.9388188232081704e-05 | 3.0431217098978615e-07 | t Stat | 24.589439114167384,,,csv,medium,"Some headers were missing; generated column_N names. Delimiter `,`; sampled first 18 rows."
paper-1997-05,The Full Cost Of High-Speed Rail: An Engineering Approach,READY-TO-UPLOAD/PUBLIC,/Users/dlev2617/Documents/Code/Agents/github-packages/READY-TO-UPLOAD/PUBLIC/paper-1997-05-the-full-cost-of-high-speed-rail-an-engineering-approach,data/analysis_workbooks/csv_exports/rail_noise_model/Sheet4.csv,,column_5,,mixed_numeric_text,5,F | 195.15548142198688 | P-value | 7.992383178367686e-09 | 6.681313265598039e-07,,,csv,medium,"Some headers were missing; generated column_N names. Delimiter `,`; sampled first 18 rows."
paper-1997-05,The Full Cost Of High-Speed Rail: An Engineering Approach,READY-TO-UPLOAD/PUBLIC,/Users/dlev2617/Documents/Code/Agents/github-packages/READY-TO-UPLOAD/PUBLIC/paper-1997-05-the-full-cost-of-high-speed-rail-an-engineering-approach,data/analysis_workbooks/csv_exports/rail_noise_model/Sheet4.csv,,column_6,,mixed_numeric_text,5,Significance F | 6.681313265598075e-07 | Lower 95% | 0.00929505327408758 | -0.004082845521685646,,,csv,medium,"Some headers were missing; generated column_N names. Delimiter `,`; sampled first 18 rows."
paper-1997-05,The Full Cost Of High-Speed Rail: An Engineering Approach,READY-TO-UPLOAD/PUBLIC,/Users/dlev2617/Documents/Code/Agents/github-packages/READY-TO-UPLOAD/PUBLIC/paper-1997-05-the-full-cost-of-high-speed-rail-an-engineering-approach,data/analysis_workbooks/csv_exports/rail_noise_model/Sheet4.csv,,column_7,,mixed_numeric_text,3,Upper 95% | 0.011218854214371372 | -0.002925906018463392,,,csv,medium,"Some headers were missing; generated column_N names. Delimiter `,`; sampled first 18 rows."
paper-1997-05,The Full Cost Of High-Speed Rail: An Engineering Approach,READY-TO-UPLOAD/PUBLIC,/Users/dlev2617/Documents/Code/Agents/github-packages/READY-TO-UPLOAD/PUBLIC/paper-1997-05-the-full-cost-of-high-speed-rail-an-engineering-approach,data/analysis_workbooks/csv_exports/rail_noise_model/Sheet4.csv,,column_8,,mixed_numeric_text,3,Lower 95.0% | 0.00929505327408758 | -0.004082845521685646,,,csv,medium,"Some headers were missing; generated column_N names. Delimiter `,`; sampled first 18 rows."
paper-1997-05,The Full Cost Of High-Speed Rail: An Engineering Approach,READY-TO-UPLOAD/PUBLIC,/Users/dlev2617/Documents/Code/Agents/github-packages/READY-TO-UPLOAD/PUBLIC/paper-1997-05-the-full-cost-of-high-speed-rail-an-engineering-approach,data/analysis_workbooks/csv_exports/rail_noise_model/Sheet4.csv,,column_9,,mixed_numeric_text,3,Upper 95.0% | 0.011218854214371372 | -0.002925906018463392,,,csv,medium,"Some headers were missing; generated column_N names. Delimiter `,`; sampled first 18 rows."
paper-1997-05,The Full Cost Of High-Speed Rail: An Engineering Approach,READY-TO-UPLOAD/PUBLIC,/Users/dlev2617/Documents/Code/Agents/github-packages/READY-TO-UPLOAD/PUBLIC/paper-1997-05-the-full-cost-of-high-speed-rail-an-engineering-approach,data/analysis_workbooks/csv_exports/table7_intermodal_full_cost_comparison/AIR.csv,,Table 7.4 Air System Long Run Full Costs,,text,37,Cost Category | Infrastructure: Airways (ARTCC) | Infrastructure: Airways (TRACON) | Infrastructure: Airways (ACTC) | Infrastructure: Airways (FSS),,,csv,medium,"Some headers were missing; generated column_N names. Delimiter `,`; sampled first 71 rows."
paper-1997-05,The Full Cost Of High-Speed Rail: An Engineering Approach,READY-TO-UPLOAD/PUBLIC,/Users/dlev2617/Documents/Code/Agents/github-packages/READY-TO-UPLOAD/PUBLIC/paper-1997-05-the-full-cost-of-high-speed-rail-an-engineering-approach,data/analysis_workbooks/csv_exports/table7_intermodal_full_cost_comparison/AIR.csv,,column_2,,mixed_numeric_text,38,HSR pkt/year ('000) | percent diverted from Air | Air Diverted pkt/year ('000) | Air Distance (km) | Average Cost,,,csv,medium,"Some headers were missing; generated column_N names. Delimiter `,`; sampled first 71 rows."
paper-1997-05,The Full Cost Of High-Speed Rail: An Engineering Approach,READY-TO-UPLOAD/PUBLIC,/Users/dlev2617/Documents/Code/Agents/github-packages/READY-TO-UPLOAD/PUBLIC/paper-1997-05-the-full-cost-of-high-speed-rail-an-engineering-approach,data/analysis_workbooks/csv_exports/table7_intermodal_full_cost_comparison/AIR.csv,,column_3,,mixed_numeric_text,44,San Francisco | Los Angeles | 5177696.0 | 0.5 | 2588848.0,,,csv,medium,"Some headers were missing; generated column_N names. Delimiter `,`; sampled first 71 rows."
paper-1997-05,The Full Cost Of High-Speed Rail: An Engineering Approach,READY-TO-UPLOAD/PUBLIC,/Users/dlev2617/Documents/Code/Agents/github-packages/READY-TO-UPLOAD/PUBLIC/paper-1997-05-the-full-cost-of-high-speed-rail-an-engineering-approach,data/analysis_workbooks/csv_exports/table7_intermodal_full_cost_comparison/AIR.csv,,column_4,,mixed_numeric_text,44,Fresno | San Francisco | 94866.0 | 0.14 | 13281.240000000002,,,csv,medium,"Some headers were missing; generated column_N names. Delimiter `,`; sampled first 71 rows."
paper-1997-05,The Full Cost Of High-Speed Rail: An Engineering Approach,READY-TO-UPLOAD/PUBLIC,/Users/dlev2617/Documents/Code/Agents/github-packages/READY-TO-UPLOAD/PUBLIC/paper-1997-05-the-full-cost-of-high-speed-rail-an-engineering-approach,data/analysis_workbooks/csv_exports/table7_intermodal_full_cost_comparison/AIR.csv,,column_5,,mixed_numeric_text,44,Fresno | Los Angeles | 245110.0 | 0.28 | 68630.8,,,csv,medium,"Some headers were missing; generated column_N names. Delimiter `,`; sampled first 71 rows."
paper-1997-05,The Full Cost Of High-Speed Rail: An Engineering Approach,READY-TO-UPLOAD/PUBLIC,/Users/dlev2617/Documents/Code/Agents/github-packages/READY-TO-UPLOAD/PUBLIC/paper-1997-05-the-full-cost-of-high-speed-rail-an-engineering-approach,data/analysis_workbooks/csv_exports/table7_intermodal_full_cost_comparison/AIR.csv,,column_6,,mixed_numeric_text,44,Bakersfield | San Francisco | 55902.0 | 0.28 | 15652.560000000001,,,csv,medium,"Some headers were missing; generated column_N names. Delimiter `,`; sampled first 71 rows."
paper-1997-05,The Full Cost Of High-Speed Rail: An Engineering Approach,READY-TO-UPLOAD/PUBLIC,/Users/dlev2617/Documents/Code/Agents/github-packages/READY-TO-UPLOAD/PUBLIC/paper-1997-05-the-full-cost-of-high-speed-rail-an-engineering-approach,data/analysis_workbooks/csv_exports/table7_intermodal_full_cost_comparison/AIR.csv,,column_7,,mixed_numeric_text,44,Bakersfield | Los Angeles | 79765.0 | 0.14 | 11167.1,,,csv,medium,"Some headers were missing; generated column_N names. Delimiter `,`; sampled first 71 rows."
paper-1997-05,The Full Cost Of High-Speed Rail: An Engineering Approach,READY-TO-UPLOAD/PUBLIC,/Users/dlev2617/Documents/Code/Agents/github-packages/READY-TO-UPLOAD/PUBLIC/paper-1997-05-the-full-cost-of-high-speed-rail-an-engineering-approach,data/analysis_workbooks/csv_exports/table7_intermodal_full_cost_comparison/AIR.csv,,column_8,,mixed_numeric_text,22,TOTAL | 5653339.0 | 0.47716574222773483 | 2697579.7 | 9167.536422,,,csv,medium,"Some headers were missing; generated column_N names. Delimiter `,`; sampled first 71 rows."
paper-1997-05,The Full Cost Of High-Speed Rail: An Engineering Approach,READY-TO-UPLOAD/PUBLIC,/Users/dlev2617/Documents/Code/Agents/github-packages/READY-TO-UPLOAD/PUBLIC/paper-1997-05-the-full-cost-of-high-speed-rail-an-engineering-approach,data/analysis_workbooks/csv_exports/table7_intermodal_full_cost_comparison/Air-Noise.csv,,Table 3.x Noise Costs Generated by Air Travel,,text,12,Country | Canada | Germany | Italy | Holland,,,csv,medium,"Some headers were missing; generated column_N names. Delimiter `,`; sampled first 16 rows."
paper-1997-05,The Full Cost Of High-Speed Rail: An Engineering Approach,READY-TO-UPLOAD/PUBLIC,/Users/dlev2617/Documents/Code/Agents/github-packages/READY-TO-UPLOAD/PUBLIC/paper-1997-05-the-full-cost-of-high-speed-rail-an-engineering-approach,data/analysis_workbooks/csv_exports/table7_intermodal_full_cost_comparison/Air-Noise.csv,,column_2,,mixed_numeric_text,10,Average Cost/pkt | 0.003869 | 0.004940000000000001 | 0.00793 | 0.009880000000000002,,,csv,medium,"Some headers were missing; generated column_N names. Delimiter `,`; sampled first 16 rows."
paper-1997-05,The Full Cost Of High-Speed Rail: An Engineering Approach,READY-TO-UPLOAD/PUBLIC,/Users/dlev2617/Documents/Code/Agents/github-packages/READY-TO-UPLOAD/PUBLIC/paper-1997-05-the-full-cost-of-high-speed-rail-an-engineering-approach,data/analysis_workbooks/csv_exports/table7_intermodal_full_cost_comparison/AverageCosts.csv,,Table 7.1 Intermodal Comparison of Long Run Average Costs,,text,12,Cost Category | Infrastructure: Construction and Maintenance | Carrier: Capital Cost | Carrier: Operating Cost | External: Accidents,,,csv,medium,"Some headers were missing; generated column_N names. Delimiter `,`; sampled first 20 rows."
paper-1997-05,The Full Cost Of High-Speed Rail: An Engineering Approach,READY-TO-UPLOAD/PUBLIC,/Users/dlev2617/Documents/Code/Agents/github-packages/READY-TO-UPLOAD/PUBLIC/paper-1997-05-the-full-cost-of-high-speed-rail-an-engineering-approach,data/analysis_workbooks/csv_exports/table7_intermodal_full_cost_comparison/AverageCosts.csv,,column_2,,mixed_numeric_text,12,Air System | 0.01822408674042142 | 0.0606 | 0.034 | 0.00042,,,csv,medium,"Some headers were missing; generated column_N names. Delimiter `,`; sampled first 20 rows."
paper-1997-05,The Full Cost Of High-Speed Rail: An Engineering Approach,READY-TO-UPLOAD/PUBLIC,/Users/dlev2617/Documents/Code/Agents/github-packages/READY-TO-UPLOAD/PUBLIC/paper-1997-05-the-full-cost-of-high-speed-rail-an-engineering-approach,data/analysis_workbooks/csv_exports/table7_intermodal_full_cost_comparison/AverageCosts.csv,,column_3,,mixed_numeric_text,12,High Speed Rail | 0.129 | 0.01 | 0.05 | 0.0,,,csv,medium,"Some headers were missing; generated column_N names. Delimiter `,`; sampled first 20 rows."
paper-1997-05,The Full Cost Of High-Speed Rail: An Engineering Approach,READY-TO-UPLOAD/PUBLIC,/Users/dlev2617/Documents/Code/Agents/github-packages/READY-TO-UPLOAD/PUBLIC/paper-1997-05-the-full-cost-of-high-speed-rail-an-engineering-approach,data/analysis_workbooks/csv_exports/table7_intermodal_full_cost_comparison/AverageCosts.csv,,column_4,,mixed_numeric_text,12,Highways | 0.012 | 0.0 | 0.02 | 0.0046,,,csv,medium,"Some headers were missing; generated column_N names. Delimiter `,`; sampled first 20 rows."
paper-1997-05,The Full Cost Of High-Speed Rail: An Engineering Approach,READY-TO-UPLOAD/PUBLIC,/Users/dlev2617/Documents/Code/Agents/github-packages/READY-TO-UPLOAD/PUBLIC/paper-1997-05-the-full-cost-of-high-speed-rail-an-engineering-approach,data/analysis_workbooks/csv_exports/table7_intermodal_full_cost_comparison/Comparison.csv,,Table 7.6 Comparison of Total Annual Costs Between Modes,,text,8,Mode | High Speed Rail | Highway | Air | Highway + Air,,,csv,medium,"Some headers were missing; generated column_N names. Delimiter `,`; sampled first 12 rows."
paper-1997-05,The Full Cost Of High-Speed Rail: An Engineering Approach,READY-TO-UPLOAD/PUBLIC,/Users/dlev2617/Documents/Code/Agents/github-packages/READY-TO-UPLOAD/PUBLIC/paper-1997-05-the-full-cost-of-high-speed-rail-an-engineering-approach,data/analysis_workbooks/csv_exports/table7_intermodal_full_cost_comparison/Comparison.csv,,column_2,,mixed_numeric_text,7,San Francisco | Los Angeles | 1216758.5599999998 | 595952.8096 | 339190.86496,,,csv,medium,"Some headers were missing; generated column_N names. Delimiter `,`; sampled first 12 rows."
paper-1997-05,The Full Cost Of High-Speed Rail: An Engineering Approach,READY-TO-UPLOAD/PUBLIC,/Users/dlev2617/Documents/Code/Agents/github-packages/READY-TO-UPLOAD/PUBLIC/paper-1997-05-the-full-cost-of-high-speed-rail-an-engineering-approach,data/analysis_workbooks/csv_exports/table7_intermodal_full_cost_comparison/Comparison.csv,,column_3,,mixed_numeric_text,7,Fresno | San Francisco | 22293.51 | 18780.811751999998 | 2096.0452968,,,csv,medium,"Some headers were missing; generated column_N names. Delimiter `,`; sampled first 12 rows."
paper-1997-05,The Full Cost Of High-Speed Rail: An Engineering Approach,READY-TO-UPLOAD/PUBLIC,/Users/dlev2617/Documents/Code/Agents/github-packages/READY-TO-UPLOAD/PUBLIC/paper-1997-05-the-full-cost-of-high-speed-rail-an-engineering-approach,data/analysis_workbooks/csv_exports/table7_intermodal_full_cost_comparison/Comparison.csv,,column_4,,mixed_numeric_text,7,Fresno | Los Angeles | 57600.85 | 40625.51183999999 | 9609.684616000002,,,csv,medium,"Some headers were missing; generated column_N names. Delimiter `,`; sampled first 12 rows."
paper-1997-05,The Full Cost Of High-Speed Rail: An Engineering Approach,READY-TO-UPLOAD/PUBLIC,/Users/dlev2617/Documents/Code/Agents/github-packages/READY-TO-UPLOAD/PUBLIC/paper-1997-05-the-full-cost-of-high-speed-rail-an-engineering-approach,data/analysis_workbooks/csv_exports/table7_intermodal_full_cost_comparison/Comparison.csv,,column_5,,mixed_numeric_text,7,Bakersfield | San Francisco | 13136.97 | 9265.421088 | 2191.6714512,,,csv,medium,"Some headers were missing; generated column_N names. Delimiter `,`; sampled first 12 rows."
paper-1997-05,The Full Cost Of High-Speed Rail: An Engineering Approach,READY-TO-UPLOAD/PUBLIC,/Users/dlev2617/Documents/Code/Agents/github-packages/READY-TO-UPLOAD/PUBLIC/paper-1997-05-the-full-cost-of-high-speed-rail-an-engineering-approach,data/analysis_workbooks/csv_exports/table7_intermodal_full_cost_comparison/Comparison.csv,,column_6,,mixed_numeric_text,7,Bakersfield | Los Angeles | 18744.774999999998 | 15791.236579999997 | 1762.391722,,,csv,medium,"Some headers were missing; generated column_N names. Delimiter `,`; sampled first 12 rows."
paper-1997-05,The Full Cost Of High-Speed Rail: An Engineering Approach,READY-TO-UPLOAD/PUBLIC,/Users/dlev2617/Documents/Code/Agents/github-packages/READY-TO-UPLOAD/PUBLIC/paper-1997-05-the-full-cost-of-high-speed-rail-an-engineering-approach,data/analysis_workbooks/csv_exports/table7_intermodal_full_cost_comparison/Comparison.csv,,column_7,,mixed_numeric_text,6,TOTAL | 1328534.665 | 680415.7908599998 | 354850.65804600006 | 1035266.4489059999,,,csv,medium,"Some headers were missing; generated column_N names. Delimiter `,`; sampled first 12 rows."
paper-1997-05,The Full Cost Of High-Speed Rail: An Engineering Approach,READY-TO-UPLOAD/PUBLIC,/Users/dlev2617/Documents/Code/Agents/github-packages/READY-TO-UPLOAD/PUBLIC/paper-1997-05-the-full-cost-of-high-speed-rail-an-engineering-approach,data/analysis_workbooks/csv_exports/table7_intermodal_full_cost_comparison/HIGHWAY.csv,,Table 7.3 Highway Long Run Full Costs,,text,15,Cost Category | Infrastructure: Construction and Maintenance | (roadbed) | External: Accidents | External: Congestion,,,csv,medium,"Some headers were missing; generated column_N names. Delimiter `,`; sampled first 30 rows."
paper-1997-05,The Full Cost Of High-Speed Rail: An Engineering Approach,READY-TO-UPLOAD/PUBLIC,/Users/dlev2617/Documents/Code/Agents/github-packages/READY-TO-UPLOAD/PUBLIC/paper-1997-05-the-full-cost-of-high-speed-rail-an-engineering-approach,data/analysis_workbooks/csv_exports/table7_intermodal_full_cost_comparison/HIGHWAY.csv,,column_2,,mixed_numeric_text,13,HSR pkt/year ('000) | percent diverted from Highway | Highway Diverted pkt/year ('000) | Distance (km) | Average Cost,,,csv,medium,"Some headers were missing; generated column_N names. Delimiter `,`; sampled first 30 rows."
paper-1997-05,The Full Cost Of High-Speed Rail: An Engineering Approach,READY-TO-UPLOAD/PUBLIC,/Users/dlev2617/Documents/Code/Agents/github-packages/READY-TO-UPLOAD/PUBLIC/paper-1997-05-the-full-cost-of-high-speed-rail-an-engineering-approach,data/analysis_workbooks/csv_exports/table7_intermodal_full_cost_comparison/HIGHWAY.csv,,column_3,,mixed_numeric_text,18,San Francisco | Los Angeles | 5177696.0 | 0.5 | 2588848.0,,,csv,medium,"Some headers were missing; generated column_N names. Delimiter `,`; sampled first 30 rows."
paper-1997-05,The Full Cost Of High-Speed Rail: An Engineering Approach,READY-TO-UPLOAD/PUBLIC,/Users/dlev2617/Documents/Code/Agents/github-packages/READY-TO-UPLOAD/PUBLIC/paper-1997-05-the-full-cost-of-high-speed-rail-an-engineering-approach,data/analysis_workbooks/csv_exports/table7_intermodal_full_cost_comparison/HIGHWAY.csv,,column_4,,mixed_numeric_text,18,Fresno | San Francisco | 94866.0 | 0.86 | 81584.76,,,csv,medium,"Some headers were missing; generated column_N names. Delimiter `,`; sampled first 30 rows."
paper-1997-05,The Full Cost Of High-Speed Rail: An Engineering Approach,READY-TO-UPLOAD/PUBLIC,/Users/dlev2617/Documents/Code/Agents/github-packages/READY-TO-UPLOAD/PUBLIC/paper-1997-05-the-full-cost-of-high-speed-rail-an-engineering-approach,data/analysis_workbooks/csv_exports/table7_intermodal_full_cost_comparison/HIGHWAY.csv,,column_5,,mixed_numeric_text,18,Fresno | Los Angeles | 245110.0 | 0.72 | 176479.19999999998,,,csv,medium,"Some headers were missing; generated column_N names. Delimiter `,`; sampled first 30 rows."
paper-1997-05,The Full Cost Of High-Speed Rail: An Engineering Approach,READY-TO-UPLOAD/PUBLIC,/Users/dlev2617/Documents/Code/Agents/github-packages/READY-TO-UPLOAD/PUBLIC/paper-1997-05-the-full-cost-of-high-speed-rail-an-engineering-approach,data/analysis_workbooks/csv_exports/table7_intermodal_full_cost_comparison/HIGHWAY.csv,,column_6,,mixed_numeric_text,18,Bakersfield | San Francisco | 55902.0 | 0.72 | 40249.439999999995,,,csv,medium,"Some headers were missing; generated column_N names. Delimiter `,`; sampled first 30 rows."
paper-1997-05,The Full Cost Of High-Speed Rail: An Engineering Approach,READY-TO-UPLOAD/PUBLIC,/Users/dlev2617/Documents/Code/Agents/github-packages/READY-TO-UPLOAD/PUBLIC/paper-1997-05-the-full-cost-of-high-speed-rail-an-engineering-approach,data/analysis_workbooks/csv_exports/table7_intermodal_full_cost_comparison/HIGHWAY.csv,,column_7,,mixed_numeric_text,18,Bakersfield | Los Angeles | 79765.0 | 0.86 | 68597.9,,,csv,medium,"Some headers were missing; generated column_N names. Delimiter `,`; sampled first 30 rows."
paper-1997-05,The Full Cost Of High-Speed Rail: An Engineering Approach,READY-TO-UPLOAD/PUBLIC,/Users/dlev2617/Documents/Code/Agents/github-packages/READY-TO-UPLOAD/PUBLIC/paper-1997-05-the-full-cost-of-high-speed-rail-an-engineering-approach,data/analysis_workbooks/csv_exports/table7_intermodal_full_cost_comparison/HIGHWAY.csv,,column_8,,mixed_numeric_text,16,TOTAL | 5653339.0 | 0.5228342577722652 | 2955759.3 | 35469.1116,,,csv,medium,"Some headers were missing; generated column_N names. Delimiter `,`; sampled first 30 rows."
paper-1997-05,The Full Cost Of High-Speed Rail: An Engineering Approach,READY-TO-UPLOAD/PUBLIC,/Users/dlev2617/Documents/Code/Agents/github-packages/READY-TO-UPLOAD/PUBLIC/paper-1997-05-the-full-cost-of-high-speed-rail-an-engineering-approach,data/analysis_workbooks/csv_exports/table7_intermodal_full_cost_comparison/HSR.csv,,Table 7.5 High Speed Rail Long Run Full Costs,,text,16,Cost Category | Infrastructure: Construction and Maintenance | (track and signalling) | Carrier: Capital Cost (Trains) | Carrier: Operating Cost (Railroad operations),,,csv,medium,"Some headers were missing; generated column_N names. Delimiter `,`; sampled first 31 rows."
paper-1997-05,The Full Cost Of High-Speed Rail: An Engineering Approach,READY-TO-UPLOAD/PUBLIC,/Users/dlev2617/Documents/Code/Agents/github-packages/READY-TO-UPLOAD/PUBLIC/paper-1997-05-the-full-cost-of-high-speed-rail-an-engineering-approach,data/analysis_workbooks/csv_exports/table7_intermodal_full_cost_comparison/HSR.csv,,column_2,,mixed_numeric_text,12,pkt/year ('000) | Distance (km) | Average Cost | 0.129 | 0.01,,,csv,medium,"Some headers were missing; generated column_N names. Delimiter `,`; sampled first 31 rows."
paper-1997-05,The Full Cost Of High-Speed Rail: An Engineering Approach,READY-TO-UPLOAD/PUBLIC,/Users/dlev2617/Documents/Code/Agents/github-packages/READY-TO-UPLOAD/PUBLIC/paper-1997-05-the-full-cost-of-high-speed-rail-an-engineering-approach,data/analysis_workbooks/csv_exports/table7_intermodal_full_cost_comparison/HSR.csv,,column_3,,mixed_numeric_text,17,San Francisco | Los Angeles | 5177696.0 | 677.0 | 667922.784,,,csv,medium,"Some headers were missing; generated column_N names. Delimiter `,`; sampled first 31 rows."
paper-1997-05,The Full Cost Of High-Speed Rail: An Engineering Approach,READY-TO-UPLOAD/PUBLIC,/Users/dlev2617/Documents/Code/Agents/github-packages/READY-TO-UPLOAD/PUBLIC/paper-1997-05-the-full-cost-of-high-speed-rail-an-engineering-approach,data/analysis_workbooks/csv_exports/table7_intermodal_full_cost_comparison/HSR.csv,,column_4,,mixed_numeric_text,17,Fresno | San Francisco | 94866.0 | 291.0 | 12237.714,,,csv,medium,"Some headers were missing; generated column_N names. Delimiter `,`; sampled first 31 rows."
paper-1997-05,The Full Cost Of High-Speed Rail: An Engineering Approach,READY-TO-UPLOAD/PUBLIC,/Users/dlev2617/Documents/Code/Agents/github-packages/READY-TO-UPLOAD/PUBLIC/paper-1997-05-the-full-cost-of-high-speed-rail-an-engineering-approach,data/analysis_workbooks/csv_exports/table7_intermodal_full_cost_comparison/HSR.csv,,column_5,,mixed_numeric_text,17,Fresno | Los Angeles | 245110.0 | 386.0 | 31619.190000000002,,,csv,medium,"Some headers were missing; generated column_N names. Delimiter `,`; sampled first 31 rows."
paper-1997-05,The Full Cost Of High-Speed Rail: An Engineering Approach,READY-TO-UPLOAD/PUBLIC,/Users/dlev2617/Documents/Code/Agents/github-packages/READY-TO-UPLOAD/PUBLIC/paper-1997-05-the-full-cost-of-high-speed-rail-an-engineering-approach,data/analysis_workbooks/csv_exports/table7_intermodal_full_cost_comparison/HSR.csv,,column_6,,mixed_numeric_text,17,Bakersfield | San Francisco | 55902.0 | 462.0 | 7211.358,,,csv,medium,"Some headers were missing; generated column_N names. Delimiter `,`; sampled first 31 rows."
paper-1997-05,The Full Cost Of High-Speed Rail: An Engineering Approach,READY-TO-UPLOAD/PUBLIC,/Users/dlev2617/Documents/Code/Agents/github-packages/READY-TO-UPLOAD/PUBLIC/paper-1997-05-the-full-cost-of-high-speed-rail-an-engineering-approach,data/analysis_workbooks/csv_exports/table7_intermodal_full_cost_comparison/HSR.csv,,column_7,,mixed_numeric_text,17,Bakersfield | Los Angeles | 79765.0 | 215.0 | 10289.685,,,csv,medium,"Some headers were missing; generated column_N names. Delimiter `,`; sampled first 31 rows."
paper-1997-05,The Full Cost Of High-Speed Rail: An Engineering Approach,READY-TO-UPLOAD/PUBLIC,/Users/dlev2617/Documents/Code/Agents/github-packages/READY-TO-UPLOAD/PUBLIC/paper-1997-05-the-full-cost-of-high-speed-rail-an-engineering-approach,data/analysis_workbooks/csv_exports/table7_intermodal_full_cost_comparison/HSR.csv,,column_8,,mixed_numeric_text,15,TOTAL | 5653339.0 | 729280.731 | 56533.39 | 282666.95,,,csv,medium,"Some headers were missing; generated column_N names. Delimiter `,`; sampled first 31 rows."
paper-1997-05,The Full Cost Of High-Speed Rail: An Engineering Approach,READY-TO-UPLOAD/PUBLIC,/Users/dlev2617/Documents/Code/Agents/github-packages/READY-TO-UPLOAD/PUBLIC/paper-1997-05-the-full-cost-of-high-speed-rail-an-engineering-approach,data/analysis_workbooks/modernized_xlsx/air_noise_model.xlsx,A,The Cost of Noise: Model and Calculations,,mixed_numeric_text,112,Interest | Years | dayflight | nightflight | Speed (km/hr),,,xlsx,medium,Some headers were missing; generated column_N names. Sampled first 113 non-empty rows from worksheet.
paper-1997-05,The Full Cost Of High-Speed Rail: An Engineering Approach,READY-TO-UPLOAD/PUBLIC,/Users/dlev2617/Documents/Code/Agents/github-packages/READY-TO-UPLOAD/PUBLIC/paper-1997-05-the-full-cost-of-high-speed-rail-an-engineering-approach,data/analysis_workbooks/modernized_xlsx/air_noise_model.xlsx,A,column_2,,mixed_numeric_text,111,0.075 | 30 | 500 | 50 | 100,,,xlsx,medium,Some headers were missing; generated column_N names. Sampled first 113 non-empty rows from worksheet.
paper-1997-05,The Full Cost Of High-Speed Rail: An Engineering Approach,READY-TO-UPLOAD/PUBLIC,/Users/dlev2617/Documents/Code/Agents/github-packages/READY-TO-UPLOAD/PUBLIC/paper-1997-05-the-full-cost-of-high-speed-rail-an-engineering-approach,data/analysis_workbooks/modernized_xlsx/air_noise_model.xlsx,A,column_3,,mixed_numeric_text,101,"NEF (i,j) | 40.24993020025894 | 37.84258926249166 | 36.30281981484055 | 35.16837531566264",,,xlsx,medium,Some headers were missing; generated column_N names. Sampled first 113 non-empty rows from worksheet.
paper-1997-05,The Full Cost Of High-Speed Rail: An Engineering Approach,READY-TO-UPLOAD/PUBLIC,/Users/dlev2617/Documents/Code/Agents/github-packages/READY-TO-UPLOAD/PUBLIC/paper-1997-05-the-full-cost-of-high-speed-rail-an-engineering-approach,data/analysis_workbooks/modernized_xlsx/air_noise_model.xlsx,A,column_4,,mixed_numeric_text,101,NEF | 40.24993020025895 | 41.82198934921204 | 36.76039472044729 | 33.12717548910341,,,xlsx,medium,Some headers were missing; generated column_N names. Sampled first 113 non-empty rows from worksheet.
paper-1997-05,The Full Cost Of High-Speed Rail: An Engineering Approach,READY-TO-UPLOAD/PUBLIC,/Users/dlev2617/Documents/Code/Agents/github-packages/READY-TO-UPLOAD/PUBLIC/paper-1997-05-the-full-cost-of-high-speed-rail-an-engineering-approach,data/analysis_workbooks/modernized_xlsx/air_noise_model.xlsx,A,column_5,,mixed_numeric_text,101,Houses/Band | 36 | 72 | 108 | 144,,,xlsx,medium,Some headers were missing; generated column_N names. Sampled first 113 non-empty rows from worksheet.
paper-1997-05,The Full Cost Of High-Speed Rail: An Engineering Approach,READY-TO-UPLOAD/PUBLIC,/Users/dlev2617/Documents/Code/Agents/github-packages/READY-TO-UPLOAD/PUBLIC/paper-1997-05-the-full-cost-of-high-speed-rail-an-engineering-approach,data/analysis_workbooks/modernized_xlsx/air_noise_model.xlsx,A,column_6,,mixed_numeric_text,106,Total Houses | Total Depreciation | Annual Cost | Cost/Flight | Cost/Pax,,,xlsx,medium,Some headers were missing; generated column_N names. Sampled first 113 non-empty rows from worksheet.
paper-1997-05,The Full Cost Of High-Speed Rail: An Engineering Approach,READY-TO-UPLOAD/PUBLIC,/Users/dlev2617/Documents/Code/Agents/github-packages/READY-TO-UPLOAD/PUBLIC/paper-1997-05-the-full-cost-of-high-speed-rail-an-engineering-approach,data/analysis_workbooks/modernized_xlsx/air_noise_model.xlsx,A,column_7,,mixed_numeric_text,106,181800 | 21362344.27573748 | 1808776.088720459 | 9.01009259636592 | 0.0901009259636592,,,xlsx,medium,Some headers were missing; generated column_N names. Sampled first 113 non-empty rows from worksheet.
paper-1997-05,The Full Cost Of High-Speed Rail: An Engineering Approach,READY-TO-UPLOAD/PUBLIC,/Users/dlev2617/Documents/Code/Agents/github-packages/READY-TO-UPLOAD/PUBLIC/paper-1997-05-the-full-cost-of-high-speed-rail-an-engineering-approach,data/analysis_workbooks/modernized_xlsx/air_noise_model.xlsx,B,FLOW,,numeric,17,1 | 500 | 1000 | 1500 | 2000,1,10000,xlsx,medium,Some headers were missing; generated column_N names. Sampled first 28 non-empty rows from worksheet.
paper-1997-05,The Full Cost Of High-Speed Rail: An Engineering Approach,READY-TO-UPLOAD/PUBLIC,/Users/dlev2617/Documents/Code/Agents/github-packages/READY-TO-UPLOAD/PUBLIC/paper-1997-05-the-full-cost-of-high-speed-rail-an-engineering-approach,data/analysis_workbooks/modernized_xlsx/air_noise_model.xlsx,B,$/VKT,,mixed_numeric_text,24,0 | 0.00048 | 0.00125 | 0.002 | 0.0028,,,xlsx,medium,Some headers were missing; generated column_N names. Sampled first 28 non-empty rows from worksheet.
paper-1997-05,The Full Cost Of High-Speed Rail: An Engineering Approach,READY-TO-UPLOAD/PUBLIC,/Users/dlev2617/Documents/Code/Agents/github-packages/READY-TO-UPLOAD/PUBLIC/paper-1997-05-the-full-cost-of-high-speed-rail-an-engineering-approach,data/analysis_workbooks/modernized_xlsx/air_noise_model.xlsx,B,@LN(flow),,mixed_numeric_text,18,0 | -0.6931471805599453 | 0.4054651081081644 | 0.6931471805599453 | 0.9162907318741551,,,xlsx,medium,Some headers were missing; generated column_N names. Sampled first 28 non-empty rows from worksheet.
paper-1997-05,The Full Cost Of High-Speed Rail: An Engineering Approach,READY-TO-UPLOAD/PUBLIC,/Users/dlev2617/Documents/Code/Agents/github-packages/READY-TO-UPLOAD/PUBLIC/paper-1997-05-the-full-cost-of-high-speed-rail-an-engineering-approach,data/analysis_workbooks/modernized_xlsx/air_noise_model.xlsx,B,FLOW2,,mixed_numeric_text,5,F | b1 | 0.002803333265037795 | 0.000230963554699596 | 12.13755680494252,,,xlsx,medium,Some headers were missing; generated column_N names. Sampled first 28 non-empty rows from worksheet.
paper-1997-05,The Full Cost Of High-Speed Rail: An Engineering Approach,READY-TO-UPLOAD/PUBLIC,/Users/dlev2617/Documents/Code/Agents/github-packages/READY-TO-UPLOAD/PUBLIC/paper-1997-05-the-full-cost-of-high-speed-rail-an-engineering-approach,data/analysis_workbooks/modernized_xlsx/air_noise_model.xlsx,B,column_5,,numeric,5,0.0005422237555143505 | 0.0005799671576570951 | 0.9189123198955557 | 15 | 13,0.000542223755514,15,xlsx,medium,Some headers were missing; generated column_N names. Sampled first 28 non-empty rows from worksheet.
paper-1997-05,The Full Cost Of High-Speed Rail: An Engineering Approach,READY-TO-UPLOAD/PUBLIC,/Users/dlev2617/Documents/Code/Agents/github-packages/READY-TO-UPLOAD/PUBLIC/paper-1997-05-the-full-cost-of-high-speed-rail-an-engineering-approach,data/analysis_workbooks/modernized_xlsx/air_noise_model.xlsx,B,column_6,,empty,0,,,,xlsx,medium,Some headers were missing; generated column_N names. Sampled first 28 non-empty rows from worksheet.
paper-1997-05,The Full Cost Of High-Speed Rail: An Engineering Approach,READY-TO-UPLOAD/PUBLIC,/Users/dlev2617/Documents/Code/Agents/github-packages/READY-TO-UPLOAD/PUBLIC/paper-1997-05-the-full-cost-of-high-speed-rail-an-engineering-approach,data/analysis_workbooks/modernized_xlsx/air_noise_model.xlsx,B,column_7,,text,1,"assumptions: Interest = 0.07, Years=30, Home Value = $250K, Density = 360 HH/SQKM, Cost/dB(A) = 0.0062, Max distance=500",,,xlsx,medium,Some headers were missing; generated column_N names. Sampled first 28 non-empty rows from worksheet.
paper-1997-05,The Full Cost Of High-Speed Rail: An Engineering Approach,READY-TO-UPLOAD/PUBLIC,/Users/dlev2617/Documents/Code/Agents/github-packages/READY-TO-UPLOAD/PUBLIC/paper-1997-05-the-full-cost-of-high-speed-rail-an-engineering-approach,data/analysis_workbooks/modernized_xlsx/ars_hsr_interest_rate_capital_cost.xlsx,Sheet1,column_1,,mixed_numeric_text,27,Total Cost | Number of Years | Annual Cost at | 0.01 | 0.02,,,xlsx,medium,Some headers were missing; generated column_N names. Sampled first 30 non-empty rows from worksheet.
paper-1997-05,The Full Cost Of High-Speed Rail: An Engineering Approach,READY-TO-UPLOAD/PUBLIC,/Users/dlev2617/Documents/Code/Agents/github-packages/READY-TO-UPLOAD/PUBLIC/paper-1997-05-the-full-cost-of-high-speed-rail-an-engineering-approach,data/analysis_workbooks/modernized_xlsx/ars_hsr_interest_rate_capital_cost.xlsx,Sheet1,Infrastructure,,mixed_numeric_text,27,9597000000 | 1000 | 95974579.12431124 | 191940000.4819408 | 287910000.0000419,,,xlsx,medium,Some headers were missing; generated column_N names. Sampled first 30 non-empty rows from worksheet.
paper-1997-05,The Full Cost Of High-Speed Rail: An Engineering Approach,READY-TO-UPLOAD/PUBLIC,/Users/dlev2617/Documents/Code/Agents/github-packages/READY-TO-UPLOAD/PUBLIC/paper-1997-05-the-full-cost-of-high-speed-rail-an-engineering-approach,data/analysis_workbooks/modernized_xlsx/ars_hsr_interest_rate_capital_cost.xlsx,Sheet1,Rolling Stock+Sales Tax,,mixed_numeric_text,26,787140900 | 15 | 56771577.2461504 | 61259612.26998223 | 65936101.53500784,,,xlsx,medium,Some headers were missing; generated column_N names. Sampled first 30 non-empty rows from worksheet.
paper-1997-05,The Full Cost Of High-Speed Rail: An Engineering Approach,READY-TO-UPLOAD/PUBLIC,/Users/dlev2617/Documents/Code/Agents/github-packages/READY-TO-UPLOAD/PUBLIC/paper-1997-05-the-full-cost-of-high-speed-rail-an-engineering-approach,data/analysis_workbooks/modernized_xlsx/ars_hsr_interest_rate_capital_cost.xlsx,Sheet1,Noise,,mixed_numeric_text,14,14133347.5 | 30 | Noise | 0.0011 | 0.0013,,,xlsx,medium,Some headers were missing; generated column_N names. Sampled first 30 non-empty rows from worksheet.
paper-1997-05,The Full Cost Of High-Speed Rail: An Engineering Approach,READY-TO-UPLOAD/PUBLIC,/Users/dlev2617/Documents/Code/Agents/github-packages/READY-TO-UPLOAD/PUBLIC/paper-1997-05-the-full-cost-of-high-speed-rail-an-engineering-approach,data/analysis_workbooks/modernized_xlsx/ars_hsr_interest_rate_capital_cost.xlsx,Sheet1,column_5,,mixed_numeric_text,2,A=P*i(1+i)^n/((1+i)^n-1) | 2123167.073896096,,,xlsx,medium,Some headers were missing; generated column_N names. Sampled first 30 non-empty rows from worksheet.
paper-1997-05,The Full Cost Of High-Speed Rail: An Engineering Approach,READY-TO-UPLOAD/PUBLIC,/Users/dlev2617/Documents/Code/Agents/github-packages/READY-TO-UPLOAD/PUBLIC/paper-1997-05-the-full-cost-of-high-speed-rail-an-engineering-approach,data/analysis_workbooks/modernized_xlsx/car_hsr_comparison_work_sheet.xlsx,Sheet1,Distances (miles):,,text,115,SAC | SFO | SJ | FRESNO | LAX,,,xlsx,medium,Some headers were missing; generated column_N names. Sampled first 134 non-empty rows from worksheet.
paper-1997-05,The Full Cost Of High-Speed Rail: An Engineering Approach,READY-TO-UPLOAD/PUBLIC,/Users/dlev2617/Documents/Code/Agents/github-packages/READY-TO-UPLOAD/PUBLIC/paper-1997-05-the-full-cost-of-high-speed-rail-an-engineering-approach,data/analysis_workbooks/modernized_xlsx/car_hsr_comparison_work_sheet.xlsx,Sheet1,column_2,,mixed_numeric_text,114,SAC | 0 | 90 | 100 | 150,,,xlsx,medium,Some headers were missing; generated column_N names. Sampled first 134 non-empty rows from worksheet.
paper-1997-05,The Full Cost Of High-Speed Rail: An Engineering Approach,READY-TO-UPLOAD/PUBLIC,/Users/dlev2617/Documents/Code/Agents/github-packages/READY-TO-UPLOAD/PUBLIC/paper-1997-05-the-full-cost-of-high-speed-rail-an-engineering-approach,data/analysis_workbooks/modernized_xlsx/car_hsr_comparison_work_sheet.xlsx,Sheet1,column_3,,mixed_numeric_text,122,SFO | - | 0 | 25 | 150,,,xlsx,medium,Some headers were missing; generated column_N names. Sampled first 134 non-empty rows from worksheet.
paper-1997-05,The Full Cost Of High-Speed Rail: An Engineering Approach,READY-TO-UPLOAD/PUBLIC,/Users/dlev2617/Documents/Code/Agents/github-packages/READY-TO-UPLOAD/PUBLIC/paper-1997-05-the-full-cost-of-high-speed-rail-an-engineering-approach,data/analysis_workbooks/modernized_xlsx/car_hsr_comparison_work_sheet.xlsx,Sheet1,column_4,,mixed_numeric_text,122,SJ | - | 0 | 130 | 350,,,xlsx,medium,Some headers were missing; generated column_N names. Sampled first 134 non-empty rows from worksheet.
paper-1997-05,The Full Cost Of High-Speed Rail: An Engineering Approach,READY-TO-UPLOAD/PUBLIC,/Users/dlev2617/Documents/Code/Agents/github-packages/READY-TO-UPLOAD/PUBLIC/paper-1997-05-the-full-cost-of-high-speed-rail-an-engineering-approach,data/analysis_workbooks/modernized_xlsx/car_hsr_comparison_work_sheet.xlsx,Sheet1,column_5,,mixed_numeric_text,111,FRESNO | - | 0 | 250 | 325,,,xlsx,medium,Some headers were missing; generated column_N names. Sampled first 134 non-empty rows from worksheet.
paper-1997-05,The Full Cost Of High-Speed Rail: An Engineering Approach,READY-TO-UPLOAD/PUBLIC,/Users/dlev2617/Documents/Code/Agents/github-packages/READY-TO-UPLOAD/PUBLIC/paper-1997-05-the-full-cost-of-high-speed-rail-an-engineering-approach,data/analysis_workbooks/modernized_xlsx/car_hsr_comparison_work_sheet.xlsx,Sheet1,column_6,,mixed_numeric_text,109,LAX | - | 0 | 100 | 160,,,xlsx,medium,Some headers were missing; generated column_N names. Sampled first 134 non-empty rows from worksheet.
paper-1997-05,The Full Cost Of High-Speed Rail: An Engineering Approach,READY-TO-UPLOAD/PUBLIC,/Users/dlev2617/Documents/Code/Agents/github-packages/READY-TO-UPLOAD/PUBLIC/paper-1997-05-the-full-cost-of-high-speed-rail-an-engineering-approach,data/analysis_workbooks/modernized_xlsx/car_hsr_comparison_work_sheet.xlsx,Sheet1,column_7,,mixed_numeric_text,93,SD | - | 0 | FRESNO | SFO,,,xlsx,medium,Some headers were missing; generated column_N names. Sampled first 134 non-empty rows from worksheet.
paper-1997-05,The Full Cost Of High-Speed Rail: An Engineering Approach,READY-TO-UPLOAD/PUBLIC,/Users/dlev2617/Documents/Code/Agents/github-packages/READY-TO-UPLOAD/PUBLIC/paper-1997-05-the-full-cost-of-high-speed-rail-an-engineering-approach,data/analysis_workbooks/modernized_xlsx/car_hsr_comparison_work_sheet.xlsx,Sheet1,column_8,,mixed_numeric_text,43,4603368 | LAX | SFO | 540800000 | 8112000,,,xlsx,medium,Some headers were missing; generated column_N names. Sampled first 134 non-empty rows from worksheet.
paper-1997-05,The Full Cost Of High-Speed Rail: An Engineering Approach,READY-TO-UPLOAD/PUBLIC,/Users/dlev2617/Documents/Code/Agents/github-packages/READY-TO-UPLOAD/PUBLIC/paper-1997-05-the-full-cost-of-high-speed-rail-an-engineering-approach,data/analysis_workbooks/modernized_xlsx/car_hsr_comparison_work_sheet.xlsx,Sheet1,column_9,,mixed_numeric_text,52,SAC | SFO | FRESNO | LAX | SD,,,xlsx,medium,Some headers were missing; generated column_N names. Sampled first 134 non-empty rows from worksheet.
paper-1997-05,The Full Cost Of High-Speed Rail: An Engineering Approach,READY-TO-UPLOAD/PUBLIC,/Users/dlev2617/Documents/Code/Agents/github-packages/READY-TO-UPLOAD/PUBLIC/paper-1997-05-the-full-cost-of-high-speed-rail-an-engineering-approach,data/analysis_workbooks/modernized_xlsx/car_hsr_comparison_work_sheet.xlsx,Sheet1,column_10,,mixed_numeric_text,52,SFO | FRESNO | LAX | SD | 231733333.3333333,,,xlsx,medium,Some headers were missing; generated column_N names. Sampled first 134 non-empty rows from worksheet.
paper-1997-05,The Full Cost Of High-Speed Rail: An Engineering Approach,READY-TO-UPLOAD/PUBLIC,/Users/dlev2617/Documents/Code/Agents/github-packages/READY-TO-UPLOAD/PUBLIC/paper-1997-05-the-full-cost-of-high-speed-rail-an-engineering-approach,data/analysis_workbooks/modernized_xlsx/car_hsr_comparison_work_sheet.xlsx,Sheet1,Distance/km,,mixed_numeric_text,52,144 | 240 | 640 | 800 | 600,,,xlsx,medium,Some headers were missing; generated column_N names. Sampled first 134 non-empty rows from worksheet.
paper-1997-05,The Full Cost Of High-Speed Rail: An Engineering Approach,READY-TO-UPLOAD/PUBLIC,/Users/dlev2617/Documents/Code/Agents/github-packages/READY-TO-UPLOAD/PUBLIC/paper-1997-05-the-full-cost-of-high-speed-rail-an-engineering-approach,data/analysis_workbooks/modernized_xlsx/car_hsr_comparison_work_sheet.xlsx,Sheet1,column_12,,mixed_numeric_text,42,SD | LAX | 277120000 | 4156800 | 5542400,,,xlsx,medium,Some headers were missing; generated column_N names. Sampled first 134 non-empty rows from worksheet.
paper-1997-05,The Full Cost Of High-Speed Rail: An Engineering Approach,READY-TO-UPLOAD/PUBLIC,/Users/dlev2617/Documents/Code/Agents/github-packages/READY-TO-UPLOAD/PUBLIC/paper-1997-05-the-full-cost-of-high-speed-rail-an-engineering-approach,data/analysis_workbooks/modernized_xlsx/car_hsr_comparison_work_sheet.xlsx,Sheet1,column_13,,mixed_numeric_text,21,TOTAL | 449042515.2 | 73340611.19999999 | 46344067.2 | 339256569.6,,,xlsx,medium,Some headers were missing; generated column_N names. Sampled first 134 non-empty rows from worksheet.
paper-1997-05,The Full Cost Of High-Speed Rail: An Engineering Approach,READY-TO-UPLOAD/PUBLIC,/Users/dlev2617/Documents/Code/Agents/github-packages/READY-TO-UPLOAD/PUBLIC/paper-1997-05-the-full-cost-of-high-speed-rail-an-engineering-approach,data/analysis_workbooks/modernized_xlsx/full_cost_hsr_tgv_and_system_data.xlsx,South-East TGV,SOUTH-EAST TGV DATA,,text,23,Year of Operation | Energy | Drivers | Train Crews | Rolling Stock Maintenance,,,xlsx,medium,Some headers were missing; generated column_N names. Sampled first 27 non-empty rows from worksheet.
paper-1997-05,The Full Cost Of High-Speed Rail: An Engineering Approach,READY-TO-UPLOAD/PUBLIC,/Users/dlev2617/Documents/Code/Agents/github-packages/READY-TO-UPLOAD/PUBLIC/paper-1997-05-the-full-cost-of-high-speed-rail-an-engineering-approach,data/analysis_workbooks/modernized_xlsx/full_cost_hsr_tgv_and_system_data.xlsx,South-East TGV,column_2,,numeric,20,1981 | 2 | 1 | 6 | 4,0,2800000,xlsx,medium,Some headers were missing; generated column_N names. Sampled first 27 non-empty rows from worksheet.
paper-1997-05,The Full Cost Of High-Speed Rail: An Engineering Approach,READY-TO-UPLOAD/PUBLIC,/Users/dlev2617/Documents/Code/Agents/github-packages/READY-TO-UPLOAD/PUBLIC/paper-1997-05-the-full-cost-of-high-speed-rail-an-engineering-approach,data/analysis_workbooks/modernized_xlsx/full_cost_hsr_tgv_and_system_data.xlsx,South-East TGV,column_3,,mixed_numeric_text,23,1982 | 15 | 6 | 26 | 17,,,xlsx,medium,Some headers were missing; generated column_N names. Sampled first 27 non-empty rows from worksheet.
paper-1997-05,The Full Cost Of High-Speed Rail: An Engineering Approach,READY-TO-UPLOAD/PUBLIC,/Users/dlev2617/Documents/Code/Agents/github-packages/READY-TO-UPLOAD/PUBLIC/paper-1997-05-the-full-cost-of-high-speed-rail-an-engineering-approach,data/analysis_workbooks/modernized_xlsx/full_cost_hsr_tgv_and_system_data.xlsx,South-East TGV,column_4,,numeric,22,1983 | 27 | 10 | 51 | 22,0,23800000,xlsx,medium,Some headers were missing; generated column_N names. Sampled first 27 non-empty rows from worksheet.
paper-1997-05,The Full Cost Of High-Speed Rail: An Engineering Approach,READY-TO-UPLOAD/PUBLIC,/Users/dlev2617/Documents/Code/Agents/github-packages/READY-TO-UPLOAD/PUBLIC/paper-1997-05-the-full-cost-of-high-speed-rail-an-engineering-approach,data/analysis_workbooks/modernized_xlsx/full_cost_hsr_tgv_and_system_data.xlsx,South-East TGV,column_5,,numeric,22,1984 | 42 | 12 | 13 | 48,8,32200000,xlsx,medium,Some headers were missing; generated column_N names. Sampled first 27 non-empty rows from worksheet.
paper-1997-05,The Full Cost Of High-Speed Rail: An Engineering Approach,READY-TO-UPLOAD/PUBLIC,/Users/dlev2617/Documents/Code/Agents/github-packages/READY-TO-UPLOAD/PUBLIC/paper-1997-05-the-full-cost-of-high-speed-rail-an-engineering-approach,data/analysis_workbooks/modernized_xlsx/full_cost_hsr_tgv_and_system_data.xlsx,South-East TGV,column_6,,mixed_numeric_text,24,1985 | 50 | 14 | 15 | 79,,,xlsx,medium,Some headers were missing; generated column_N names. Sampled first 27 non-empty rows from worksheet.
paper-1997-05,The Full Cost Of High-Speed Rail: An Engineering Approach,READY-TO-UPLOAD/PUBLIC,/Users/dlev2617/Documents/Code/Agents/github-packages/READY-TO-UPLOAD/PUBLIC/paper-1997-05-the-full-cost-of-high-speed-rail-an-engineering-approach,data/analysis_workbooks/modernized_xlsx/full_cost_hsr_tgv_and_system_data.xlsx,South-East TGV,column_7,,mixed_numeric_text,17,1986 | 40 | 17 | 16 | 75,,,xlsx,medium,Some headers were missing; generated column_N names. Sampled first 27 non-empty rows from worksheet.
paper-1997-05,The Full Cost Of High-Speed Rail: An Engineering Approach,READY-TO-UPLOAD/PUBLIC,/Users/dlev2617/Documents/Code/Agents/github-packages/READY-TO-UPLOAD/PUBLIC/paper-1997-05-the-full-cost-of-high-speed-rail-an-engineering-approach,data/analysis_workbooks/modernized_xlsx/full_cost_hsr_tgv_and_system_data.xlsx,South-East TGV,column_8,,numeric,14,1987 | 48 | 18 | 19 | 76,6,18519,xlsx,medium,Some headers were missing; generated column_N names. Sampled first 27 non-empty rows from worksheet.
paper-1997-05,The Full Cost Of High-Speed Rail: An Engineering Approach,READY-TO-UPLOAD/PUBLIC,/Users/dlev2617/Documents/Code/Agents/github-packages/READY-TO-UPLOAD/PUBLIC/paper-1997-05-the-full-cost-of-high-speed-rail-an-engineering-approach,data/analysis_workbooks/modernized_xlsx/full_cost_hsr_tgv_and_system_data.xlsx,South-East TGV,column_9,,mixed_numeric_text,16,1988 | 52 | 19 | 20 | 81,,,xlsx,medium,Some headers were missing; generated column_N names. Sampled first 27 non-empty rows from worksheet.
paper-1997-05,The Full Cost Of High-Speed Rail: An Engineering Approach,READY-TO-UPLOAD/PUBLIC,/Users/dlev2617/Documents/Code/Agents/github-packages/READY-TO-UPLOAD/PUBLIC/paper-1997-05-the-full-cost-of-high-speed-rail-an-engineering-approach,data/analysis_workbooks/modernized_xlsx/full_cost_hsr_tgv_and_system_data.xlsx,South-East TGV,column_10,,numeric,14,1989 | 55 | 20 | 22 | 87,7,20305,xlsx,medium,Some headers were missing; generated column_N names. Sampled first 27 non-empty rows from worksheet.
paper-1997-05,The Full Cost Of High-Speed Rail: An Engineering Approach,READY-TO-UPLOAD/PUBLIC,/Users/dlev2617/Documents/Code/Agents/github-packages/READY-TO-UPLOAD/PUBLIC/paper-1997-05-the-full-cost-of-high-speed-rail-an-engineering-approach,data/analysis_workbooks/modernized_xlsx/full_cost_hsr_tgv_and_system_data.xlsx,South-East TGV,column_11,,mixed_numeric_text,15,1990 | 59 | 21 | 23 | 98,,,xlsx,medium,Some headers were missing; generated column_N names. Sampled first 27 non-empty rows from worksheet.
paper-1997-05,The Full Cost Of High-Speed Rail: An Engineering Approach,READY-TO-UPLOAD/PUBLIC,/Users/dlev2617/Documents/Code/Agents/github-packages/READY-TO-UPLOAD/PUBLIC/paper-1997-05-the-full-cost-of-high-speed-rail-an-engineering-approach,data/analysis_workbooks/modernized_xlsx/full_cost_hsr_tgv_and_system_data.xlsx,South-East TGV,column_12,,numeric,14,1991 | 59 | 23 | 25 | 98,7,20343,xlsx,medium,Some headers were missing; generated column_N names. Sampled first 27 non-empty rows from worksheet.
paper-1997-05,The Full Cost Of High-Speed Rail: An Engineering Approach,READY-TO-UPLOAD/PUBLIC,/Users/dlev2617/Documents/Code/Agents/github-packages/READY-TO-UPLOAD/PUBLIC/paper-1997-05-the-full-cost-of-high-speed-rail-an-engineering-approach,data/analysis_workbooks/modernized_xlsx/full_cost_hsr_tgv_and_system_data.xlsx,South-East TGV,column_13,,numeric,5,1992 | 19096 | 1099 | 543 | 20739,543,20739,xlsx,medium,Some headers were missing; generated column_N names. Sampled first 27 non-empty rows from worksheet.
paper-1997-05,The Full Cost Of High-Speed Rail: An Engineering Approach,READY-TO-UPLOAD/PUBLIC,/Users/dlev2617/Documents/Code/Agents/github-packages/READY-TO-UPLOAD/PUBLIC/paper-1997-05-the-full-cost-of-high-speed-rail-an-engineering-approach,data/analysis_workbooks/modernized_xlsx/full_cost_hsr_tgv_and_system_data.xlsx,TGV Infrastructure,ASSESSMENT OF INVESTMENTS,,text,17,"INFRASTRUCTURE | Land purchase, plot regrouping, compensation payments | Preparatory work, earthworks, drainage/sanitation, roads, miscellaneous | Civil engineering structures | Road safety measures, fencing of right of way, miscellaneous",,,xlsx,medium,Headers inferred from first row. Sampled first 20 non-empty rows from worksheet.
paper-1997-05,The Full Cost Of High-Speed Rail: An Engineering Approach,READY-TO-UPLOAD/PUBLIC,/Users/dlev2617/Documents/Code/Agents/github-packages/READY-TO-UPLOAD/PUBLIC/paper-1997-05-the-full-cost-of-high-speed-rail-an-engineering-approach,data/analysis_workbooks/modernized_xlsx/full_cost_hsr_tgv_and_system_data.xlsx,TGV Infrastructure,South-East TGV,,mixed_numeric_text,16,1975 MFF | 141 | 993 | 377 | 79,,,xlsx,medium,Headers inferred from first row. Sampled first 20 non-empty rows from worksheet.
paper-1997-05,The Full Cost Of High-Speed Rail: An Engineering Approach,READY-TO-UPLOAD/PUBLIC,/Users/dlev2617/Documents/Code/Agents/github-packages/READY-TO-UPLOAD/PUBLIC/paper-1997-05-the-full-cost-of-high-speed-rail-an-engineering-approach,data/analysis_workbooks/modernized_xlsx/full_cost_hsr_tgv_and_system_data.xlsx,TGV Infrastructure,Atlantic TGV,,mixed_numeric_text,16,1983 MFF | 508 | 1269 | 2622 | 92,,,xlsx,medium,Headers inferred from first row. Sampled first 20 non-empty rows from worksheet.
paper-1997-05,The Full Cost Of High-Speed Rail: An Engineering Approach,READY-TO-UPLOAD/PUBLIC,/Users/dlev2617/Documents/Code/Agents/github-packages/READY-TO-UPLOAD/PUBLIC/paper-1997-05-the-full-cost-of-high-speed-rail-an-engineering-approach,data/analysis_workbooks/modernized_xlsx/full_cost_hsr_tgv_and_system_data.xlsx,TGV Infrastructure,Mediterranean TGV,,mixed_numeric_text,12,1991 MFF | 1210 | 8500 | 4670 | 830,,,xlsx,medium,Headers inferred from first row. Sampled first 20 non-empty rows from worksheet.
paper-1997-05,The Full Cost Of High-Speed Rail: An Engineering Approach,READY-TO-UPLOAD/PUBLIC,/Users/dlev2617/Documents/Code/Agents/github-packages/READY-TO-UPLOAD/PUBLIC/paper-1997-05-the-full-cost-of-high-speed-rail-an-engineering-approach,data/analysis_workbooks/modernized_xlsx/full_cost_hsr_tgv_and_system_data.xlsx,TGV Infrastructure,East-TGV,,mixed_numeric_text,12,1992 MFF | 1489 | 8383 | 4403 | 854,,,xlsx,medium,Headers inferred from first row. Sampled first 20 non-empty rows from worksheet.
paper-1997-05,The Full Cost Of High-Speed Rail: An Engineering Approach,READY-TO-UPLOAD/PUBLIC,/Users/dlev2617/Documents/Code/Agents/github-packages/READY-TO-UPLOAD/PUBLIC/paper-1997-05-the-full-cost-of-high-speed-rail-an-engineering-approach,data/analysis_workbooks/modernized_xlsx/full_cost_hsr_tgv_and_system_data.xlsx,South-East TGV (2),SOUTH-EAST TGV BUSINESS ACCOUNT,,text,10,Year of Operation | Passenger Revenue | TGV Mail Caring Revenue | Total Revenue | Operating Costs,,,xlsx,medium,Some headers were missing; generated column_N names. Sampled first 11 non-empty rows from worksheet.
paper-1997-05,The Full Cost Of High-Speed Rail: An Engineering Approach,READY-TO-UPLOAD/PUBLIC,/Users/dlev2617/Documents/Code/Agents/github-packages/READY-TO-UPLOAD/PUBLIC/paper-1997-05-the-full-cost-of-high-speed-rail-an-engineering-approach,data/analysis_workbooks/modernized_xlsx/full_cost_hsr_tgv_and_system_data.xlsx,South-East TGV (2),column_2,,numeric,10,1981 | 40 | 0 | 22 | 18,-26,1981,xlsx,medium,Some headers were missing; generated column_N names. Sampled first 11 non-empty rows from worksheet.
paper-1997-05,The Full Cost Of High-Speed Rail: An Engineering Approach,READY-TO-UPLOAD/PUBLIC,/Users/dlev2617/Documents/Code/Agents/github-packages/READY-TO-UPLOAD/PUBLIC/paper-1997-05-the-full-cost-of-high-speed-rail-an-engineering-approach,data/analysis_workbooks/modernized_xlsx/full_cost_hsr_tgv_and_system_data.xlsx,South-East TGV (2),In Millions of 1991 US Dollars,,numeric,10,1982 | 219 | 0 | 96 | 123,-45,1982,xlsx,medium,Some headers were missing; generated column_N names. Sampled first 11 non-empty rows from worksheet.
paper-1997-05,The Full Cost Of High-Speed Rail: An Engineering Approach,READY-TO-UPLOAD/PUBLIC,/Users/dlev2617/Documents/Code/Agents/github-packages/READY-TO-UPLOAD/PUBLIC/paper-1997-05-the-full-cost-of-high-speed-rail-an-engineering-approach,data/analysis_workbooks/modernized_xlsx/full_cost_hsr_tgv_and_system_data.xlsx,South-East TGV (2),column_4,,numeric,10,1983 | 368 | 0 | 165 | 203,-9,1983,xlsx,medium,Some headers were missing; generated column_N names. Sampled first 11 non-empty rows from worksheet.
paper-1997-05,The Full Cost Of High-Speed Rail: An Engineering Approach,READY-TO-UPLOAD/PUBLIC,/Users/dlev2617/Documents/Code/Agents/github-packages/READY-TO-UPLOAD/PUBLIC/paper-1997-05-the-full-cost-of-high-speed-rail-an-engineering-approach,data/analysis_workbooks/modernized_xlsx/full_cost_hsr_tgv_and_system_data.xlsx,South-East TGV (2),column_5,,numeric,10,1984 | 559 | 1 | 560 | 195,1,1984,xlsx,medium,Some headers were missing; generated column_N names. Sampled first 11 non-empty rows from worksheet.
paper-1997-05,The Full Cost Of High-Speed Rail: An Engineering Approach,READY-TO-UPLOAD/PUBLIC,/Users/dlev2617/Documents/Code/Agents/github-packages/READY-TO-UPLOAD/PUBLIC/paper-1997-05-the-full-cost-of-high-speed-rail-an-engineering-approach,data/analysis_workbooks/modernized_xlsx/full_cost_hsr_tgv_and_system_data.xlsx,South-East TGV (2),column_6,,numeric,10,1985 | 676 | 6 | 682 | 241,6,1985,xlsx,medium,Some headers were missing; generated column_N names. Sampled first 11 non-empty rows from worksheet.
paper-1997-05,The Full Cost Of High-Speed Rail: An Engineering Approach,READY-TO-UPLOAD/PUBLIC,/Users/dlev2617/Documents/Code/Agents/github-packages/READY-TO-UPLOAD/PUBLIC/paper-1997-05-the-full-cost-of-high-speed-rail-an-engineering-approach,data/analysis_workbooks/modernized_xlsx/full_cost_hsr_tgv_and_system_data.xlsx,South-East TGV (2),column_7,,numeric,10,1986 | 678 | 6 | 685 | 256,6,1986,xlsx,medium,Some headers were missing; generated column_N names. Sampled first 11 non-empty rows from worksheet.
paper-1997-05,The Full Cost Of High-Speed Rail: An Engineering Approach,READY-TO-UPLOAD/PUBLIC,/Users/dlev2617/Documents/Code/Agents/github-packages/READY-TO-UPLOAD/PUBLIC/paper-1997-05-the-full-cost-of-high-speed-rail-an-engineering-approach,data/analysis_workbooks/modernized_xlsx/full_cost_hsr_tgv_and_system_data.xlsx,South-East TGV (2),column_8,,numeric,10,1987 | 774 | 7 | 781 | 271,7,1987,xlsx,medium,Some headers were missing; generated column_N names. Sampled first 11 non-empty rows from worksheet.
paper-1997-05,The Full Cost Of High-Speed Rail: An Engineering Approach,READY-TO-UPLOAD/PUBLIC,/Users/dlev2617/Documents/Code/Agents/github-packages/READY-TO-UPLOAD/PUBLIC/paper-1997-05-the-full-cost-of-high-speed-rail-an-engineering-approach,data/analysis_workbooks/modernized_xlsx/full_cost_hsr_tgv_and_system_data.xlsx,South-East TGV (2),column_9,,numeric,10,1988 | 828 | 7 | 835 | 284,7,1988,xlsx,medium,Some headers were missing; generated column_N names. Sampled first 11 non-empty rows from worksheet.
paper-1997-05,The Full Cost Of High-Speed Rail: An Engineering Approach,READY-TO-UPLOAD/PUBLIC,/Users/dlev2617/Documents/Code/Agents/github-packages/READY-TO-UPLOAD/PUBLIC/paper-1997-05-the-full-cost-of-high-speed-rail-an-engineering-approach,data/analysis_workbooks/modernized_xlsx/full_cost_hsr_tgv_and_system_data.xlsx,South-East TGV (2),column_10,,numeric,10,1989 | 881 | 7 | 889 | 299,7,1989,xlsx,medium,Some headers were missing; generated column_N names. Sampled first 11 non-empty rows from worksheet.
paper-1997-05,The Full Cost Of High-Speed Rail: An Engineering Approach,READY-TO-UPLOAD/PUBLIC,/Users/dlev2617/Documents/Code/Agents/github-packages/READY-TO-UPLOAD/PUBLIC/paper-1997-05-the-full-cost-of-high-speed-rail-an-engineering-approach,data/analysis_workbooks/modernized_xlsx/full_cost_hsr_tgv_and_system_data.xlsx,South-East TGV (2),column_11,,numeric,10,1990 | 912 | 8 | 920 | 308,8,1990,xlsx,medium,Some headers were missing; generated column_N names. Sampled first 11 non-empty rows from worksheet.
paper-1997-05,The Full Cost Of High-Speed Rail: An Engineering Approach,READY-TO-UPLOAD/PUBLIC,/Users/dlev2617/Documents/Code/Agents/github-packages/READY-TO-UPLOAD/PUBLIC/paper-1997-05-the-full-cost-of-high-speed-rail-an-engineering-approach,data/analysis_workbooks/modernized_xlsx/full_cost_hsr_tgv_and_system_data.xlsx,South-East TGV (2),column_12,,numeric,10,1991 | 942 | 9 | 951 | 322,9,1991,xlsx,medium,Some headers were missing; generated column_N names. Sampled first 11 non-empty rows from worksheet.
paper-1997-05,The Full Cost Of High-Speed Rail: An Engineering Approach,READY-TO-UPLOAD/PUBLIC,/Users/dlev2617/Documents/Code/Agents/github-packages/READY-TO-UPLOAD/PUBLIC/paper-1997-05-the-full-cost-of-high-speed-rail-an-engineering-approach,data/analysis_workbooks/modernized_xlsx/full_cost_hsr_tgv_and_system_data.xlsx,HSR DATA,System,,text,20,Actual | Shinkansen | Tokaido | Sanyou | Tohuko,,,xlsx,medium,Headers inferred from first row. Sampled first 22 non-empty rows from worksheet.
paper-1997-05,The Full Cost Of High-Speed Rail: An Engineering Approach,READY-TO-UPLOAD/PUBLIC,/Users/dlev2617/Documents/Code/Agents/github-packages/READY-TO-UPLOAD/PUBLIC/paper-1997-05-the-full-cost-of-high-speed-rail-an-engineering-approach,data/analysis_workbooks/modernized_xlsx/full_cost_hsr_tgv_and_system_data.xlsx,HSR DATA,Distance,,mixed_numeric_text,14,(mile) | 346 | 389 | 335 | 209,,,xlsx,medium,Headers inferred from first row. Sampled first 22 non-empty rows from worksheet.
paper-1997-05,The Full Cost Of High-Speed Rail: An Engineering Approach,READY-TO-UPLOAD/PUBLIC,/Users/dlev2617/Documents/Code/Agents/github-packages/READY-TO-UPLOAD/PUBLIC/paper-1997-05-the-full-cost-of-high-speed-rail-an-engineering-approach,data/analysis_workbooks/modernized_xlsx/full_cost_hsr_tgv_and_system_data.xlsx,HSR DATA,Travel Time,,mixed_numeric_text,11,(minutes) | 164 | 120 | 62.4 | 86.3,,,xlsx,medium,Headers inferred from first row. Sampled first 22 non-empty rows from worksheet.
paper-1997-05,The Full Cost Of High-Speed Rail: An Engineering Approach,READY-TO-UPLOAD/PUBLIC,/Users/dlev2617/Documents/Code/Agents/github-packages/READY-TO-UPLOAD/PUBLIC/paper-1997-05-the-full-cost-of-high-speed-rail-an-engineering-approach,data/analysis_workbooks/modernized_xlsx/full_cost_hsr_tgv_and_system_data.xlsx,HSR DATA,Average Speed,,mixed_numeric_text,11,(mph) | 126.59 | 132.7 | 127 | 160,,,xlsx,medium,Headers inferred from first row. Sampled first 22 non-empty rows from worksheet.
paper-1997-05,The Full Cost Of High-Speed Rail: An Engineering Approach,READY-TO-UPLOAD/PUBLIC,/Users/dlev2617/Documents/Code/Agents/github-packages/READY-TO-UPLOAD/PUBLIC/paper-1997-05-the-full-cost-of-high-speed-rail-an-engineering-approach,data/analysis_workbooks/modernized_xlsx/full_cost_hsr_tgv_and_system_data.xlsx,HSR DATA,Ridership,,mixed_numeric_text,15,(million) | in 1989 | 117 | 62 | 51,,,xlsx,medium,Headers inferred from first row. Sampled first 22 non-empty rows from worksheet.
paper-1997-05,The Full Cost Of High-Speed Rail: An Engineering Approach,READY-TO-UPLOAD/PUBLIC,/Users/dlev2617/Documents/Code/Agents/github-packages/READY-TO-UPLOAD/PUBLIC/paper-1997-05-the-full-cost-of-high-speed-rail-an-engineering-approach,data/analysis_workbooks/modernized_xlsx/full_cost_hsr_tgv_and_system_data.xlsx,HSR DATA,Construction Cost,,mixed_numeric_text,8,(1992 billion$) | 4.16 | 7.7 | 14.37 | 8.73,,,xlsx,medium,Headers inferred from first row. Sampled first 22 non-empty rows from worksheet.
paper-1997-05,The Full Cost Of High-Speed Rail: An Engineering Approach,READY-TO-UPLOAD/PUBLIC,/Users/dlev2617/Documents/Code/Agents/github-packages/READY-TO-UPLOAD/PUBLIC/paper-1997-05-the-full-cost-of-high-speed-rail-an-engineering-approach,data/analysis_workbooks/modernized_xlsx/full_cost_hsr_tgv_and_system_data.xlsx,HSR DATA,Construction Cost per,,mixed_numeric_text,8,Mile (1992 $million) | 12.02312138728324 | 19.79434447300771 | 42.8955223880597 | 41.77033492822967,,,xlsx,medium,Headers inferred from first row. Sampled first 22 non-empty rows from worksheet.
paper-1997-05,The Full Cost Of High-Speed Rail: An Engineering Approach,READY-TO-UPLOAD/PUBLIC,/Users/dlev2617/Documents/Code/Agents/github-packages/READY-TO-UPLOAD/PUBLIC/paper-1997-05-the-full-cost-of-high-speed-rail-an-engineering-approach,data/analysis_workbooks/modernized_xlsx/full_cost_hsr_tgv_and_system_data.xlsx,HSR DATA,Year of Price,,numeric,4,1964 | 1975 | 1985,1964,1985,xlsx,medium,Headers inferred from first row. Sampled first 22 non-empty rows from worksheet.
paper-1997-05,The Full Cost Of High-Speed Rail: An Engineering Approach,READY-TO-UPLOAD/PUBLIC,/Users/dlev2617/Documents/Code/Agents/github-packages/READY-TO-UPLOAD/PUBLIC/paper-1997-05-the-full-cost-of-high-speed-rail-an-engineering-approach,data/analysis_workbooks/modernized_xlsx/full_cost_hsr_tgv_and_system_data.xlsx,HSR DATA,Operating Cost,,mixed_numeric_text,7,(1992 $million) | 4433.01 | 3208.51 | 5688.51 | 2464.5,,,xlsx,medium,Headers inferred from first row. Sampled first 22 non-empty rows from worksheet.
paper-1997-05,The Full Cost Of High-Speed Rail: An Engineering Approach,READY-TO-UPLOAD/PUBLIC,/Users/dlev2617/Documents/Code/Agents/github-packages/READY-TO-UPLOAD/PUBLIC/paper-1997-05-the-full-cost-of-high-speed-rail-an-engineering-approach,data/analysis_workbooks/modernized_xlsx/full_cost_hsr_tgv_and_system_data.xlsx,HSR DATA,Operating Cost per pax,,mixed_numeric_text,13,(1992 $/pax) | 37.88897435897436 | 51.75016129032259 | 111.5394117647059 | 123.225,,,xlsx,medium,Headers inferred from first row. Sampled first 22 non-empty rows from worksheet.
paper-1997-05,The Full Cost Of High-Speed Rail: An Engineering Approach,READY-TO-UPLOAD/PUBLIC,/Users/dlev2617/Documents/Code/Agents/github-packages/READY-TO-UPLOAD/PUBLIC/paper-1997-05-the-full-cost-of-high-speed-rail-an-engineering-approach,data/analysis_workbooks/modernized_xlsx/hsr_appendix6_d1.xlsx,Sheet1,column_1,,text,50,Los Angeles | Bakersfield | Fresno | San Jose | San Francisco,,,xlsx,medium,Some headers were missing; generated column_N names. Sampled first 60 non-empty rows from worksheet.
paper-1997-05,The Full Cost Of High-Speed Rail: An Engineering Approach,READY-TO-UPLOAD/PUBLIC,/Users/dlev2617/Documents/Code/Agents/github-packages/READY-TO-UPLOAD/PUBLIC/paper-1997-05-the-full-cost-of-high-speed-rail-an-engineering-approach,data/analysis_workbooks/modernized_xlsx/hsr_appendix6_d1.xlsx,Sheet1,Exp,,mixed_numeric_text,59,6 | 6.56 | 7.38 | 8.34 | 9.19,,,xlsx,medium,Some headers were missing; generated column_N names. Sampled first 60 non-empty rows from worksheet.
paper-1997-05,The Full Cost Of High-Speed Rail: An Engineering Approach,READY-TO-UPLOAD/PUBLIC,/Users/dlev2617/Documents/Code/Agents/github-packages/READY-TO-UPLOAD/PUBLIC/paper-1997-05-the-full-cost-of-high-speed-rail-an-engineering-approach,data/analysis_workbooks/modernized_xlsx/hsr_appendix6_d1.xlsx,Sheet1,NS,,mixed_numeric_text,59,6.15 | | | 9.04 | Exp | 8.3,,,xlsx,medium,Some headers were missing; generated column_N names. Sampled first 60 non-empty rows from worksheet.
paper-1997-05,The Full Cost Of High-Speed Rail: An Engineering Approach,READY-TO-UPLOAD/PUBLIC,/Users/dlev2617/Documents/Code/Agents/github-packages/READY-TO-UPLOAD/PUBLIC/paper-1997-05-the-full-cost-of-high-speed-rail-an-engineering-approach,data/analysis_workbooks/modernized_xlsx/hsr_appendix6_d1.xlsx,Sheet1,Exp_2,,mixed_numeric_text,59,6.15 | 7.11 | 7.53 | 8.49 | 9.34,,,xlsx,medium,Some headers were missing; generated column_N names. Sampled first 60 non-empty rows from worksheet.
paper-1997-05,The Full Cost Of High-Speed Rail: An Engineering Approach,READY-TO-UPLOAD/PUBLIC,/Users/dlev2617/Documents/Code/Agents/github-packages/READY-TO-UPLOAD/PUBLIC/paper-1997-05-the-full-cost-of-high-speed-rail-an-engineering-approach,data/analysis_workbooks/modernized_xlsx/hsr_appendix6_d1.xlsx,Sheet1,NS_2,,mixed_numeric_text,59,6.3 | | | 9.19 | NS | 9,,,xlsx,medium,Some headers were missing; generated column_N names. Sampled first 60 non-empty rows from worksheet.
paper-1997-05,The Full Cost Of High-Speed Rail: An Engineering Approach,READY-TO-UPLOAD/PUBLIC,/Users/dlev2617/Documents/Code/Agents/github-packages/READY-TO-UPLOAD/PUBLIC/paper-1997-05-the-full-cost-of-high-speed-rail-an-engineering-approach,data/analysis_workbooks/modernized_xlsx/hsr_appendix6_d1.xlsx,Sheet1,NS_3,,mixed_numeric_text,59,6.45 | | | 9.34 | NS | 9.15,,,xlsx,medium,Some headers were missing; generated column_N names. Sampled first 60 non-empty rows from worksheet.
paper-1997-05,The Full Cost Of High-Speed Rail: An Engineering Approach,READY-TO-UPLOAD/PUBLIC,/Users/dlev2617/Documents/Code/Agents/github-packages/READY-TO-UPLOAD/PUBLIC/paper-1997-05-the-full-cost-of-high-speed-rail-an-engineering-approach,data/analysis_workbooks/modernized_xlsx/hsr_appendix6_d1.xlsx,Sheet1,Exp_3,,mixed_numeric_text,59,6.45 | 7.41 | 8.23 | 9.19 | 10.04,,,xlsx,medium,Some headers were missing; generated column_N names. Sampled first 60 non-empty rows from worksheet.
paper-1997-05,The Full Cost Of High-Speed Rail: An Engineering Approach,READY-TO-UPLOAD/PUBLIC,/Users/dlev2617/Documents/Code/Agents/github-packages/READY-TO-UPLOAD/PUBLIC/paper-1997-05-the-full-cost-of-high-speed-rail-an-engineering-approach,data/analysis_workbooks/modernized_xlsx/hsr_appendix6_d1.xlsx,Sheet1,NS_4,,mixed_numeric_text,47,7 | | | 9.49 | Exp | 9.3,,,xlsx,medium,Some headers were missing; generated column_N names. Sampled first 60 non-empty rows from worksheet.
paper-1997-05,The Full Cost Of High-Speed Rail: An Engineering Approach,READY-TO-UPLOAD/PUBLIC,/Users/dlev2617/Documents/Code/Agents/github-packages/READY-TO-UPLOAD/PUBLIC/paper-1997-05-the-full-cost-of-high-speed-rail-an-engineering-approach,data/analysis_workbooks/modernized_xlsx/hsr_appendix6_d1.xlsx,Sheet1,Exp_4,,mixed_numeric_text,47,7 | 7.56 | 8.38 | 9.34 | 10.19,,,xlsx,medium,Some headers were missing; generated column_N names. Sampled first 60 non-empty rows from worksheet.
paper-1997-05,The Full Cost Of High-Speed Rail: An Engineering Approach,READY-TO-UPLOAD/PUBLIC,/Users/dlev2617/Documents/Code/Agents/github-packages/READY-TO-UPLOAD/PUBLIC/paper-1997-05-the-full-cost-of-high-speed-rail-an-engineering-approach,data/analysis_workbooks/modernized_xlsx/hsr_appendix6_d1.xlsx,Sheet1,NS_5,,mixed_numeric_text,47,7.3 | | | 10.19 | Exp | 10.15,,,xlsx,medium,Some headers were missing; generated column_N names. Sampled first 60 non-empty rows from worksheet.
paper-1997-05,The Full Cost Of High-Speed Rail: An Engineering Approach,READY-TO-UPLOAD/PUBLIC,/Users/dlev2617/Documents/Code/Agents/github-packages/READY-TO-UPLOAD/PUBLIC/paper-1997-05-the-full-cost-of-high-speed-rail-an-engineering-approach,data/analysis_workbooks/modernized_xlsx/hsr_appendix6_d1.xlsx,Sheet1,NS_6,,mixed_numeric_text,47,7.45 | | | 10.34 | NS | 10.45,,,xlsx,medium,Some headers were missing; generated column_N names. Sampled first 60 non-empty rows from worksheet.
paper-1997-05,The Full Cost Of High-Speed Rail: An Engineering Approach,READY-TO-UPLOAD/PUBLIC,/Users/dlev2617/Documents/Code/Agents/github-packages/READY-TO-UPLOAD/PUBLIC/paper-1997-05-the-full-cost-of-high-speed-rail-an-engineering-approach,data/analysis_workbooks/modernized_xlsx/hsr_appendix6_d1.xlsx,Sheet1,Exp_5,,mixed_numeric_text,47,7.45 | 8.41 | 9.23 | 10.19 | 11.04,,,xlsx,medium,Some headers were missing; generated column_N names. Sampled first 60 non-empty rows from worksheet.
paper-1997-05,The Full Cost Of High-Speed Rail: An Engineering Approach,READY-TO-UPLOAD/PUBLIC,/Users/dlev2617/Documents/Code/Agents/github-packages/READY-TO-UPLOAD/PUBLIC/paper-1997-05-the-full-cost-of-high-speed-rail-an-engineering-approach,data/analysis_workbooks/modernized_xlsx/hsr_appendix6_d1.xlsx,Sheet1,NS_7,,mixed_numeric_text,47,8.15 | | | 11.04 | Exp | 11.15,,,xlsx,medium,Some headers were missing; generated column_N names. Sampled first 60 non-empty rows from worksheet.
paper-1997-05,The Full Cost Of High-Speed Rail: An Engineering Approach,READY-TO-UPLOAD/PUBLIC,/Users/dlev2617/Documents/Code/Agents/github-packages/READY-TO-UPLOAD/PUBLIC/paper-1997-05-the-full-cost-of-high-speed-rail-an-engineering-approach,data/analysis_workbooks/modernized_xlsx/hsr_appendix6_d2.xlsx,Trainset,Trainset # :,,numeric,19,1 | 2 | 3 | 4 | 5,1,19,xlsx,medium,Some headers were missing; generated column_N names. Sampled first 58 non-empty rows from worksheet.
paper-1997-05,The Full Cost Of High-Speed Rail: An Engineering Approach,READY-TO-UPLOAD/PUBLIC,/Users/dlev2617/Documents/Code/Agents/github-packages/READY-TO-UPLOAD/PUBLIC/paper-1997-05-the-full-cost-of-high-speed-rail-an-engineering-approach,data/analysis_workbooks/modernized_xlsx/hsr_appendix6_d2.xlsx,Trainset,SF-LA,,numeric,57,5.3 | 8.49 | 9.49 | 6 | 9.19,5.3,13.49,xlsx,medium,Some headers were missing; generated column_N names. Sampled first 58 non-empty rows from worksheet.
paper-1997-05,The Full Cost Of High-Speed Rail: An Engineering Approach,READY-TO-UPLOAD/PUBLIC,/Users/dlev2617/Documents/Code/Agents/github-packages/READY-TO-UPLOAD/PUBLIC/paper-1997-05-the-full-cost-of-high-speed-rail-an-engineering-approach,data/analysis_workbooks/modernized_xlsx/hsr_appendix6_d2.xlsx,Trainset,LA-SF,,numeric,57,10 | 12.49 | 13.49 | 10.45 | 13.34,10,21.19,xlsx,medium,Some headers were missing; generated column_N names. Sampled first 58 non-empty rows from worksheet.
paper-1997-05,The Full Cost Of High-Speed Rail: An Engineering Approach,READY-TO-UPLOAD/PUBLIC,/Users/dlev2617/Documents/Code/Agents/github-packages/READY-TO-UPLOAD/PUBLIC/paper-1997-05-the-full-cost-of-high-speed-rail-an-engineering-approach,data/analysis_workbooks/modernized_xlsx/hsr_appendix6_d2.xlsx,Trainset,SF-LA_2,,numeric,27,14 | 16.49 | 17.49 | 14.45 | 17.34,14,23.34,xlsx,medium,Some headers were missing; generated column_N names. Sampled first 58 non-empty rows from worksheet.
paper-1997-05,The Full Cost Of High-Speed Rail: An Engineering Approach,READY-TO-UPLOAD/PUBLIC,/Users/dlev2617/Documents/Code/Agents/github-packages/READY-TO-UPLOAD/PUBLIC/paper-1997-05-the-full-cost-of-high-speed-rail-an-engineering-approach,data/analysis_workbooks/modernized_xlsx/hsr_appendix6_d2.xlsx,Trainset,LA-SF_2,,numeric,18,18.15 | 21.04 | 22.04 | 19 | 21.49,18.15,25.34,xlsx,medium,Some headers were missing; generated column_N names. Sampled first 58 non-empty rows from worksheet.
paper-1997-05,The Full Cost Of High-Speed Rail: An Engineering Approach,READY-TO-UPLOAD/PUBLIC,/Users/dlev2617/Documents/Code/Agents/github-packages/READY-TO-UPLOAD/PUBLIC/paper-1997-05-the-full-cost-of-high-speed-rail-an-engineering-approach,data/analysis_workbooks/modernized_xlsx/hsr_appendix6_d2.xlsx,Trainset,Trainset # :_2,,numeric,19,20 | 21 | 22 | 23 | 24,20,38,xlsx,medium,Some headers were missing; generated column_N names. Sampled first 58 non-empty rows from worksheet.
paper-1997-05,The Full Cost Of High-Speed Rail: An Engineering Approach,READY-TO-UPLOAD/PUBLIC,/Users/dlev2617/Documents/Code/Agents/github-packages/READY-TO-UPLOAD/PUBLIC/paper-1997-05-the-full-cost-of-high-speed-rail-an-engineering-approach,data/analysis_workbooks/modernized_xlsx/hsr_appendix6_d2.xlsx,Trainset,LA-SF_3,,numeric,57,6 | 9.19 | 10.19 | 6.15 | 9.04,6,13.49,xlsx,medium,Some headers were missing; generated column_N names. Sampled first 58 non-empty rows from worksheet.
paper-1997-05,The Full Cost Of High-Speed Rail: An Engineering Approach,READY-TO-UPLOAD/PUBLIC,/Users/dlev2617/Documents/Code/Agents/github-packages/READY-TO-UPLOAD/PUBLIC/paper-1997-05-the-full-cost-of-high-speed-rail-an-engineering-approach,data/analysis_workbooks/modernized_xlsx/hsr_appendix6_d2.xlsx,Trainset,SF-LA_3,,numeric,57,10.45 | 13.34 | 14.34 | 10.15 | 11,10.15,22.04,xlsx,medium,Some headers were missing; generated column_N names. Sampled first 58 non-empty rows from worksheet.
paper-1997-05,The Full Cost Of High-Speed Rail: An Engineering Approach,READY-TO-UPLOAD/PUBLIC,/Users/dlev2617/Documents/Code/Agents/github-packages/READY-TO-UPLOAD/PUBLIC/paper-1997-05-the-full-cost-of-high-speed-rail-an-engineering-approach,data/analysis_workbooks/modernized_xlsx/hsr_appendix6_d2.xlsx,Trainset,LA-SF_4,,numeric,30,14.45 | 17.34 | 18.34 | 15 | 18.19,14.45,23.34,xlsx,medium,Some headers were missing; generated column_N names. Sampled first 58 non-empty rows from worksheet.
paper-1997-05,The Full Cost Of High-Speed Rail: An Engineering Approach,READY-TO-UPLOAD/PUBLIC,/Users/dlev2617/Documents/Code/Agents/github-packages/READY-TO-UPLOAD/PUBLIC/paper-1997-05-the-full-cost-of-high-speed-rail-an-engineering-approach,data/analysis_workbooks/modernized_xlsx/hsr_appendix6_d2.xlsx,Trainset,SF-LA_4,,numeric,21,19 | 21.49 | 22.49 | 19.45 | 22.34,19,25.19,xlsx,medium,Some headers were missing; generated column_N names. Sampled first 58 non-empty rows from worksheet.
paper-1997-05,The Full Cost Of High-Speed Rail: An Engineering Approach,READY-TO-UPLOAD/PUBLIC,/Users/dlev2617/Documents/Code/Agents/github-packages/READY-TO-UPLOAD/PUBLIC/paper-1997-05-the-full-cost-of-high-speed-rail-an-engineering-approach,data/analysis_workbooks/modernized_xlsx/hsr_appendix6_d2.xlsx,Trainset,column_11,,empty,0,,,,xlsx,medium,Some headers were missing; generated column_N names. Sampled first 58 non-empty rows from worksheet.
paper-1997-05,The Full Cost Of High-Speed Rail: An Engineering Approach,READY-TO-UPLOAD/PUBLIC,/Users/dlev2617/Documents/Code/Agents/github-packages/READY-TO-UPLOAD/PUBLIC/paper-1997-05-the-full-cost-of-high-speed-rail-an-engineering-approach,data/analysis_workbooks/modernized_xlsx/hsr_appendix6_d2.xlsx,Trainset,column_12,,empty,0,,,,xlsx,medium,Some headers were missing; generated column_N names. Sampled first 58 non-empty rows from worksheet.
paper-1997-05,The Full Cost Of High-Speed Rail: An Engineering Approach,READY-TO-UPLOAD/PUBLIC,/Users/dlev2617/Documents/Code/Agents/github-packages/READY-TO-UPLOAD/PUBLIC/paper-1997-05-the-full-cost-of-high-speed-rail-an-engineering-approach,data/analysis_workbooks/modernized_xlsx/hsr_appendix6_d2.xlsx,Trainset,column_13,,empty,0,,,,xlsx,medium,Some headers were missing; generated column_N names. Sampled first 58 non-empty rows from worksheet.
paper-1997-05,The Full Cost Of High-Speed Rail: An Engineering Approach,READY-TO-UPLOAD/PUBLIC,/Users/dlev2617/Documents/Code/Agents/github-packages/READY-TO-UPLOAD/PUBLIC/paper-1997-05-the-full-cost-of-high-speed-rail-an-engineering-approach,data/analysis_workbooks/modernized_xlsx/hsr_appendix6_d2.xlsx,Trainset,column_14,,empty,0,,,,xlsx,medium,Some headers were missing; generated column_N names. Sampled first 58 non-empty rows from worksheet.
paper-1997-05,The Full Cost Of High-Speed Rail: An Engineering Approach,READY-TO-UPLOAD/PUBLIC,/Users/dlev2617/Documents/Code/Agents/github-packages/READY-TO-UPLOAD/PUBLIC/paper-1997-05-the-full-cost-of-high-speed-rail-an-engineering-approach,data/analysis_workbooks/modernized_xlsx/hsr_appendix6_d2.xlsx,Trainset,column_15,,empty,0,,,,xlsx,medium,Some headers were missing; generated column_N names. Sampled first 58 non-empty rows from worksheet.
paper-1997-05,The Full Cost Of High-Speed Rail: An Engineering Approach,READY-TO-UPLOAD/PUBLIC,/Users/dlev2617/Documents/Code/Agents/github-packages/READY-TO-UPLOAD/PUBLIC/paper-1997-05-the-full-cost-of-high-speed-rail-an-engineering-approach,data/analysis_workbooks/modernized_xlsx/hsr_appendix6_d2.xlsx,Trainset,column_16,,empty,0,,,,xlsx,medium,Some headers were missing; generated column_N names. Sampled first 58 non-empty rows from worksheet.
paper-1997-05,The Full Cost Of High-Speed Rail: An Engineering Approach,READY-TO-UPLOAD/PUBLIC,/Users/dlev2617/Documents/Code/Agents/github-packages/READY-TO-UPLOAD/PUBLIC/paper-1997-05-the-full-cost-of-high-speed-rail-an-engineering-approach,data/analysis_workbooks/modernized_xlsx/hsr_appendix6_d2.xlsx,Trainset,column_17,,empty,0,,,,xlsx,medium,Some headers were missing; generated column_N names. Sampled first 58 non-empty rows from worksheet.
paper-1997-05,The Full Cost Of High-Speed Rail: An Engineering Approach,READY-TO-UPLOAD/PUBLIC,/Users/dlev2617/Documents/Code/Agents/github-packages/READY-TO-UPLOAD/PUBLIC/paper-1997-05-the-full-cost-of-high-speed-rail-an-engineering-approach,data/analysis_workbooks/modernized_xlsx/hsr_appendix6_d2.xlsx,Trainset,column_18,,empty,0,,,,xlsx,medium,Some headers were missing; generated column_N names. Sampled first 58 non-empty rows from worksheet.
paper-1997-05,The Full Cost Of High-Speed Rail: An Engineering Approach,READY-TO-UPLOAD/PUBLIC,/Users/dlev2617/Documents/Code/Agents/github-packages/READY-TO-UPLOAD/PUBLIC/paper-1997-05-the-full-cost-of-high-speed-rail-an-engineering-approach,data/analysis_workbooks/modernized_xlsx/hsr_appendix6_d2.xlsx,Trainset,column_19,,empty,0,,,,xlsx,medium,Some headers were missing; generated column_N names. Sampled first 58 non-empty rows from worksheet.
paper-1997-05,The Full Cost Of High-Speed Rail: An Engineering Approach,READY-TO-UPLOAD/PUBLIC,/Users/dlev2617/Documents/Code/Agents/github-packages/READY-TO-UPLOAD/PUBLIC/paper-1997-05-the-full-cost-of-high-speed-rail-an-engineering-approach,data/analysis_workbooks/modernized_xlsx/hsr_appendix6_d2.xlsx,Trainset,column_20,,empty,0,,,,xlsx,medium,Some headers were missing; generated column_N names. Sampled first 58 non-empty rows from worksheet.
paper-1997-05,The Full Cost Of High-Speed Rail: An Engineering Approach,READY-TO-UPLOAD/PUBLIC,/Users/dlev2617/Documents/Code/Agents/github-packages/READY-TO-UPLOAD/PUBLIC/paper-1997-05-the-full-cost-of-high-speed-rail-an-engineering-approach,data/analysis_workbooks/modernized_xlsx/hsr_appendix6_d2.xlsx,Trainset,column_21,,empty,0,,,,xlsx,medium,Some headers were missing; generated column_N names. Sampled first 58 non-empty rows from worksheet.
paper-1997-05,The Full Cost Of High-Speed Rail: An Engineering Approach,READY-TO-UPLOAD/PUBLIC,/Users/dlev2617/Documents/Code/Agents/github-packages/READY-TO-UPLOAD/PUBLIC/paper-1997-05-the-full-cost-of-high-speed-rail-an-engineering-approach,data/analysis_workbooks/modernized_xlsx/hsr_appendix6_d2.xlsx,Trainset,column_22,,empty,0,,,,xlsx,medium,Some headers were missing; generated column_N names. Sampled first 58 non-empty rows from worksheet.
paper-1997-05,The Full Cost Of High-Speed Rail: An Engineering Approach,READY-TO-UPLOAD/PUBLIC,/Users/dlev2617/Documents/Code/Agents/github-packages/READY-TO-UPLOAD/PUBLIC/paper-1997-05-the-full-cost-of-high-speed-rail-an-engineering-approach,data/analysis_workbooks/modernized_xlsx/hsr_appendix6_d2.xlsx,Trainset,column_23,,empty,0,,,,xlsx,medium,Some headers were missing; generated column_N names. Sampled first 58 non-empty rows from worksheet.
paper-1997-05,The Full Cost Of High-Speed Rail: An Engineering Approach,READY-TO-UPLOAD/PUBLIC,/Users/dlev2617/Documents/Code/Agents/github-packages/READY-TO-UPLOAD/PUBLIC/paper-1997-05-the-full-cost-of-high-speed-rail-an-engineering-approach,data/analysis_workbooks/modernized_xlsx/hsr_appendix6_d2.xlsx,Trainset,column_24,,empty,0,,,,xlsx,medium,Some headers were missing; generated column_N names. Sampled first 58 non-empty rows from worksheet.
paper-1997-05,The Full Cost Of High-Speed Rail: An Engineering Approach,READY-TO-UPLOAD/PUBLIC,/Users/dlev2617/Documents/Code/Agents/github-packages/READY-TO-UPLOAD/PUBLIC/paper-1997-05-the-full-cost-of-high-speed-rail-an-engineering-approach,data/analysis_workbooks/modernized_xlsx/hsr_appendix6_d2.xlsx,Trainset,column_25,,empty,0,,,,xlsx,medium,Some headers were missing; generated column_N names. Sampled first 58 non-empty rows from worksheet.
paper-1997-05,The Full Cost Of High-Speed Rail: An Engineering Approach,READY-TO-UPLOAD/PUBLIC,/Users/dlev2617/Documents/Code/Agents/github-packages/READY-TO-UPLOAD/PUBLIC/paper-1997-05-the-full-cost-of-high-speed-rail-an-engineering-approach,data/analysis_workbooks/modernized_xlsx/hsr_appendix6_d2.xlsx,Trainset,column_26,,boolean_or_indicator,3,0,,,xlsx,medium,Some headers were missing; generated column_N names. Sampled first 58 non-empty rows from worksheet.
paper-1997-05,The Full Cost Of High-Speed Rail: An Engineering Approach,READY-TO-UPLOAD/PUBLIC,/Users/dlev2617/Documents/Code/Agents/github-packages/READY-TO-UPLOAD/PUBLIC/paper-1997-05-the-full-cost-of-high-speed-rail-an-engineering-approach,data/analysis_workbooks/modernized_xlsx/hsr_appendix6_d2.xlsx,Trainset,column_27,,empty,0,,,,xlsx,medium,Some headers were missing; generated column_N names. Sampled first 58 non-empty rows from worksheet.
paper-1997-05,The Full Cost Of High-Speed Rail: An Engineering Approach,READY-TO-UPLOAD/PUBLIC,/Users/dlev2617/Documents/Code/Agents/github-packages/READY-TO-UPLOAD/PUBLIC/paper-1997-05-the-full-cost-of-high-speed-rail-an-engineering-approach,data/analysis_workbooks/modernized_xlsx/hsr_appendix6_d2.xlsx,Trainset,column_28,,empty,0,,,,xlsx,medium,Some headers were missing; generated column_N names. Sampled first 58 non-empty rows from worksheet.
paper-1997-05,The Full Cost Of High-Speed Rail: An Engineering Approach,READY-TO-UPLOAD/PUBLIC,/Users/dlev2617/Documents/Code/Agents/github-packages/READY-TO-UPLOAD/PUBLIC/paper-1997-05-the-full-cost-of-high-speed-rail-an-engineering-approach,data/analysis_workbooks/modernized_xlsx/hsr_appendix6_d2.xlsx,Trainset,column_29,,empty,0,,,,xlsx,medium,Some headers were missing; generated column_N names. Sampled first 58 non-empty rows from worksheet.
paper-1997-05,The Full Cost Of High-Speed Rail: An Engineering Approach,READY-TO-UPLOAD/PUBLIC,/Users/dlev2617/Documents/Code/Agents/github-packages/READY-TO-UPLOAD/PUBLIC/paper-1997-05-the-full-cost-of-high-speed-rail-an-engineering-approach,data/analysis_workbooks/modernized_xlsx/hsr_appendix6_d2.xlsx,Trainset,column_30,,empty,0,,,,xlsx,medium,Some headers were missing; generated column_N names. Sampled first 58 non-empty rows from worksheet.
paper-1997-05,The Full Cost Of High-Speed Rail: An Engineering Approach,READY-TO-UPLOAD/PUBLIC,/Users/dlev2617/Documents/Code/Agents/github-packages/READY-TO-UPLOAD/PUBLIC/paper-1997-05-the-full-cost-of-high-speed-rail-an-engineering-approach,data/analysis_workbooks/modernized_xlsx/hsr_appendix6_d2.xlsx,Trainset,column_31,,empty,0,,,,xlsx,medium,Some headers were missing; generated column_N names. Sampled first 58 non-empty rows from worksheet.
paper-1997-05,The Full Cost Of High-Speed Rail: An Engineering Approach,READY-TO-UPLOAD/PUBLIC,/Users/dlev2617/Documents/Code/Agents/github-packages/READY-TO-UPLOAD/PUBLIC/paper-1997-05-the-full-cost-of-high-speed-rail-an-engineering-approach,data/analysis_workbooks/modernized_xlsx/hsr_appendix6_d2.xlsx,Trainset,column_32,,empty,0,,,,xlsx,medium,Some headers were missing; generated column_N names. Sampled first 58 non-empty rows from worksheet.
paper-1997-05,The Full Cost Of High-Speed Rail: An Engineering Approach,READY-TO-UPLOAD/PUBLIC,/Users/dlev2617/Documents/Code/Agents/github-packages/READY-TO-UPLOAD/PUBLIC/paper-1997-05-the-full-cost-of-high-speed-rail-an-engineering-approach,data/analysis_workbooks/modernized_xlsx/hsr_appendix6_d2.xlsx,Trainset,column_33,,empty,0,,,,xlsx,medium,Some headers were missing; generated column_N names. Sampled first 58 non-empty rows from worksheet.
paper-1997-05,The Full Cost Of High-Speed Rail: An Engineering Approach,READY-TO-UPLOAD/PUBLIC,/Users/dlev2617/Documents/Code/Agents/github-packages/READY-TO-UPLOAD/PUBLIC/paper-1997-05-the-full-cost-of-high-speed-rail-an-engineering-approach,data/analysis_workbooks/modernized_xlsx/hsr_appendix6_d2.xlsx,Trainset,column_34,,empty,0,,,,xlsx,medium,Some headers were missing; generated column_N names. Sampled first 58 non-empty rows from worksheet.
paper-1997-05,The Full Cost Of High-Speed Rail: An Engineering Approach,READY-TO-UPLOAD/PUBLIC,/Users/dlev2617/Documents/Code/Agents/github-packages/READY-TO-UPLOAD/PUBLIC/paper-1997-05-the-full-cost-of-high-speed-rail-an-engineering-approach,data/analysis_workbooks/modernized_xlsx/hsr_appendix6_d2.xlsx,Trainset,column_35,,empty,0,,,,xlsx,medium,Some headers were missing; generated column_N names. Sampled first 58 non-empty rows from worksheet.
paper-1997-05,The Full Cost Of High-Speed Rail: An Engineering Approach,READY-TO-UPLOAD/PUBLIC,/Users/dlev2617/Documents/Code/Agents/github-packages/READY-TO-UPLOAD/PUBLIC/paper-1997-05-the-full-cost-of-high-speed-rail-an-engineering-approach,data/analysis_workbooks/modernized_xlsx/hsr_appendix6_d2.xlsx,Trainset,column_36,,empty,0,,,,xlsx,medium,Some headers were missing; generated column_N names. Sampled first 58 non-empty rows from worksheet.
paper-1997-05,The Full Cost Of High-Speed Rail: An Engineering Approach,READY-TO-UPLOAD/PUBLIC,/Users/dlev2617/Documents/Code/Agents/github-packages/READY-TO-UPLOAD/PUBLIC/paper-1997-05-the-full-cost-of-high-speed-rail-an-engineering-approach,data/analysis_workbooks/modernized_xlsx/hsr_appendix6_d2.xlsx,Trainset,column_37,,empty,0,,,,xlsx,medium,Some headers were missing; generated column_N names. Sampled first 58 non-empty rows from worksheet.
paper-1997-05,The Full Cost Of High-Speed Rail: An Engineering Approach,READY-TO-UPLOAD/PUBLIC,/Users/dlev2617/Documents/Code/Agents/github-packages/READY-TO-UPLOAD/PUBLIC/paper-1997-05-the-full-cost-of-high-speed-rail-an-engineering-approach,data/analysis_workbooks/modernized_xlsx/hsr_appendix6_d2.xlsx,Trainset,column_38,,empty,0,,,,xlsx,medium,Some headers were missing; generated column_N names. Sampled first 58 non-empty rows from worksheet.
paper-1997-05,The Full Cost Of High-Speed Rail: An Engineering Approach,READY-TO-UPLOAD/PUBLIC,/Users/dlev2617/Documents/Code/Agents/github-packages/READY-TO-UPLOAD/PUBLIC/paper-1997-05-the-full-cost-of-high-speed-rail-an-engineering-approach,data/analysis_workbooks/modernized_xlsx/hsr_appendix6_d2.xlsx,Trainset,column_39,,empty,0,,,,xlsx,medium,Some headers were missing; generated column_N names. Sampled first 58 non-empty rows from worksheet.
paper-1997-05,The Full Cost Of High-Speed Rail: An Engineering Approach,READY-TO-UPLOAD/PUBLIC,/Users/dlev2617/Documents/Code/Agents/github-packages/READY-TO-UPLOAD/PUBLIC/paper-1997-05-the-full-cost-of-high-speed-rail-an-engineering-approach,data/analysis_workbooks/modernized_xlsx/hsr_appendix6_d2.xlsx,Trainset,column_40,,empty,0,,,,xlsx,medium,Some headers were missing; generated column_N names. Sampled first 58 non-empty rows from worksheet.
paper-1997-05,The Full Cost Of High-Speed Rail: An Engineering Approach,READY-TO-UPLOAD/PUBLIC,/Users/dlev2617/Documents/Code/Agents/github-packages/READY-TO-UPLOAD/PUBLIC/paper-1997-05-the-full-cost-of-high-speed-rail-an-engineering-approach,data/analysis_workbooks/modernized_xlsx/hsr_appendix6_d2.xlsx,Trainset,column_41,,empty,0,,,,xlsx,medium,Some headers were missing; generated column_N names. Sampled first 58 non-empty rows from worksheet.
paper-1997-05,The Full Cost Of High-Speed Rail: An Engineering Approach,READY-TO-UPLOAD/PUBLIC,/Users/dlev2617/Documents/Code/Agents/github-packages/READY-TO-UPLOAD/PUBLIC/paper-1997-05-the-full-cost-of-high-speed-rail-an-engineering-approach,data/analysis_workbooks/modernized_xlsx/hsr_appendix6_d2.xlsx,Trainset,column_42,,empty,0,,,,xlsx,medium,Some headers were missing; generated column_N names. Sampled first 58 non-empty rows from worksheet.
paper-1997-05,The Full Cost Of High-Speed Rail: An Engineering Approach,READY-TO-UPLOAD/PUBLIC,/Users/dlev2617/Documents/Code/Agents/github-packages/READY-TO-UPLOAD/PUBLIC/paper-1997-05-the-full-cost-of-high-speed-rail-an-engineering-approach,data/analysis_workbooks/modernized_xlsx/hsr_appendix6_d2.xlsx,Trainset,column_43,,empty,0,,,,xlsx,medium,Some headers were missing; generated column_N names. Sampled first 58 non-empty rows from worksheet.
paper-1997-05,The Full Cost Of High-Speed Rail: An Engineering Approach,READY-TO-UPLOAD/PUBLIC,/Users/dlev2617/Documents/Code/Agents/github-packages/READY-TO-UPLOAD/PUBLIC/paper-1997-05-the-full-cost-of-high-speed-rail-an-engineering-approach,data/analysis_workbooks/modernized_xlsx/hsr_appendix6_d2.xlsx,Trainset,column_44,,empty,0,,,,xlsx,medium,Some headers were missing; generated column_N names. Sampled first 58 non-empty rows from worksheet.
paper-1997-05,The Full Cost Of High-Speed Rail: An Engineering Approach,READY-TO-UPLOAD/PUBLIC,/Users/dlev2617/Documents/Code/Agents/github-packages/READY-TO-UPLOAD/PUBLIC/paper-1997-05-the-full-cost-of-high-speed-rail-an-engineering-approach,data/analysis_workbooks/modernized_xlsx/hsr_appendix6_d2.xlsx,Trainset,column_45,,empty,0,,,,xlsx,medium,Some headers were missing; generated column_N names. Sampled first 58 non-empty rows from worksheet.
paper-1997-05,The Full Cost Of High-Speed Rail: An Engineering Approach,READY-TO-UPLOAD/PUBLIC,/Users/dlev2617/Documents/Code/Agents/github-packages/READY-TO-UPLOAD/PUBLIC/paper-1997-05-the-full-cost-of-high-speed-rail-an-engineering-approach,data/analysis_workbooks/modernized_xlsx/hsr_appendix6_d2.xlsx,Trainset,column_46,,empty,0,,,,xlsx,medium,Some headers were missing; generated column_N names. Sampled first 58 non-empty rows from worksheet.
paper-1997-05,The Full Cost Of High-Speed Rail: An Engineering Approach,READY-TO-UPLOAD/PUBLIC,/Users/dlev2617/Documents/Code/Agents/github-packages/READY-TO-UPLOAD/PUBLIC/paper-1997-05-the-full-cost-of-high-speed-rail-an-engineering-approach,data/analysis_workbooks/modernized_xlsx/hsr_appendix6_d2.xlsx,Trainset,column_47,,empty,0,,,,xlsx,medium,Some headers were missing; generated column_N names. Sampled first 58 non-empty rows from worksheet.
paper-1997-05,The Full Cost Of High-Speed Rail: An Engineering Approach,READY-TO-UPLOAD/PUBLIC,/Users/dlev2617/Documents/Code/Agents/github-packages/READY-TO-UPLOAD/PUBLIC/paper-1997-05-the-full-cost-of-high-speed-rail-an-engineering-approach,data/analysis_workbooks/modernized_xlsx/hsr_appendix6_d2.xlsx,Trainset,column_48,,empty,0,,,,xlsx,medium,Some headers were missing; generated column_N names. Sampled first 58 non-empty rows from worksheet.
paper-1997-05,The Full Cost Of High-Speed Rail: An Engineering Approach,READY-TO-UPLOAD/PUBLIC,/Users/dlev2617/Documents/Code/Agents/github-packages/READY-TO-UPLOAD/PUBLIC/paper-1997-05-the-full-cost-of-high-speed-rail-an-engineering-approach,data/analysis_workbooks/modernized_xlsx/hsr_appendix6_d2.xlsx,Trainset,column_49,,empty,0,,,,xlsx,medium,Some headers were missing; generated column_N names. Sampled first 58 non-empty rows from worksheet.
paper-1997-05,The Full Cost Of High-Speed Rail: An Engineering Approach,READY-TO-UPLOAD/PUBLIC,/Users/dlev2617/Documents/Code/Agents/github-packages/READY-TO-UPLOAD/PUBLIC/paper-1997-05-the-full-cost-of-high-speed-rail-an-engineering-approach,data/analysis_workbooks/modernized_xlsx/hsr_appendix6_d2.xlsx,Trainset,column_50,,empty,0,,,,xlsx,medium,Some headers were missing; generated column_N names. Sampled first 58 non-empty rows from worksheet.
paper-1997-05,The Full Cost Of High-Speed Rail: An Engineering Approach,READY-TO-UPLOAD/PUBLIC,/Users/dlev2617/Documents/Code/Agents/github-packages/READY-TO-UPLOAD/PUBLIC/paper-1997-05-the-full-cost-of-high-speed-rail-an-engineering-approach,data/analysis_workbooks/modernized_xlsx/hsr_appendix6_d2.xlsx,Trainset,column_51,,empty,0,,,,xlsx,medium,Some headers were missing; generated column_N names. Sampled first 58 non-empty rows from worksheet.
paper-1997-05,The Full Cost Of High-Speed Rail: An Engineering Approach,READY-TO-UPLOAD/PUBLIC,/Users/dlev2617/Documents/Code/Agents/github-packages/READY-TO-UPLOAD/PUBLIC/paper-1997-05-the-full-cost-of-high-speed-rail-an-engineering-approach,data/analysis_workbooks/modernized_xlsx/hsr_appendix6_d2.xlsx,Trainset,column_52,,empty,0,,,,xlsx,medium,Some headers were missing; generated column_N names. Sampled first 58 non-empty rows from worksheet.
paper-1997-05,The Full Cost Of High-Speed Rail: An Engineering Approach,READY-TO-UPLOAD/PUBLIC,/Users/dlev2617/Documents/Code/Agents/github-packages/READY-TO-UPLOAD/PUBLIC/paper-1997-05-the-full-cost-of-high-speed-rail-an-engineering-approach,data/analysis_workbooks/modernized_xlsx/hsr_appendix6_d2.xlsx,Trainset,column_53,,empty,0,,,,xlsx,medium,Some headers were missing; generated column_N names. Sampled first 58 non-empty rows from worksheet.
paper-1997-05,The Full Cost Of High-Speed Rail: An Engineering Approach,READY-TO-UPLOAD/PUBLIC,/Users/dlev2617/Documents/Code/Agents/github-packages/READY-TO-UPLOAD/PUBLIC/paper-1997-05-the-full-cost-of-high-speed-rail-an-engineering-approach,data/analysis_workbooks/modernized_xlsx/hsr_appendix6_d2.xlsx,Trainset,column_54,,empty,0,,,,xlsx,medium,Some headers were missing; generated column_N names. Sampled first 58 non-empty rows from worksheet.
paper-1997-05,The Full Cost Of High-Speed Rail: An Engineering Approach,READY-TO-UPLOAD/PUBLIC,/Users/dlev2617/Documents/Code/Agents/github-packages/READY-TO-UPLOAD/PUBLIC/paper-1997-05-the-full-cost-of-high-speed-rail-an-engineering-approach,data/analysis_workbooks/modernized_xlsx/hsr_appendix6_d2.xlsx,Trainset,column_55,,empty,0,,,,xlsx,medium,Some headers were missing; generated column_N names. Sampled first 58 non-empty rows from worksheet.
paper-1997-05,The Full Cost Of High-Speed Rail: An Engineering Approach,READY-TO-UPLOAD/PUBLIC,/Users/dlev2617/Documents/Code/Agents/github-packages/READY-TO-UPLOAD/PUBLIC/paper-1997-05-the-full-cost-of-high-speed-rail-an-engineering-approach,data/analysis_workbooks/modernized_xlsx/hsr_appendix6_d2.xlsx,Trainset,column_56,,empty,0,,,,xlsx,medium,Some headers were missing; generated column_N names. Sampled first 58 non-empty rows from worksheet.
paper-1997-05,The Full Cost Of High-Speed Rail: An Engineering Approach,READY-TO-UPLOAD/PUBLIC,/Users/dlev2617/Documents/Code/Agents/github-packages/READY-TO-UPLOAD/PUBLIC/paper-1997-05-the-full-cost-of-high-speed-rail-an-engineering-approach,data/analysis_workbooks/modernized_xlsx/hsr_appendix6_d2.xlsx,Trainset,column_57,,empty,0,,,,xlsx,medium,Some headers were missing; generated column_N names. Sampled first 58 non-empty rows from worksheet.
paper-1997-05,The Full Cost Of High-Speed Rail: An Engineering Approach,READY-TO-UPLOAD/PUBLIC,/Users/dlev2617/Documents/Code/Agents/github-packages/READY-TO-UPLOAD/PUBLIC/paper-1997-05-the-full-cost-of-high-speed-rail-an-engineering-approach,data/analysis_workbooks/modernized_xlsx/hsr_appendix6_d2.xlsx,Trainset,column_58,,empty,0,,,,xlsx,medium,Some headers were missing; generated column_N names. Sampled first 58 non-empty rows from worksheet.
paper-1997-05,The Full Cost Of High-Speed Rail: An Engineering Approach,READY-TO-UPLOAD/PUBLIC,/Users/dlev2617/Documents/Code/Agents/github-packages/READY-TO-UPLOAD/PUBLIC/paper-1997-05-the-full-cost-of-high-speed-rail-an-engineering-approach,data/analysis_workbooks/modernized_xlsx/hsr_appendix6_d2.xlsx,Trainset,column_59,,empty,0,,,,xlsx,medium,Some headers were missing; generated column_N names. Sampled first 58 non-empty rows from worksheet.
paper-1997-05,The Full Cost Of High-Speed Rail: An Engineering Approach,READY-TO-UPLOAD/PUBLIC,/Users/dlev2617/Documents/Code/Agents/github-packages/READY-TO-UPLOAD/PUBLIC/paper-1997-05-the-full-cost-of-high-speed-rail-an-engineering-approach,data/analysis_workbooks/modernized_xlsx/hsr_appendix6_d2.xlsx,Trainset,column_60,,empty,0,,,,xlsx,medium,Some headers were missing; generated column_N names. Sampled first 58 non-empty rows from worksheet.
paper-1997-05,The Full Cost Of High-Speed Rail: An Engineering Approach,READY-TO-UPLOAD/PUBLIC,/Users/dlev2617/Documents/Code/Agents/github-packages/READY-TO-UPLOAD/PUBLIC/paper-1997-05-the-full-cost-of-high-speed-rail-an-engineering-approach,data/analysis_workbooks/modernized_xlsx/hsr_appendix6_d2.xlsx,Trainset,column_61,,empty,0,,,,xlsx,medium,Some headers were missing; generated column_N names. Sampled first 58 non-empty rows from worksheet.
paper-1997-05,The Full Cost Of High-Speed Rail: An Engineering Approach,READY-TO-UPLOAD/PUBLIC,/Users/dlev2617/Documents/Code/Agents/github-packages/READY-TO-UPLOAD/PUBLIC/paper-1997-05-the-full-cost-of-high-speed-rail-an-engineering-approach,data/analysis_workbooks/modernized_xlsx/hsr_appendix6_d2.xlsx,Trainset,column_62,,empty,0,,,,xlsx,medium,Some headers were missing; generated column_N names. Sampled first 58 non-empty rows from worksheet.
paper-1997-05,The Full Cost Of High-Speed Rail: An Engineering Approach,READY-TO-UPLOAD/PUBLIC,/Users/dlev2617/Documents/Code/Agents/github-packages/READY-TO-UPLOAD/PUBLIC/paper-1997-05-the-full-cost-of-high-speed-rail-an-engineering-approach,data/analysis_workbooks/modernized_xlsx/hsr_appendix6_d2.xlsx,Trainset,column_63,,empty,0,,,,xlsx,medium,Some headers were missing; generated column_N names. Sampled first 58 non-empty rows from worksheet.
paper-1997-05,The Full Cost Of High-Speed Rail: An Engineering Approach,READY-TO-UPLOAD/PUBLIC,/Users/dlev2617/Documents/Code/Agents/github-packages/READY-TO-UPLOAD/PUBLIC/paper-1997-05-the-full-cost-of-high-speed-rail-an-engineering-approach,data/analysis_workbooks/modernized_xlsx/hsr_appendix6_d2.xlsx,Trainset,column_64,,empty,0,,,,xlsx,medium,Some headers were missing; generated column_N names. Sampled first 58 non-empty rows from worksheet.
paper-1997-05,The Full Cost Of High-Speed Rail: An Engineering Approach,READY-TO-UPLOAD/PUBLIC,/Users/dlev2617/Documents/Code/Agents/github-packages/READY-TO-UPLOAD/PUBLIC/paper-1997-05-the-full-cost-of-high-speed-rail-an-engineering-approach,data/analysis_workbooks/modernized_xlsx/hsr_appendix6_d2.xlsx,Trainset,column_65,,empty,0,,,,xlsx,medium,Some headers were missing; generated column_N names. Sampled first 58 non-empty rows from worksheet.
paper-1997-05,The Full Cost Of High-Speed Rail: An Engineering Approach,READY-TO-UPLOAD/PUBLIC,/Users/dlev2617/Documents/Code/Agents/github-packages/READY-TO-UPLOAD/PUBLIC/paper-1997-05-the-full-cost-of-high-speed-rail-an-engineering-approach,data/analysis_workbooks/modernized_xlsx/hsr_appendix6_d2.xlsx,Trainset,column_66,,empty,0,,,,xlsx,medium,Some headers were missing; generated column_N names. Sampled first 58 non-empty rows from worksheet.
paper-1997-05,The Full Cost Of High-Speed Rail: An Engineering Approach,READY-TO-UPLOAD/PUBLIC,/Users/dlev2617/Documents/Code/Agents/github-packages/READY-TO-UPLOAD/PUBLIC/paper-1997-05-the-full-cost-of-high-speed-rail-an-engineering-approach,data/analysis_workbooks/modernized_xlsx/hsr_appendix6_d2.xlsx,Trainset,column_67,,empty,0,,,,xlsx,medium,Some headers were missing; generated column_N names. Sampled first 58 non-empty rows from worksheet.
paper-1997-05,The Full Cost Of High-Speed Rail: An Engineering Approach,READY-TO-UPLOAD/PUBLIC,/Users/dlev2617/Documents/Code/Agents/github-packages/READY-TO-UPLOAD/PUBLIC/paper-1997-05-the-full-cost-of-high-speed-rail-an-engineering-approach,data/analysis_workbooks/modernized_xlsx/hsr_appendix6_d2.xlsx,Trainset,column_68,,empty,0,,,,xlsx,medium,Some headers were missing; generated column_N names. Sampled first 58 non-empty rows from worksheet.
paper-1997-05,The Full Cost Of High-Speed Rail: An Engineering Approach,READY-TO-UPLOAD/PUBLIC,/Users/dlev2617/Documents/Code/Agents/github-packages/READY-TO-UPLOAD/PUBLIC/paper-1997-05-the-full-cost-of-high-speed-rail-an-engineering-approach,data/analysis_workbooks/modernized_xlsx/hsr_appendix6_d2.xlsx,Trainset,column_69,,empty,0,,,,xlsx,medium,Some headers were missing; generated column_N names. Sampled first 58 non-empty rows from worksheet.
paper-1997-05,The Full Cost Of High-Speed Rail: An Engineering Approach,READY-TO-UPLOAD/PUBLIC,/Users/dlev2617/Documents/Code/Agents/github-packages/READY-TO-UPLOAD/PUBLIC/paper-1997-05-the-full-cost-of-high-speed-rail-an-engineering-approach,data/analysis_workbooks/modernized_xlsx/hsr_appendix6_d2.xlsx,Trainset,column_70,,empty,0,,,,xlsx,medium,Some headers were missing; generated column_N names. Sampled first 58 non-empty rows from worksheet.
paper-1997-05,The Full Cost Of High-Speed Rail: An Engineering Approach,READY-TO-UPLOAD/PUBLIC,/Users/dlev2617/Documents/Code/Agents/github-packages/READY-TO-UPLOAD/PUBLIC/paper-1997-05-the-full-cost-of-high-speed-rail-an-engineering-approach,data/analysis_workbooks/modernized_xlsx/hsr_appendix6_d2.xlsx,Trainset,column_71,,empty,0,,,,xlsx,medium,Some headers were missing; generated column_N names. Sampled first 58 non-empty rows from worksheet.
paper-1997-05,The Full Cost Of High-Speed Rail: An Engineering Approach,READY-TO-UPLOAD/PUBLIC,/Users/dlev2617/Documents/Code/Agents/github-packages/READY-TO-UPLOAD/PUBLIC/paper-1997-05-the-full-cost-of-high-speed-rail-an-engineering-approach,data/analysis_workbooks/modernized_xlsx/hsr_appendix6_d2.xlsx,Trainset,column_72,,empty,0,,,,xlsx,medium,Some headers were missing; generated column_N names. Sampled first 58 non-empty rows from worksheet.
paper-1997-05,The Full Cost Of High-Speed Rail: An Engineering Approach,READY-TO-UPLOAD/PUBLIC,/Users/dlev2617/Documents/Code/Agents/github-packages/READY-TO-UPLOAD/PUBLIC/paper-1997-05-the-full-cost-of-high-speed-rail-an-engineering-approach,data/analysis_workbooks/modernized_xlsx/hsr_appendix6_d2.xlsx,Trainset,column_73,,empty,0,,,,xlsx,medium,Some headers were missing; generated column_N names. Sampled first 58 non-empty rows from worksheet.
paper-1997-05,The Full Cost Of High-Speed Rail: An Engineering Approach,READY-TO-UPLOAD/PUBLIC,/Users/dlev2617/Documents/Code/Agents/github-packages/READY-TO-UPLOAD/PUBLIC/paper-1997-05-the-full-cost-of-high-speed-rail-an-engineering-approach,data/analysis_workbooks/modernized_xlsx/hsr_appendix6_d2.xlsx,Trainset,column_74,,empty,0,,,,xlsx,medium,Some headers were missing; generated column_N names. Sampled first 58 non-empty rows from worksheet.
paper-1997-05,The Full Cost Of High-Speed Rail: An Engineering Approach,READY-TO-UPLOAD/PUBLIC,/Users/dlev2617/Documents/Code/Agents/github-packages/READY-TO-UPLOAD/PUBLIC/paper-1997-05-the-full-cost-of-high-speed-rail-an-engineering-approach,data/analysis_workbooks/modernized_xlsx/hsr_appendix6_d2.xlsx,Trainset,column_75,,empty,0,,,,xlsx,medium,Some headers were missing; generated column_N names. Sampled first 58 non-empty rows from worksheet.
paper-1997-05,The Full Cost Of High-Speed Rail: An Engineering Approach,READY-TO-UPLOAD/PUBLIC,/Users/dlev2617/Documents/Code/Agents/github-packages/READY-TO-UPLOAD/PUBLIC/paper-1997-05-the-full-cost-of-high-speed-rail-an-engineering-approach,data/analysis_workbooks/modernized_xlsx/hsr_appendix6_d2.xlsx,Trainset,column_76,,empty,0,,,,xlsx,medium,Some headers were missing; generated column_N names. Sampled first 58 non-empty rows from worksheet.
paper-1997-05,The Full Cost Of High-Speed Rail: An Engineering Approach,READY-TO-UPLOAD/PUBLIC,/Users/dlev2617/Documents/Code/Agents/github-packages/READY-TO-UPLOAD/PUBLIC/paper-1997-05-the-full-cost-of-high-speed-rail-an-engineering-approach,data/analysis_workbooks/modernized_xlsx/hsr_appendix6_d2.xlsx,Trainset,column_77,,empty,0,,,,xlsx,medium,Some headers were missing; generated column_N names. Sampled first 58 non-empty rows from worksheet.
paper-1997-05,The Full Cost Of High-Speed Rail: An Engineering Approach,READY-TO-UPLOAD/PUBLIC,/Users/dlev2617/Documents/Code/Agents/github-packages/READY-TO-UPLOAD/PUBLIC/paper-1997-05-the-full-cost-of-high-speed-rail-an-engineering-approach,data/analysis_workbooks/modernized_xlsx/hsr_appendix6_d2.xlsx,Trainset,column_78,,empty,0,,,,xlsx,medium,Some headers were missing; generated column_N names. Sampled first 58 non-empty rows from worksheet.
paper-1997-05,The Full Cost Of High-Speed Rail: An Engineering Approach,READY-TO-UPLOAD/PUBLIC,/Users/dlev2617/Documents/Code/Agents/github-packages/READY-TO-UPLOAD/PUBLIC/paper-1997-05-the-full-cost-of-high-speed-rail-an-engineering-approach,data/analysis_workbooks/modernized_xlsx/hsr_appendix6_d2.xlsx,Trainset,column_79,,empty,0,,,,xlsx,medium,Some headers were missing; generated column_N names. Sampled first 58 non-empty rows from worksheet.
paper-1997-05,The Full Cost Of High-Speed Rail: An Engineering Approach,READY-TO-UPLOAD/PUBLIC,/Users/dlev2617/Documents/Code/Agents/github-packages/READY-TO-UPLOAD/PUBLIC/paper-1997-05-the-full-cost-of-high-speed-rail-an-engineering-approach,data/analysis_workbooks/modernized_xlsx/hsr_appendix6_d2.xlsx,Trainset,column_80,,empty,0,,,,xlsx,medium,Some headers were missing; generated column_N names. Sampled first 58 non-empty rows from worksheet.
paper-1997-05,The Full Cost Of High-Speed Rail: An Engineering Approach,READY-TO-UPLOAD/PUBLIC,/Users/dlev2617/Documents/Code/Agents/github-packages/READY-TO-UPLOAD/PUBLIC/paper-1997-05-the-full-cost-of-high-speed-rail-an-engineering-approach,data/analysis_workbooks/modernized_xlsx/hsr_appendix6_d2.xlsx,Trainset,column_81,,empty,0,,,,xlsx,medium,Some headers were missing; generated column_N names. Sampled first 58 non-empty rows from worksheet.
paper-1997-05,The Full Cost Of High-Speed Rail: An Engineering Approach,READY-TO-UPLOAD/PUBLIC,/Users/dlev2617/Documents/Code/Agents/github-packages/READY-TO-UPLOAD/PUBLIC/paper-1997-05-the-full-cost-of-high-speed-rail-an-engineering-approach,data/analysis_workbooks/modernized_xlsx/hsr_appendix6_d2.xlsx,Trainset,column_82,,empty,0,,,,xlsx,medium,Some headers were missing; generated column_N names. Sampled first 58 non-empty rows from worksheet.
paper-1997-05,The Full Cost Of High-Speed Rail: An Engineering Approach,READY-TO-UPLOAD/PUBLIC,/Users/dlev2617/Documents/Code/Agents/github-packages/READY-TO-UPLOAD/PUBLIC/paper-1997-05-the-full-cost-of-high-speed-rail-an-engineering-approach,data/analysis_workbooks/modernized_xlsx/hsr_appendix6_d2.xlsx,Trainset,column_83,,empty,0,,,,xlsx,medium,Some headers were missing; generated column_N names. Sampled first 58 non-empty rows from worksheet.
paper-1997-05,The Full Cost Of High-Speed Rail: An Engineering Approach,READY-TO-UPLOAD/PUBLIC,/Users/dlev2617/Documents/Code/Agents/github-packages/READY-TO-UPLOAD/PUBLIC/paper-1997-05-the-full-cost-of-high-speed-rail-an-engineering-approach,data/analysis_workbooks/modernized_xlsx/hsr_appendix6_d2.xlsx,Trainset,column_84,,empty,0,,,,xlsx,medium,Some headers were missing; generated column_N names. Sampled first 58 non-empty rows from worksheet.
paper-1997-05,The Full Cost Of High-Speed Rail: An Engineering Approach,READY-TO-UPLOAD/PUBLIC,/Users/dlev2617/Documents/Code/Agents/github-packages/READY-TO-UPLOAD/PUBLIC/paper-1997-05-the-full-cost-of-high-speed-rail-an-engineering-approach,data/analysis_workbooks/modernized_xlsx/hsr_appendix6_d2.xlsx,Trainset,column_85,,empty,0,,,,xlsx,medium,Some headers were missing; generated column_N names. Sampled first 58 non-empty rows from worksheet.
paper-1997-05,The Full Cost Of High-Speed Rail: An Engineering Approach,READY-TO-UPLOAD/PUBLIC,/Users/dlev2617/Documents/Code/Agents/github-packages/READY-TO-UPLOAD/PUBLIC/paper-1997-05-the-full-cost-of-high-speed-rail-an-engineering-approach,data/analysis_workbooks/modernized_xlsx/hsr_appendix6_d2.xlsx,Trainset,column_86,,empty,0,,,,xlsx,medium,Some headers were missing; generated column_N names. Sampled first 58 non-empty rows from worksheet.
paper-1997-05,The Full Cost Of High-Speed Rail: An Engineering Approach,READY-TO-UPLOAD/PUBLIC,/Users/dlev2617/Documents/Code/Agents/github-packages/READY-TO-UPLOAD/PUBLIC/paper-1997-05-the-full-cost-of-high-speed-rail-an-engineering-approach,data/analysis_workbooks/modernized_xlsx/hsr_appendix6_d2.xlsx,Trainset,column_87,,empty,0,,,,xlsx,medium,Some headers were missing; generated column_N names. Sampled first 58 non-empty rows from worksheet.
paper-1997-05,The Full Cost Of High-Speed Rail: An Engineering Approach,READY-TO-UPLOAD/PUBLIC,/Users/dlev2617/Documents/Code/Agents/github-packages/READY-TO-UPLOAD/PUBLIC/paper-1997-05-the-full-cost-of-high-speed-rail-an-engineering-approach,data/analysis_workbooks/modernized_xlsx/hsr_appendix6_d2.xlsx,Trainset,column_88,,empty,0,,,,xlsx,medium,Some headers were missing; generated column_N names. Sampled first 58 non-empty rows from worksheet.
paper-1997-05,The Full Cost Of High-Speed Rail: An Engineering Approach,READY-TO-UPLOAD/PUBLIC,/Users/dlev2617/Documents/Code/Agents/github-packages/READY-TO-UPLOAD/PUBLIC/paper-1997-05-the-full-cost-of-high-speed-rail-an-engineering-approach,data/analysis_workbooks/modernized_xlsx/hsr_appendix6_d2.xlsx,Trainset,column_89,,empty,0,,,,xlsx,medium,Some headers were missing; generated column_N names. Sampled first 58 non-empty rows from worksheet.
paper-1997-05,The Full Cost Of High-Speed Rail: An Engineering Approach,READY-TO-UPLOAD/PUBLIC,/Users/dlev2617/Documents/Code/Agents/github-packages/READY-TO-UPLOAD/PUBLIC/paper-1997-05-the-full-cost-of-high-speed-rail-an-engineering-approach,data/analysis_workbooks/modernized_xlsx/hsr_appendix6_d2.xlsx,Trainset,column_90,,empty,0,,,,xlsx,medium,Some headers were missing; generated column_N names. Sampled first 58 non-empty rows from worksheet.
paper-1997-05,The Full Cost Of High-Speed Rail: An Engineering Approach,READY-TO-UPLOAD/PUBLIC,/Users/dlev2617/Documents/Code/Agents/github-packages/READY-TO-UPLOAD/PUBLIC/paper-1997-05-the-full-cost-of-high-speed-rail-an-engineering-approach,data/analysis_workbooks/modernized_xlsx/hsr_appendix6_d2.xlsx,Trainset,column_91,,empty,0,,,,xlsx,medium,Some headers were missing; generated column_N names. Sampled first 58 non-empty rows from worksheet.
paper-1997-05,The Full Cost Of High-Speed Rail: An Engineering Approach,READY-TO-UPLOAD/PUBLIC,/Users/dlev2617/Documents/Code/Agents/github-packages/READY-TO-UPLOAD/PUBLIC/paper-1997-05-the-full-cost-of-high-speed-rail-an-engineering-approach,data/analysis_workbooks/modernized_xlsx/hsr_appendix6_d2.xlsx,Trainset,column_92,,empty,0,,,,xlsx,medium,Some headers were missing; generated column_N names. Sampled first 58 non-empty rows from worksheet.
paper-1997-05,The Full Cost Of High-Speed Rail: An Engineering Approach,READY-TO-UPLOAD/PUBLIC,/Users/dlev2617/Documents/Code/Agents/github-packages/READY-TO-UPLOAD/PUBLIC/paper-1997-05-the-full-cost-of-high-speed-rail-an-engineering-approach,data/analysis_workbooks/modernized_xlsx/hsr_appendix6_d2.xlsx,Trainset,column_93,,empty,0,,,,xlsx,medium,Some headers were missing; generated column_N names. Sampled first 58 non-empty rows from worksheet.
paper-1997-05,The Full Cost Of High-Speed Rail: An Engineering Approach,READY-TO-UPLOAD/PUBLIC,/Users/dlev2617/Documents/Code/Agents/github-packages/READY-TO-UPLOAD/PUBLIC/paper-1997-05-the-full-cost-of-high-speed-rail-an-engineering-approach,data/analysis_workbooks/modernized_xlsx/hsr_appendix6_d2.xlsx,Trainset,column_94,,empty,0,,,,xlsx,medium,Some headers were missing; generated column_N names. Sampled first 58 non-empty rows from worksheet.
paper-1997-05,The Full Cost Of High-Speed Rail: An Engineering Approach,READY-TO-UPLOAD/PUBLIC,/Users/dlev2617/Documents/Code/Agents/github-packages/READY-TO-UPLOAD/PUBLIC/paper-1997-05-the-full-cost-of-high-speed-rail-an-engineering-approach,data/analysis_workbooks/modernized_xlsx/hsr_appendix6_d2.xlsx,Trainset,column_95,,empty,0,,,,xlsx,medium,Some headers were missing; generated column_N names. Sampled first 58 non-empty rows from worksheet.
paper-1997-05,The Full Cost Of High-Speed Rail: An Engineering Approach,READY-TO-UPLOAD/PUBLIC,/Users/dlev2617/Documents/Code/Agents/github-packages/READY-TO-UPLOAD/PUBLIC/paper-1997-05-the-full-cost-of-high-speed-rail-an-engineering-approach,data/analysis_workbooks/modernized_xlsx/hsr_appendix6_d2.xlsx,Trainset,column_96,,empty,0,,,,xlsx,medium,Some headers were missing; generated column_N names. Sampled first 58 non-empty rows from worksheet.
paper-1997-05,The Full Cost Of High-Speed Rail: An Engineering Approach,READY-TO-UPLOAD/PUBLIC,/Users/dlev2617/Documents/Code/Agents/github-packages/READY-TO-UPLOAD/PUBLIC/paper-1997-05-the-full-cost-of-high-speed-rail-an-engineering-approach,data/analysis_workbooks/modernized_xlsx/hsr_appendix6_d2.xlsx,Trainset,column_97,,empty,0,,,,xlsx,medium,Some headers were missing; generated column_N names. Sampled first 58 non-empty rows from worksheet.
paper-1997-05,The Full Cost Of High-Speed Rail: An Engineering Approach,READY-TO-UPLOAD/PUBLIC,/Users/dlev2617/Documents/Code/Agents/github-packages/READY-TO-UPLOAD/PUBLIC/paper-1997-05-the-full-cost-of-high-speed-rail-an-engineering-approach,data/analysis_workbooks/modernized_xlsx/hsr_appendix6_d2.xlsx,Trainset,column_98,,empty,0,,,,xlsx,medium,Some headers were missing; generated column_N names. Sampled first 58 non-empty rows from worksheet.
paper-1997-05,The Full Cost Of High-Speed Rail: An Engineering Approach,READY-TO-UPLOAD/PUBLIC,/Users/dlev2617/Documents/Code/Agents/github-packages/READY-TO-UPLOAD/PUBLIC/paper-1997-05-the-full-cost-of-high-speed-rail-an-engineering-approach,data/analysis_workbooks/modernized_xlsx/hsr_appendix6_d2.xlsx,Trainset,column_99,,empty,0,,,,xlsx,medium,Some headers were missing; generated column_N names. Sampled first 58 non-empty rows from worksheet.
paper-1997-05,The Full Cost Of High-Speed Rail: An Engineering Approach,READY-TO-UPLOAD/PUBLIC,/Users/dlev2617/Documents/Code/Agents/github-packages/READY-TO-UPLOAD/PUBLIC/paper-1997-05-the-full-cost-of-high-speed-rail-an-engineering-approach,data/analysis_workbooks/modernized_xlsx/hsr_appendix6_d2.xlsx,Trainset,column_100,,empty,0,,,,xlsx,medium,Some headers were missing; generated column_N names. Sampled first 58 non-empty rows from worksheet.
paper-1997-05,The Full Cost Of High-Speed Rail: An Engineering Approach,READY-TO-UPLOAD/PUBLIC,/Users/dlev2617/Documents/Code/Agents/github-packages/READY-TO-UPLOAD/PUBLIC/paper-1997-05-the-full-cost-of-high-speed-rail-an-engineering-approach,data/analysis_workbooks/modernized_xlsx/hsr_appendix6_d2.xlsx,Trainset,column_101,,numeric,2,14.81666666666667 | -14.81666666666667,-14.8166666667,14.8166666667,xlsx,medium,Some headers were missing; generated column_N names. Sampled first 58 non-empty rows from worksheet.
paper-1997-05,The Full Cost Of High-Speed Rail: An Engineering Approach,READY-TO-UPLOAD/PUBLIC,/Users/dlev2617/Documents/Code/Agents/github-packages/READY-TO-UPLOAD/PUBLIC/paper-1997-05-the-full-cost-of-high-speed-rail-an-engineering-approach,data/analysis_workbooks/modernized_xlsx/hsr_appendix6_d2.xlsx,Trainset,column_102,,numeric,2,14.81666666666667 | -14.81666666666667,-14.8166666667,14.8166666667,xlsx,medium,Some headers were missing; generated column_N names. Sampled first 58 non-empty rows from worksheet.
paper-1997-05,The Full Cost Of High-Speed Rail: An Engineering Approach,READY-TO-UPLOAD/PUBLIC,/Users/dlev2617/Documents/Code/Agents/github-packages/READY-TO-UPLOAD/PUBLIC/paper-1997-05-the-full-cost-of-high-speed-rail-an-engineering-approach,data/analysis_workbooks/modernized_xlsx/hsr_appendix6_d2.xlsx,Trainset,column_103,,numeric,2,14.81666666666667 | -14.81666666666667,-14.8166666667,14.8166666667,xlsx,medium,Some headers were missing; generated column_N names. Sampled first 58 non-empty rows from worksheet.
paper-1997-05,The Full Cost Of High-Speed Rail: An Engineering Approach,READY-TO-UPLOAD/PUBLIC,/Users/dlev2617/Documents/Code/Agents/github-packages/READY-TO-UPLOAD/PUBLIC/paper-1997-05-the-full-cost-of-high-speed-rail-an-engineering-approach,data/analysis_workbooks/modernized_xlsx/hsr_appendix6_d2.xlsx,Trainset,column_104,,numeric,2,14.81666666666667 | -14.81666666666667,-14.8166666667,14.8166666667,xlsx,medium,Some headers were missing; generated column_N names. Sampled first 58 non-empty rows from worksheet.
paper-1997-05,The Full Cost Of High-Speed Rail: An Engineering Approach,READY-TO-UPLOAD/PUBLIC,/Users/dlev2617/Documents/Code/Agents/github-packages/READY-TO-UPLOAD/PUBLIC/paper-1997-05-the-full-cost-of-high-speed-rail-an-engineering-approach,data/analysis_workbooks/modernized_xlsx/hsr_appendix6_d2.xlsx,Trainset,column_105,,numeric,2,14.81666666666667 | -14.81666666666667,-14.8166666667,14.8166666667,xlsx,medium,Some headers were missing; generated column_N names. Sampled first 58 non-empty rows from worksheet.
paper-1997-05,The Full Cost Of High-Speed Rail: An Engineering Approach,READY-TO-UPLOAD/PUBLIC,/Users/dlev2617/Documents/Code/Agents/github-packages/READY-TO-UPLOAD/PUBLIC/paper-1997-05-the-full-cost-of-high-speed-rail-an-engineering-approach,data/analysis_workbooks/modernized_xlsx/hsr_appendix6_d2.xlsx,Trainset,column_106,,numeric,2,14.81666666666667 | -14.81666666666667,-14.8166666667,14.8166666667,xlsx,medium,Some headers were missing; generated column_N names. Sampled first 58 non-empty rows from worksheet.
paper-1997-05,The Full Cost Of High-Speed Rail: An Engineering Approach,READY-TO-UPLOAD/PUBLIC,/Users/dlev2617/Documents/Code/Agents/github-packages/READY-TO-UPLOAD/PUBLIC/paper-1997-05-the-full-cost-of-high-speed-rail-an-engineering-approach,data/analysis_workbooks/modernized_xlsx/hsr_appendix6_d2.xlsx,Trainset,column_107,,numeric,2,14.81666666666667 | -14.81666666666667,-14.8166666667,14.8166666667,xlsx,medium,Some headers were missing; generated column_N names. Sampled first 58 non-empty rows from worksheet.
paper-1997-05,The Full Cost Of High-Speed Rail: An Engineering Approach,READY-TO-UPLOAD/PUBLIC,/Users/dlev2617/Documents/Code/Agents/github-packages/READY-TO-UPLOAD/PUBLIC/paper-1997-05-the-full-cost-of-high-speed-rail-an-engineering-approach,data/analysis_workbooks/modernized_xlsx/hsr_appendix6_d2.xlsx,Trainset,column_108,,numeric,2,14.81666666666667 | -14.81666666666667,-14.8166666667,14.8166666667,xlsx,medium,Some headers were missing; generated column_N names. Sampled first 58 non-empty rows from worksheet.
paper-1997-05,The Full Cost Of High-Speed Rail: An Engineering Approach,READY-TO-UPLOAD/PUBLIC,/Users/dlev2617/Documents/Code/Agents/github-packages/READY-TO-UPLOAD/PUBLIC/paper-1997-05-the-full-cost-of-high-speed-rail-an-engineering-approach,data/analysis_workbooks/modernized_xlsx/hsr_appendix6_d2.xlsx,Trainset,column_109,,numeric,2,14.81666666666667 | -14.81666666666667,-14.8166666667,14.8166666667,xlsx,medium,Some headers were missing; generated column_N names. Sampled first 58 non-empty rows from worksheet.
paper-1997-05,The Full Cost Of High-Speed Rail: An Engineering Approach,READY-TO-UPLOAD/PUBLIC,/Users/dlev2617/Documents/Code/Agents/github-packages/READY-TO-UPLOAD/PUBLIC/paper-1997-05-the-full-cost-of-high-speed-rail-an-engineering-approach,data/analysis_workbooks/modernized_xlsx/hsr_appendix6_d2.xlsx,Trainset,column_110,,numeric,2,14.81666666666667 | -14.81666666666667,-14.8166666667,14.8166666667,xlsx,medium,Some headers were missing; generated column_N names. Sampled first 58 non-empty rows from worksheet.
paper-1997-05,The Full Cost Of High-Speed Rail: An Engineering Approach,READY-TO-UPLOAD/PUBLIC,/Users/dlev2617/Documents/Code/Agents/github-packages/READY-TO-UPLOAD/PUBLIC/paper-1997-05-the-full-cost-of-high-speed-rail-an-engineering-approach,data/analysis_workbooks/modernized_xlsx/hsr_appendix6_d2.xlsx,Trainset,column_111,,numeric,2,14.81666666666667 | -14.81666666666667,-14.8166666667,14.8166666667,xlsx,medium,Some headers were missing; generated column_N names. Sampled first 58 non-empty rows from worksheet.
paper-1997-05,The Full Cost Of High-Speed Rail: An Engineering Approach,READY-TO-UPLOAD/PUBLIC,/Users/dlev2617/Documents/Code/Agents/github-packages/READY-TO-UPLOAD/PUBLIC/paper-1997-05-the-full-cost-of-high-speed-rail-an-engineering-approach,data/analysis_workbooks/modernized_xlsx/hsr_appendix6_d2.xlsx,Trainset,column_112,,numeric,2,14.81666666666667 | -14.81666666666667,-14.8166666667,14.8166666667,xlsx,medium,Some headers were missing; generated column_N names. Sampled first 58 non-empty rows from worksheet.
paper-1997-05,The Full Cost Of High-Speed Rail: An Engineering Approach,READY-TO-UPLOAD/PUBLIC,/Users/dlev2617/Documents/Code/Agents/github-packages/READY-TO-UPLOAD/PUBLIC/paper-1997-05-the-full-cost-of-high-speed-rail-an-engineering-approach,data/analysis_workbooks/modernized_xlsx/hsr_appendix6_d2.xlsx,Trainset,column_113,,numeric,2,14.81666666666667 | -14.81666666666667,-14.8166666667,14.8166666667,xlsx,medium,Some headers were missing; generated column_N names. Sampled first 58 non-empty rows from worksheet.
paper-1997-05,The Full Cost Of High-Speed Rail: An Engineering Approach,READY-TO-UPLOAD/PUBLIC,/Users/dlev2617/Documents/Code/Agents/github-packages/READY-TO-UPLOAD/PUBLIC/paper-1997-05-the-full-cost-of-high-speed-rail-an-engineering-approach,data/analysis_workbooks/modernized_xlsx/hsr_appendix6_d2.xlsx,Trainset,column_114,,numeric,2,14.81666666666667 | -14.81666666666667,-14.8166666667,14.8166666667,xlsx,medium,Some headers were missing; generated column_N names. Sampled first 58 non-empty rows from worksheet.
paper-1997-05,The Full Cost Of High-Speed Rail: An Engineering Approach,READY-TO-UPLOAD/PUBLIC,/Users/dlev2617/Documents/Code/Agents/github-packages/READY-TO-UPLOAD/PUBLIC/paper-1997-05-the-full-cost-of-high-speed-rail-an-engineering-approach,data/analysis_workbooks/modernized_xlsx/hsr_appendix6_d2.xlsx,Trainset,column_115,,numeric,2,14.81666666666667 | -14.81666666666667,-14.8166666667,14.8166666667,xlsx,medium,Some headers were missing; generated column_N names. Sampled first 58 non-empty rows from worksheet.
paper-1997-05,The Full Cost Of High-Speed Rail: An Engineering Approach,READY-TO-UPLOAD/PUBLIC,/Users/dlev2617/Documents/Code/Agents/github-packages/READY-TO-UPLOAD/PUBLIC/paper-1997-05-the-full-cost-of-high-speed-rail-an-engineering-approach,data/analysis_workbooks/modernized_xlsx/hsr_appendix6_d2.xlsx,Trainset,column_116,,numeric,2,14.81666666666667 | -14.81666666666667,-14.8166666667,14.8166666667,xlsx,medium,Some headers were missing; generated column_N names. Sampled first 58 non-empty rows from worksheet.
paper-1997-05,The Full Cost Of High-Speed Rail: An Engineering Approach,READY-TO-UPLOAD/PUBLIC,/Users/dlev2617/Documents/Code/Agents/github-packages/READY-TO-UPLOAD/PUBLIC/paper-1997-05-the-full-cost-of-high-speed-rail-an-engineering-approach,data/analysis_workbooks/modernized_xlsx/hsr_appendix6_d2.xlsx,Trainset,column_117,,numeric,2,14.81666666666667 | -14.81666666666667,-14.8166666667,14.8166666667,xlsx,medium,Some headers were missing; generated column_N names. Sampled first 58 non-empty rows from worksheet.
paper-1997-05,The Full Cost Of High-Speed Rail: An Engineering Approach,READY-TO-UPLOAD/PUBLIC,/Users/dlev2617/Documents/Code/Agents/github-packages/READY-TO-UPLOAD/PUBLIC/paper-1997-05-the-full-cost-of-high-speed-rail-an-engineering-approach,data/analysis_workbooks/modernized_xlsx/hsr_appendix6_d2.xlsx,Trainset,column_118,,numeric,2,14.81666666666667 | -14.81666666666667,-14.8166666667,14.8166666667,xlsx,medium,Some headers were missing; generated column_N names. Sampled first 58 non-empty rows from worksheet.
paper-1997-05,The Full Cost Of High-Speed Rail: An Engineering Approach,READY-TO-UPLOAD/PUBLIC,/Users/dlev2617/Documents/Code/Agents/github-packages/READY-TO-UPLOAD/PUBLIC/paper-1997-05-the-full-cost-of-high-speed-rail-an-engineering-approach,data/analysis_workbooks/modernized_xlsx/hsr_appendix6_d2.xlsx,Trainset,column_119,,numeric,2,14.81666666666667 | -14.81666666666667,-14.8166666667,14.8166666667,xlsx,medium,Some headers were missing; generated column_N names. Sampled first 58 non-empty rows from worksheet.
paper-1997-05,The Full Cost Of High-Speed Rail: An Engineering Approach,READY-TO-UPLOAD/PUBLIC,/Users/dlev2617/Documents/Code/Agents/github-packages/READY-TO-UPLOAD/PUBLIC/paper-1997-05-the-full-cost-of-high-speed-rail-an-engineering-approach,data/analysis_workbooks/modernized_xlsx/hsr_appendix6_d2.xlsx,Trainset,column_120,,numeric,2,14.81666666666667 | -14.81666666666667,-14.8166666667,14.8166666667,xlsx,medium,Some headers were missing; generated column_N names. Sampled first 58 non-empty rows from worksheet.
paper-1997-05,The Full Cost Of High-Speed Rail: An Engineering Approach,READY-TO-UPLOAD/PUBLIC,/Users/dlev2617/Documents/Code/Agents/github-packages/READY-TO-UPLOAD/PUBLIC/paper-1997-05-the-full-cost-of-high-speed-rail-an-engineering-approach,data/analysis_workbooks/modernized_xlsx/hsr_appendix6_d2.xlsx,Trainset,column_121,,numeric,2,14.81666666666667 | -14.81666666666667,-14.8166666667,14.8166666667,xlsx,medium,Some headers were missing; generated column_N names. Sampled first 58 non-empty rows from worksheet.
paper-1997-05,The Full Cost Of High-Speed Rail: An Engineering Approach,READY-TO-UPLOAD/PUBLIC,/Users/dlev2617/Documents/Code/Agents/github-packages/READY-TO-UPLOAD/PUBLIC/paper-1997-05-the-full-cost-of-high-speed-rail-an-engineering-approach,data/analysis_workbooks/modernized_xlsx/hsr_appendix6_d2.xlsx,Trainset,column_122,,numeric,2,14.81666666666667 | -14.81666666666667,-14.8166666667,14.8166666667,xlsx,medium,Some headers were missing; generated column_N names. Sampled first 58 non-empty rows from worksheet.
paper-1997-05,The Full Cost Of High-Speed Rail: An Engineering Approach,READY-TO-UPLOAD/PUBLIC,/Users/dlev2617/Documents/Code/Agents/github-packages/READY-TO-UPLOAD/PUBLIC/paper-1997-05-the-full-cost-of-high-speed-rail-an-engineering-approach,data/analysis_workbooks/modernized_xlsx/hsr_appendix6_d2.xlsx,Trainset,column_123,,numeric,2,14.81666666666667 | -14.81666666666667,-14.8166666667,14.8166666667,xlsx,medium,Some headers were missing; generated column_N names. Sampled first 58 non-empty rows from worksheet.
paper-1997-05,The Full Cost Of High-Speed Rail: An Engineering Approach,READY-TO-UPLOAD/PUBLIC,/Users/dlev2617/Documents/Code/Agents/github-packages/READY-TO-UPLOAD/PUBLIC/paper-1997-05-the-full-cost-of-high-speed-rail-an-engineering-approach,data/analysis_workbooks/modernized_xlsx/hsr_appendix6_d2.xlsx,Trainset,column_124,,numeric,2,14.81666666666667 | -14.81666666666667,-14.8166666667,14.8166666667,xlsx,medium,Some headers were missing; generated column_N names. Sampled first 58 non-empty rows from worksheet.
paper-1997-05,The Full Cost Of High-Speed Rail: An Engineering Approach,READY-TO-UPLOAD/PUBLIC,/Users/dlev2617/Documents/Code/Agents/github-packages/READY-TO-UPLOAD/PUBLIC/paper-1997-05-the-full-cost-of-high-speed-rail-an-engineering-approach,data/analysis_workbooks/modernized_xlsx/hsr_appendix6_d2.xlsx,Trainset,column_125,,numeric,2,14.81666666666667 | -14.81666666666667,-14.8166666667,14.8166666667,xlsx,medium,Some headers were missing; generated column_N names. Sampled first 58 non-empty rows from worksheet.
paper-1997-05,The Full Cost Of High-Speed Rail: An Engineering Approach,READY-TO-UPLOAD/PUBLIC,/Users/dlev2617/Documents/Code/Agents/github-packages/READY-TO-UPLOAD/PUBLIC/paper-1997-05-the-full-cost-of-high-speed-rail-an-engineering-approach,data/analysis_workbooks/modernized_xlsx/hsr_appendix6_d2.xlsx,Trainset,column_126,,numeric,2,14.81666666666667 | -14.81666666666667,-14.8166666667,14.8166666667,xlsx,medium,Some headers were missing; generated column_N names. Sampled first 58 non-empty rows from worksheet.
paper-1997-05,The Full Cost Of High-Speed Rail: An Engineering Approach,READY-TO-UPLOAD/PUBLIC,/Users/dlev2617/Documents/Code/Agents/github-packages/READY-TO-UPLOAD/PUBLIC/paper-1997-05-the-full-cost-of-high-speed-rail-an-engineering-approach,data/analysis_workbooks/modernized_xlsx/hsr_appendix6_d2.xlsx,Trainset,column_127,,numeric,2,14.81666666666667 | -14.81666666666667,-14.8166666667,14.8166666667,xlsx,medium,Some headers were missing; generated column_N names. Sampled first 58 non-empty rows from worksheet.
paper-1997-05,The Full Cost Of High-Speed Rail: An Engineering Approach,READY-TO-UPLOAD/PUBLIC,/Users/dlev2617/Documents/Code/Agents/github-packages/READY-TO-UPLOAD/PUBLIC/paper-1997-05-the-full-cost-of-high-speed-rail-an-engineering-approach,data/analysis_workbooks/modernized_xlsx/hsr_appendix6_d2.xlsx,Trainset,column_128,,numeric,2,14.81666666666667 | -14.81666666666667,-14.8166666667,14.8166666667,xlsx,medium,Some headers were missing; generated column_N names. Sampled first 58 non-empty rows from worksheet.
paper-1997-05,The Full Cost Of High-Speed Rail: An Engineering Approach,READY-TO-UPLOAD/PUBLIC,/Users/dlev2617/Documents/Code/Agents/github-packages/READY-TO-UPLOAD/PUBLIC/paper-1997-05-the-full-cost-of-high-speed-rail-an-engineering-approach,data/analysis_workbooks/modernized_xlsx/hsr_appendix6_d2.xlsx,Trainset,column_129,,numeric,2,14.81666666666667 | -14.81666666666667,-14.8166666667,14.8166666667,xlsx,medium,Some headers were missing; generated column_N names. Sampled first 58 non-empty rows from worksheet.
paper-1997-05,The Full Cost Of High-Speed Rail: An Engineering Approach,READY-TO-UPLOAD/PUBLIC,/Users/dlev2617/Documents/Code/Agents/github-packages/READY-TO-UPLOAD/PUBLIC/paper-1997-05-the-full-cost-of-high-speed-rail-an-engineering-approach,data/analysis_workbooks/modernized_xlsx/hsr_appendix6_d2.xlsx,Trainset,column_130,,numeric,2,14.81666666666667 | -14.81666666666667,-14.8166666667,14.8166666667,xlsx,medium,Some headers were missing; generated column_N names. Sampled first 58 non-empty rows from worksheet.
paper-1997-05,The Full Cost Of High-Speed Rail: An Engineering Approach,READY-TO-UPLOAD/PUBLIC,/Users/dlev2617/Documents/Code/Agents/github-packages/READY-TO-UPLOAD/PUBLIC/paper-1997-05-the-full-cost-of-high-speed-rail-an-engineering-approach,data/analysis_workbooks/modernized_xlsx/hsr_appendix6_d2.xlsx,Trainset,column_131,,numeric,2,14.81666666666667 | -14.81666666666667,-14.8166666667,14.8166666667,xlsx,medium,Some headers were missing; generated column_N names. Sampled first 58 non-empty rows from worksheet.
paper-1997-05,The Full Cost Of High-Speed Rail: An Engineering Approach,READY-TO-UPLOAD/PUBLIC,/Users/dlev2617/Documents/Code/Agents/github-packages/READY-TO-UPLOAD/PUBLIC/paper-1997-05-the-full-cost-of-high-speed-rail-an-engineering-approach,data/analysis_workbooks/modernized_xlsx/hsr_appendix6_d2.xlsx,Trainset,column_132,,numeric,2,14.81666666666667 | -14.81666666666667,-14.8166666667,14.8166666667,xlsx,medium,Some headers were missing; generated column_N names. Sampled first 58 non-empty rows from worksheet.
paper-1997-05,The Full Cost Of High-Speed Rail: An Engineering Approach,READY-TO-UPLOAD/PUBLIC,/Users/dlev2617/Documents/Code/Agents/github-packages/READY-TO-UPLOAD/PUBLIC/paper-1997-05-the-full-cost-of-high-speed-rail-an-engineering-approach,data/analysis_workbooks/modernized_xlsx/hsr_appendix6_d2.xlsx,Trainset,column_133,,numeric,2,14.81666666666667 | -14.81666666666667,-14.8166666667,14.8166666667,xlsx,medium,Some headers were missing; generated column_N names. Sampled first 58 non-empty rows from worksheet.
paper-1997-05,The Full Cost Of High-Speed Rail: An Engineering Approach,READY-TO-UPLOAD/PUBLIC,/Users/dlev2617/Documents/Code/Agents/github-packages/READY-TO-UPLOAD/PUBLIC/paper-1997-05-the-full-cost-of-high-speed-rail-an-engineering-approach,data/analysis_workbooks/modernized_xlsx/hsr_appendix6_d2.xlsx,Trainset,column_134,,numeric,2,14.81666666666667 | -14.81666666666667,-14.8166666667,14.8166666667,xlsx,medium,Some headers were missing; generated column_N names. Sampled first 58 non-empty rows from worksheet.
paper-1997-05,The Full Cost Of High-Speed Rail: An Engineering Approach,READY-TO-UPLOAD/PUBLIC,/Users/dlev2617/Documents/Code/Agents/github-packages/READY-TO-UPLOAD/PUBLIC/paper-1997-05-the-full-cost-of-high-speed-rail-an-engineering-approach,data/analysis_workbooks/modernized_xlsx/hsr_appendix6_d2.xlsx,Trainset,column_135,,numeric,2,14.81666666666667 | -14.81666666666667,-14.8166666667,14.8166666667,xlsx,medium,Some headers were missing; generated column_N names. Sampled first 58 non-empty rows from worksheet.
paper-1997-05,The Full Cost Of High-Speed Rail: An Engineering Approach,READY-TO-UPLOAD/PUBLIC,/Users/dlev2617/Documents/Code/Agents/github-packages/READY-TO-UPLOAD/PUBLIC/paper-1997-05-the-full-cost-of-high-speed-rail-an-engineering-approach,data/analysis_workbooks/modernized_xlsx/hsr_appendix6_d2.xlsx,Trainset,column_136,,numeric,2,14.81666666666667 | -14.81666666666667,-14.8166666667,14.8166666667,xlsx,medium,Some headers were missing; generated column_N names. Sampled first 58 non-empty rows from worksheet.
paper-1997-05,The Full Cost Of High-Speed Rail: An Engineering Approach,READY-TO-UPLOAD/PUBLIC,/Users/dlev2617/Documents/Code/Agents/github-packages/READY-TO-UPLOAD/PUBLIC/paper-1997-05-the-full-cost-of-high-speed-rail-an-engineering-approach,data/analysis_workbooks/modernized_xlsx/hsr_appendix6_d2.xlsx,Trainset,column_137,,numeric,2,14.81666666666667 | -14.81666666666667,-14.8166666667,14.8166666667,xlsx,medium,Some headers were missing; generated column_N names. Sampled first 58 non-empty rows from worksheet.
paper-1997-05,The Full Cost Of High-Speed Rail: An Engineering Approach,READY-TO-UPLOAD/PUBLIC,/Users/dlev2617/Documents/Code/Agents/github-packages/READY-TO-UPLOAD/PUBLIC/paper-1997-05-the-full-cost-of-high-speed-rail-an-engineering-approach,data/analysis_workbooks/modernized_xlsx/hsr_appendix6_d2.xlsx,Trainset,column_138,,numeric,2,14.81666666666667 | -14.81666666666667,-14.8166666667,14.8166666667,xlsx,medium,Some headers were missing; generated column_N names. Sampled first 58 non-empty rows from worksheet.
paper-1997-05,The Full Cost Of High-Speed Rail: An Engineering Approach,READY-TO-UPLOAD/PUBLIC,/Users/dlev2617/Documents/Code/Agents/github-packages/READY-TO-UPLOAD/PUBLIC/paper-1997-05-the-full-cost-of-high-speed-rail-an-engineering-approach,data/analysis_workbooks/modernized_xlsx/hsr_appendix6_d2.xlsx,Trainset,column_139,,numeric,2,14.81666666666667 | -14.81666666666667,-14.8166666667,14.8166666667,xlsx,medium,Some headers were missing; generated column_N names. Sampled first 58 non-empty rows from worksheet.
paper-1997-05,The Full Cost Of High-Speed Rail: An Engineering Approach,READY-TO-UPLOAD/PUBLIC,/Users/dlev2617/Documents/Code/Agents/github-packages/READY-TO-UPLOAD/PUBLIC/paper-1997-05-the-full-cost-of-high-speed-rail-an-engineering-approach,data/analysis_workbooks/modernized_xlsx/hsr_appendix6_d2.xlsx,Trainset,column_140,,numeric,2,14.81666666666667 | -14.81666666666667,-14.8166666667,14.8166666667,xlsx,medium,Some headers were missing; generated column_N names. Sampled first 58 non-empty rows from worksheet.
paper-1997-05,The Full Cost Of High-Speed Rail: An Engineering Approach,READY-TO-UPLOAD/PUBLIC,/Users/dlev2617/Documents/Code/Agents/github-packages/READY-TO-UPLOAD/PUBLIC/paper-1997-05-the-full-cost-of-high-speed-rail-an-engineering-approach,data/analysis_workbooks/modernized_xlsx/hsr_appendix6_d2.xlsx,Trainset,column_141,,numeric,2,14.81666666666667 | -14.81666666666667,-14.8166666667,14.8166666667,xlsx,medium,Some headers were missing; generated column_N names. Sampled first 58 non-empty rows from worksheet.
paper-1997-05,The Full Cost Of High-Speed Rail: An Engineering Approach,READY-TO-UPLOAD/PUBLIC,/Users/dlev2617/Documents/Code/Agents/github-packages/READY-TO-UPLOAD/PUBLIC/paper-1997-05-the-full-cost-of-high-speed-rail-an-engineering-approach,data/analysis_workbooks/modernized_xlsx/hsr_appendix6_d2.xlsx,Trainset,column_142,,numeric,2,14.81666666666667 | -14.81666666666667,-14.8166666667,14.8166666667,xlsx,medium,Some headers were missing; generated column_N names. Sampled first 58 non-empty rows from worksheet.
paper-1997-05,The Full Cost Of High-Speed Rail: An Engineering Approach,READY-TO-UPLOAD/PUBLIC,/Users/dlev2617/Documents/Code/Agents/github-packages/READY-TO-UPLOAD/PUBLIC/paper-1997-05-the-full-cost-of-high-speed-rail-an-engineering-approach,data/analysis_workbooks/modernized_xlsx/hsr_appendix6_d2.xlsx,Trainset,column_143,,numeric,2,14.81666666666667 | -14.81666666666667,-14.8166666667,14.8166666667,xlsx,medium,Some headers were missing; generated column_N names. Sampled first 58 non-empty rows from worksheet.
paper-1997-05,The Full Cost Of High-Speed Rail: An Engineering Approach,READY-TO-UPLOAD/PUBLIC,/Users/dlev2617/Documents/Code/Agents/github-packages/READY-TO-UPLOAD/PUBLIC/paper-1997-05-the-full-cost-of-high-speed-rail-an-engineering-approach,data/analysis_workbooks/modernized_xlsx/hsr_appendix6_d2.xlsx,Trainset,column_144,,numeric,2,14.81666666666667 | -14.81666666666667,-14.8166666667,14.8166666667,xlsx,medium,Some headers were missing; generated column_N names. Sampled first 58 non-empty rows from worksheet.
paper-1997-05,The Full Cost Of High-Speed Rail: An Engineering Approach,READY-TO-UPLOAD/PUBLIC,/Users/dlev2617/Documents/Code/Agents/github-packages/READY-TO-UPLOAD/PUBLIC/paper-1997-05-the-full-cost-of-high-speed-rail-an-engineering-approach,data/analysis_workbooks/modernized_xlsx/hsr_appendix6_d2.xlsx,Trainset,column_145,,numeric,2,14.81666666666667 | -14.81666666666667,-14.8166666667,14.8166666667,xlsx,medium,Some headers were missing; generated column_N names. Sampled first 58 non-empty rows from worksheet.
paper-1997-05,The Full Cost Of High-Speed Rail: An Engineering Approach,READY-TO-UPLOAD/PUBLIC,/Users/dlev2617/Documents/Code/Agents/github-packages/READY-TO-UPLOAD/PUBLIC/paper-1997-05-the-full-cost-of-high-speed-rail-an-engineering-approach,data/analysis_workbooks/modernized_xlsx/hsr_appendix6_d2.xlsx,Trainset,column_146,,numeric,2,14.81666666666667 | -14.81666666666667,-14.8166666667,14.8166666667,xlsx,medium,Some headers were missing; generated column_N names. Sampled first 58 non-empty rows from worksheet.
paper-1997-05,The Full Cost Of High-Speed Rail: An Engineering Approach,READY-TO-UPLOAD/PUBLIC,/Users/dlev2617/Documents/Code/Agents/github-packages/READY-TO-UPLOAD/PUBLIC/paper-1997-05-the-full-cost-of-high-speed-rail-an-engineering-approach,data/analysis_workbooks/modernized_xlsx/hsr_appendix6_d2.xlsx,Trainset,column_147,,numeric,2,14.81666666666667 | -14.81666666666667,-14.8166666667,14.8166666667,xlsx,medium,Some headers were missing; generated column_N names. Sampled first 58 non-empty rows from worksheet.
paper-1997-05,The Full Cost Of High-Speed Rail: An Engineering Approach,READY-TO-UPLOAD/PUBLIC,/Users/dlev2617/Documents/Code/Agents/github-packages/READY-TO-UPLOAD/PUBLIC/paper-1997-05-the-full-cost-of-high-speed-rail-an-engineering-approach,data/analysis_workbooks/modernized_xlsx/hsr_appendix6_d2.xlsx,Trainset,column_148,,numeric,2,14.81666666666667 | -14.81666666666667,-14.8166666667,14.8166666667,xlsx,medium,Some headers were missing; generated column_N names. Sampled first 58 non-empty rows from worksheet.
paper-1997-05,The Full Cost Of High-Speed Rail: An Engineering Approach,READY-TO-UPLOAD/PUBLIC,/Users/dlev2617/Documents/Code/Agents/github-packages/READY-TO-UPLOAD/PUBLIC/paper-1997-05-the-full-cost-of-high-speed-rail-an-engineering-approach,data/analysis_workbooks/modernized_xlsx/hsr_appendix6_d2.xlsx,Trainset,column_149,,numeric,2,14.81666666666667 | -14.81666666666667,-14.8166666667,14.8166666667,xlsx,medium,Some headers were missing; generated column_N names. Sampled first 58 non-empty rows from worksheet.
paper-1997-05,The Full Cost Of High-Speed Rail: An Engineering Approach,READY-TO-UPLOAD/PUBLIC,/Users/dlev2617/Documents/Code/Agents/github-packages/READY-TO-UPLOAD/PUBLIC/paper-1997-05-the-full-cost-of-high-speed-rail-an-engineering-approach,data/analysis_workbooks/modernized_xlsx/hsr_appendix6_d2.xlsx,Trainset,column_150,,numeric,2,14.81666666666667 | -14.81666666666667,-14.8166666667,14.8166666667,xlsx,medium,Some headers were missing; generated column_N names. Sampled first 58 non-empty rows from worksheet.
paper-1997-05,The Full Cost Of High-Speed Rail: An Engineering Approach,READY-TO-UPLOAD/PUBLIC,/Users/dlev2617/Documents/Code/Agents/github-packages/READY-TO-UPLOAD/PUBLIC/paper-1997-05-the-full-cost-of-high-speed-rail-an-engineering-approach,data/analysis_workbooks/modernized_xlsx/hsr_appendix6_d2.xlsx,Trainset,column_151,,numeric,2,14.81666666666667 | -14.81666666666667,-14.8166666667,14.8166666667,xlsx,medium,Some headers were missing; generated column_N names. Sampled first 58 non-empty rows from worksheet.
paper-1997-05,The Full Cost Of High-Speed Rail: An Engineering Approach,READY-TO-UPLOAD/PUBLIC,/Users/dlev2617/Documents/Code/Agents/github-packages/READY-TO-UPLOAD/PUBLIC/paper-1997-05-the-full-cost-of-high-speed-rail-an-engineering-approach,data/analysis_workbooks/modernized_xlsx/hsr_appendix6_d2.xlsx,Trainset,column_152,,numeric,2,14.81666666666667 | -14.81666666666667,-14.8166666667,14.8166666667,xlsx,medium,Some headers were missing; generated column_N names. Sampled first 58 non-empty rows from worksheet.
paper-1997-05,The Full Cost Of High-Speed Rail: An Engineering Approach,READY-TO-UPLOAD/PUBLIC,/Users/dlev2617/Documents/Code/Agents/github-packages/READY-TO-UPLOAD/PUBLIC/paper-1997-05-the-full-cost-of-high-speed-rail-an-engineering-approach,data/analysis_workbooks/modernized_xlsx/hsr_appendix6_d2.xlsx,Trainset,column_153,,numeric,2,14.81666666666667 | -14.81666666666667,-14.8166666667,14.8166666667,xlsx,medium,Some headers were missing; generated column_N names. Sampled first 58 non-empty rows from worksheet.
paper-1997-05,The Full Cost Of High-Speed Rail: An Engineering Approach,READY-TO-UPLOAD/PUBLIC,/Users/dlev2617/Documents/Code/Agents/github-packages/READY-TO-UPLOAD/PUBLIC/paper-1997-05-the-full-cost-of-high-speed-rail-an-engineering-approach,data/analysis_workbooks/modernized_xlsx/hsr_appendix6_d2.xlsx,Trainset,column_154,,numeric,2,14.81666666666667 | -14.81666666666667,-14.8166666667,14.8166666667,xlsx,medium,Some headers were missing; generated column_N names. Sampled first 58 non-empty rows from worksheet.
paper-1997-05,The Full Cost Of High-Speed Rail: An Engineering Approach,READY-TO-UPLOAD/PUBLIC,/Users/dlev2617/Documents/Code/Agents/github-packages/READY-TO-UPLOAD/PUBLIC/paper-1997-05-the-full-cost-of-high-speed-rail-an-engineering-approach,data/analysis_workbooks/modernized_xlsx/hsr_appendix6_d2.xlsx,Trainset,column_155,,numeric,2,14.81666666666667 | -14.81666666666667,-14.8166666667,14.8166666667,xlsx,medium,Some headers were missing; generated column_N names. Sampled first 58 non-empty rows from worksheet.
paper-1997-05,The Full Cost Of High-Speed Rail: An Engineering Approach,READY-TO-UPLOAD/PUBLIC,/Users/dlev2617/Documents/Code/Agents/github-packages/READY-TO-UPLOAD/PUBLIC/paper-1997-05-the-full-cost-of-high-speed-rail-an-engineering-approach,data/analysis_workbooks/modernized_xlsx/hsr_appendix6_d2.xlsx,Trainset,column_156,,numeric,2,14.81666666666667 | -14.81666666666667,-14.8166666667,14.8166666667,xlsx,medium,Some headers were missing; generated column_N names. Sampled first 58 non-empty rows from worksheet.
paper-1997-05,The Full Cost Of High-Speed Rail: An Engineering Approach,READY-TO-UPLOAD/PUBLIC,/Users/dlev2617/Documents/Code/Agents/github-packages/READY-TO-UPLOAD/PUBLIC/paper-1997-05-the-full-cost-of-high-speed-rail-an-engineering-approach,data/analysis_workbooks/modernized_xlsx/hsr_appendix6_d2.xlsx,Trainset,column_157,,numeric,2,14.81666666666667 | -14.81666666666667,-14.8166666667,14.8166666667,xlsx,medium,Some headers were missing; generated column_N names. Sampled first 58 non-empty rows from worksheet.
paper-1997-05,The Full Cost Of High-Speed Rail: An Engineering Approach,READY-TO-UPLOAD/PUBLIC,/Users/dlev2617/Documents/Code/Agents/github-packages/READY-TO-UPLOAD/PUBLIC/paper-1997-05-the-full-cost-of-high-speed-rail-an-engineering-approach,data/analysis_workbooks/modernized_xlsx/hsr_appendix6_d2.xlsx,Trainset,column_158,,numeric,2,14.81666666666667 | -14.81666666666667,-14.8166666667,14.8166666667,xlsx,medium,Some headers were missing; generated column_N names. Sampled first 58 non-empty rows from worksheet.
paper-1997-05,The Full Cost Of High-Speed Rail: An Engineering Approach,READY-TO-UPLOAD/PUBLIC,/Users/dlev2617/Documents/Code/Agents/github-packages/READY-TO-UPLOAD/PUBLIC/paper-1997-05-the-full-cost-of-high-speed-rail-an-engineering-approach,data/analysis_workbooks/modernized_xlsx/hsr_appendix6_d2.xlsx,Trainset,column_159,,numeric,2,14.81666666666667 | -14.81666666666667,-14.8166666667,14.8166666667,xlsx,medium,Some headers were missing; generated column_N names. Sampled first 58 non-empty rows from worksheet.
paper-1997-05,The Full Cost Of High-Speed Rail: An Engineering Approach,READY-TO-UPLOAD/PUBLIC,/Users/dlev2617/Documents/Code/Agents/github-packages/READY-TO-UPLOAD/PUBLIC/paper-1997-05-the-full-cost-of-high-speed-rail-an-engineering-approach,data/analysis_workbooks/modernized_xlsx/hsr_appendix6_d2.xlsx,Trainset,column_160,,numeric,2,14.81666666666667 | -14.81666666666667,-14.8166666667,14.8166666667,xlsx,medium,Some headers were missing; generated column_N names. Sampled first 58 non-empty rows from worksheet.
paper-1997-05,The Full Cost Of High-Speed Rail: An Engineering Approach,READY-TO-UPLOAD/PUBLIC,/Users/dlev2617/Documents/Code/Agents/github-packages/READY-TO-UPLOAD/PUBLIC/paper-1997-05-the-full-cost-of-high-speed-rail-an-engineering-approach,data/analysis_workbooks/modernized_xlsx/hsr_appendix6_d2.xlsx,Trainset,column_161,,numeric,2,14.81666666666667 | -14.81666666666667,-14.8166666667,14.8166666667,xlsx,medium,Some headers were missing; generated column_N names. Sampled first 58 non-empty rows from worksheet.
paper-1997-05,The Full Cost Of High-Speed Rail: An Engineering Approach,READY-TO-UPLOAD/PUBLIC,/Users/dlev2617/Documents/Code/Agents/github-packages/READY-TO-UPLOAD/PUBLIC/paper-1997-05-the-full-cost-of-high-speed-rail-an-engineering-approach,data/analysis_workbooks/modernized_xlsx/hsr_appendix6_d2.xlsx,Trainset,column_162,,numeric,2,14.81666666666667 | -14.81666666666667,-14.8166666667,14.8166666667,xlsx,medium,Some headers were missing; generated column_N names. Sampled first 58 non-empty rows from worksheet.
paper-1997-05,The Full Cost Of High-Speed Rail: An Engineering Approach,READY-TO-UPLOAD/PUBLIC,/Users/dlev2617/Documents/Code/Agents/github-packages/READY-TO-UPLOAD/PUBLIC/paper-1997-05-the-full-cost-of-high-speed-rail-an-engineering-approach,data/analysis_workbooks/modernized_xlsx/hsr_appendix6_d2.xlsx,Trainset,column_163,,numeric,2,14.81666666666667 | -14.81666666666667,-14.8166666667,14.8166666667,xlsx,medium,Some headers were missing; generated column_N names. Sampled first 58 non-empty rows from worksheet.
paper-1997-05,The Full Cost Of High-Speed Rail: An Engineering Approach,READY-TO-UPLOAD/PUBLIC,/Users/dlev2617/Documents/Code/Agents/github-packages/READY-TO-UPLOAD/PUBLIC/paper-1997-05-the-full-cost-of-high-speed-rail-an-engineering-approach,data/analysis_workbooks/modernized_xlsx/hsr_appendix6_d2.xlsx,Trainset,column_164,,numeric,2,14.81666666666667 | -14.81666666666667,-14.8166666667,14.8166666667,xlsx,medium,Some headers were missing; generated column_N names. Sampled first 58 non-empty rows from worksheet.
paper-1997-05,The Full Cost Of High-Speed Rail: An Engineering Approach,READY-TO-UPLOAD/PUBLIC,/Users/dlev2617/Documents/Code/Agents/github-packages/READY-TO-UPLOAD/PUBLIC/paper-1997-05-the-full-cost-of-high-speed-rail-an-engineering-approach,data/analysis_workbooks/modernized_xlsx/hsr_appendix6_d2.xlsx,Trainset,column_165,,numeric,2,14.81666666666667 | -14.81666666666667,-14.8166666667,14.8166666667,xlsx,medium,Some headers were missing; generated column_N names. Sampled first 58 non-empty rows from worksheet.
paper-1997-05,The Full Cost Of High-Speed Rail: An Engineering Approach,READY-TO-UPLOAD/PUBLIC,/Users/dlev2617/Documents/Code/Agents/github-packages/READY-TO-UPLOAD/PUBLIC/paper-1997-05-the-full-cost-of-high-speed-rail-an-engineering-approach,data/analysis_workbooks/modernized_xlsx/hsr_appendix6_d2.xlsx,Trainset,column_166,,numeric,2,14.81666666666667 | -14.81666666666667,-14.8166666667,14.8166666667,xlsx,medium,Some headers were missing; generated column_N names. Sampled first 58 non-empty rows from worksheet.
paper-1997-05,The Full Cost Of High-Speed Rail: An Engineering Approach,READY-TO-UPLOAD/PUBLIC,/Users/dlev2617/Documents/Code/Agents/github-packages/READY-TO-UPLOAD/PUBLIC/paper-1997-05-the-full-cost-of-high-speed-rail-an-engineering-approach,data/analysis_workbooks/modernized_xlsx/hsr_appendix6_d2.xlsx,Trainset,column_167,,numeric,2,14.81666666666667 | -14.81666666666667,-14.8166666667,14.8166666667,xlsx,medium,Some headers were missing; generated column_N names. Sampled first 58 non-empty rows from worksheet.
paper-1997-05,The Full Cost Of High-Speed Rail: An Engineering Approach,READY-TO-UPLOAD/PUBLIC,/Users/dlev2617/Documents/Code/Agents/github-packages/READY-TO-UPLOAD/PUBLIC/paper-1997-05-the-full-cost-of-high-speed-rail-an-engineering-approach,data/analysis_workbooks/modernized_xlsx/hsr_appendix6_d2.xlsx,Trainset,column_168,,numeric,2,14.81666666666667 | -14.81666666666667,-14.8166666667,14.8166666667,xlsx,medium,Some headers were missing; generated column_N names. Sampled first 58 non-empty rows from worksheet.
paper-1997-05,The Full Cost Of High-Speed Rail: An Engineering Approach,READY-TO-UPLOAD/PUBLIC,/Users/dlev2617/Documents/Code/Agents/github-packages/READY-TO-UPLOAD/PUBLIC/paper-1997-05-the-full-cost-of-high-speed-rail-an-engineering-approach,data/analysis_workbooks/modernized_xlsx/hsr_appendix6_d2.xlsx,Trainset,column_169,,numeric,2,14.81666666666667 | -14.81666666666667,-14.8166666667,14.8166666667,xlsx,medium,Some headers were missing; generated column_N names. Sampled first 58 non-empty rows from worksheet.
paper-1997-05,The Full Cost Of High-Speed Rail: An Engineering Approach,READY-TO-UPLOAD/PUBLIC,/Users/dlev2617/Documents/Code/Agents/github-packages/READY-TO-UPLOAD/PUBLIC/paper-1997-05-the-full-cost-of-high-speed-rail-an-engineering-approach,data/analysis_workbooks/modernized_xlsx/hsr_appendix6_d2.xlsx,Trainset,column_170,,numeric,2,14.81666666666667 | -14.81666666666667,-14.8166666667,14.8166666667,xlsx,medium,Some headers were missing; generated column_N names. Sampled first 58 non-empty rows from worksheet.
paper-1997-05,The Full Cost Of High-Speed Rail: An Engineering Approach,READY-TO-UPLOAD/PUBLIC,/Users/dlev2617/Documents/Code/Agents/github-packages/READY-TO-UPLOAD/PUBLIC/paper-1997-05-the-full-cost-of-high-speed-rail-an-engineering-approach,data/analysis_workbooks/modernized_xlsx/hsr_appendix6_d2.xlsx,Trainset,column_171,,numeric,2,14.81666666666667 | -14.81666666666667,-14.8166666667,14.8166666667,xlsx,medium,Some headers were missing; generated column_N names. Sampled first 58 non-empty rows from worksheet.
paper-1997-05,The Full Cost Of High-Speed Rail: An Engineering Approach,READY-TO-UPLOAD/PUBLIC,/Users/dlev2617/Documents/Code/Agents/github-packages/READY-TO-UPLOAD/PUBLIC/paper-1997-05-the-full-cost-of-high-speed-rail-an-engineering-approach,data/analysis_workbooks/modernized_xlsx/hsr_appendix6_d2.xlsx,Trainset,column_172,,numeric,2,14.81666666666667 | -14.81666666666667,-14.8166666667,14.8166666667,xlsx,medium,Some headers were missing; generated column_N names. Sampled first 58 non-empty rows from worksheet.
paper-1997-05,The Full Cost Of High-Speed Rail: An Engineering Approach,READY-TO-UPLOAD/PUBLIC,/Users/dlev2617/Documents/Code/Agents/github-packages/READY-TO-UPLOAD/PUBLIC/paper-1997-05-the-full-cost-of-high-speed-rail-an-engineering-approach,data/analysis_workbooks/modernized_xlsx/hsr_appendix6_d2.xlsx,Trainset,column_173,,numeric,2,14.81666666666667 | -14.81666666666667,-14.8166666667,14.8166666667,xlsx,medium,Some headers were missing; generated column_N names. Sampled first 58 non-empty rows from worksheet.
paper-1997-05,The Full Cost Of High-Speed Rail: An Engineering Approach,READY-TO-UPLOAD/PUBLIC,/Users/dlev2617/Documents/Code/Agents/github-packages/READY-TO-UPLOAD/PUBLIC/paper-1997-05-the-full-cost-of-high-speed-rail-an-engineering-approach,data/analysis_workbooks/modernized_xlsx/hsr_appendix6_d2.xlsx,Trainset,column_174,,numeric,2,14.81666666666667 | -14.81666666666667,-14.8166666667,14.8166666667,xlsx,medium,Some headers were missing; generated column_N names. Sampled first 58 non-empty rows from worksheet.
paper-1997-05,The Full Cost Of High-Speed Rail: An Engineering Approach,READY-TO-UPLOAD/PUBLIC,/Users/dlev2617/Documents/Code/Agents/github-packages/READY-TO-UPLOAD/PUBLIC/paper-1997-05-the-full-cost-of-high-speed-rail-an-engineering-approach,data/analysis_workbooks/modernized_xlsx/hsr_appendix6_d2.xlsx,Trainset,column_175,,numeric,2,14.81666666666667 | -14.81666666666667,-14.8166666667,14.8166666667,xlsx,medium,Some headers were missing; generated column_N names. Sampled first 58 non-empty rows from worksheet.
paper-1997-05,The Full Cost Of High-Speed Rail: An Engineering Approach,READY-TO-UPLOAD/PUBLIC,/Users/dlev2617/Documents/Code/Agents/github-packages/READY-TO-UPLOAD/PUBLIC/paper-1997-05-the-full-cost-of-high-speed-rail-an-engineering-approach,data/analysis_workbooks/modernized_xlsx/hsr_appendix6_d2.xlsx,Trainset,column_176,,numeric,2,14.81666666666667 | -14.81666666666667,-14.8166666667,14.8166666667,xlsx,medium,Some headers were missing; generated column_N names. Sampled first 58 non-empty rows from worksheet.
paper-1997-05,The Full Cost Of High-Speed Rail: An Engineering Approach,READY-TO-UPLOAD/PUBLIC,/Users/dlev2617/Documents/Code/Agents/github-packages/READY-TO-UPLOAD/PUBLIC/paper-1997-05-the-full-cost-of-high-speed-rail-an-engineering-approach,data/analysis_workbooks/modernized_xlsx/hsr_appendix6_d2.xlsx,Trainset,column_177,,numeric,2,14.81666666666667 | -14.81666666666667,-14.8166666667,14.8166666667,xlsx,medium,Some headers were missing; generated column_N names. Sampled first 58 non-empty rows from worksheet.
paper-1997-05,The Full Cost Of High-Speed Rail: An Engineering Approach,READY-TO-UPLOAD/PUBLIC,/Users/dlev2617/Documents/Code/Agents/github-packages/READY-TO-UPLOAD/PUBLIC/paper-1997-05-the-full-cost-of-high-speed-rail-an-engineering-approach,data/analysis_workbooks/modernized_xlsx/hsr_appendix6_d2.xlsx,Trainset,column_178,,numeric,2,14.81666666666667 | -14.81666666666667,-14.8166666667,14.8166666667,xlsx,medium,Some headers were missing; generated column_N names. Sampled first 58 non-empty rows from worksheet.
paper-1997-05,The Full Cost Of High-Speed Rail: An Engineering Approach,READY-TO-UPLOAD/PUBLIC,/Users/dlev2617/Documents/Code/Agents/github-packages/READY-TO-UPLOAD/PUBLIC/paper-1997-05-the-full-cost-of-high-speed-rail-an-engineering-approach,data/analysis_workbooks/modernized_xlsx/hsr_appendix6_d2.xlsx,Trainset,column_179,,numeric,2,14.81666666666667 | -14.81666666666667,-14.8166666667,14.8166666667,xlsx,medium,Some headers were missing; generated column_N names. Sampled first 58 non-empty rows from worksheet.
paper-1997-05,The Full Cost Of High-Speed Rail: An Engineering Approach,READY-TO-UPLOAD/PUBLIC,/Users/dlev2617/Documents/Code/Agents/github-packages/READY-TO-UPLOAD/PUBLIC/paper-1997-05-the-full-cost-of-high-speed-rail-an-engineering-approach,data/analysis_workbooks/modernized_xlsx/hsr_appendix6_d2.xlsx,Trainset,column_180,,numeric,2,14.81666666666667 | -14.81666666666667,-14.8166666667,14.8166666667,xlsx,medium,Some headers were missing; generated column_N names. Sampled first 58 non-empty rows from worksheet.
paper-1997-05,The Full Cost Of High-Speed Rail: An Engineering Approach,READY-TO-UPLOAD/PUBLIC,/Users/dlev2617/Documents/Code/Agents/github-packages/READY-TO-UPLOAD/PUBLIC/paper-1997-05-the-full-cost-of-high-speed-rail-an-engineering-approach,data/analysis_workbooks/modernized_xlsx/hsr_appendix6_d2.xlsx,Trainset,column_181,,numeric,2,14.81666666666667 | -14.81666666666667,-14.8166666667,14.8166666667,xlsx,medium,Some headers were missing; generated column_N names. Sampled first 58 non-empty rows from worksheet.
paper-1997-05,The Full Cost Of High-Speed Rail: An Engineering Approach,READY-TO-UPLOAD/PUBLIC,/Users/dlev2617/Documents/Code/Agents/github-packages/READY-TO-UPLOAD/PUBLIC/paper-1997-05-the-full-cost-of-high-speed-rail-an-engineering-approach,data/analysis_workbooks/modernized_xlsx/hsr_appendix6_d2.xlsx,Trainset,column_182,,numeric,2,14.81666666666667 | -14.81666666666667,-14.8166666667,14.8166666667,xlsx,medium,Some headers were missing; generated column_N names. Sampled first 58 non-empty rows from worksheet.
paper-1997-05,The Full Cost Of High-Speed Rail: An Engineering Approach,READY-TO-UPLOAD/PUBLIC,/Users/dlev2617/Documents/Code/Agents/github-packages/READY-TO-UPLOAD/PUBLIC/paper-1997-05-the-full-cost-of-high-speed-rail-an-engineering-approach,data/analysis_workbooks/modernized_xlsx/hsr_appendix6_d2.xlsx,Trainset,column_183,,numeric,2,14.81666666666667 | -14.81666666666667,-14.8166666667,14.8166666667,xlsx,medium,Some headers were missing; generated column_N names. Sampled first 58 non-empty rows from worksheet.
paper-1997-05,The Full Cost Of High-Speed Rail: An Engineering Approach,READY-TO-UPLOAD/PUBLIC,/Users/dlev2617/Documents/Code/Agents/github-packages/READY-TO-UPLOAD/PUBLIC/paper-1997-05-the-full-cost-of-high-speed-rail-an-engineering-approach,data/analysis_workbooks/modernized_xlsx/hsr_appendix6_d2.xlsx,Trainset,column_184,,numeric,2,14.81666666666667 | -14.81666666666667,-14.8166666667,14.8166666667,xlsx,medium,Some headers were missing; generated column_N names. Sampled first 58 non-empty rows from worksheet.
paper-1997-05,The Full Cost Of High-Speed Rail: An Engineering Approach,READY-TO-UPLOAD/PUBLIC,/Users/dlev2617/Documents/Code/Agents/github-packages/READY-TO-UPLOAD/PUBLIC/paper-1997-05-the-full-cost-of-high-speed-rail-an-engineering-approach,data/analysis_workbooks/modernized_xlsx/hsr_appendix6_d2.xlsx,Trainset,column_185,,numeric,2,14.81666666666667 | -14.81666666666667,-14.8166666667,14.8166666667,xlsx,medium,Some headers were missing; generated column_N names. Sampled first 58 non-empty rows from worksheet.
paper-1997-05,The Full Cost Of High-Speed Rail: An Engineering Approach,READY-TO-UPLOAD/PUBLIC,/Users/dlev2617/Documents/Code/Agents/github-packages/READY-TO-UPLOAD/PUBLIC/paper-1997-05-the-full-cost-of-high-speed-rail-an-engineering-approach,data/analysis_workbooks/modernized_xlsx/hsr_appendix6_d2.xlsx,Trainset,column_186,,numeric,2,14.81666666666667 | -14.81666666666667,-14.8166666667,14.8166666667,xlsx,medium,Some headers were missing; generated column_N names. Sampled first 58 non-empty rows from worksheet.
paper-1997-05,The Full Cost Of High-Speed Rail: An Engineering Approach,READY-TO-UPLOAD/PUBLIC,/Users/dlev2617/Documents/Code/Agents/github-packages/READY-TO-UPLOAD/PUBLIC/paper-1997-05-the-full-cost-of-high-speed-rail-an-engineering-approach,data/analysis_workbooks/modernized_xlsx/hsr_appendix6_d2.xlsx,Trainset,column_187,,numeric,2,14.81666666666667 | -14.81666666666667,-14.8166666667,14.8166666667,xlsx,medium,Some headers were missing; generated column_N names. Sampled first 58 non-empty rows from worksheet.
paper-1997-05,The Full Cost Of High-Speed Rail: An Engineering Approach,READY-TO-UPLOAD/PUBLIC,/Users/dlev2617/Documents/Code/Agents/github-packages/READY-TO-UPLOAD/PUBLIC/paper-1997-05-the-full-cost-of-high-speed-rail-an-engineering-approach,data/analysis_workbooks/modernized_xlsx/hsr_appendix6_d2.xlsx,Trainset,column_188,,numeric,2,14.81666666666667 | -14.81666666666667,-14.8166666667,14.8166666667,xlsx,medium,Some headers were missing; generated column_N names. Sampled first 58 non-empty rows from worksheet.
paper-1997-05,The Full Cost Of High-Speed Rail: An Engineering Approach,READY-TO-UPLOAD/PUBLIC,/Users/dlev2617/Documents/Code/Agents/github-packages/READY-TO-UPLOAD/PUBLIC/paper-1997-05-the-full-cost-of-high-speed-rail-an-engineering-approach,data/analysis_workbooks/modernized_xlsx/hsr_appendix6_d2.xlsx,Trainset,column_189,,numeric,2,14.81666666666667 | -14.81666666666667,-14.8166666667,14.8166666667,xlsx,medium,Some headers were missing; generated column_N names. Sampled first 58 non-empty rows from worksheet.
paper-1997-05,The Full Cost Of High-Speed Rail: An Engineering Approach,READY-TO-UPLOAD/PUBLIC,/Users/dlev2617/Documents/Code/Agents/github-packages/READY-TO-UPLOAD/PUBLIC/paper-1997-05-the-full-cost-of-high-speed-rail-an-engineering-approach,data/analysis_workbooks/modernized_xlsx/hsr_appendix6_d2.xlsx,Trainset,column_190,,numeric,2,14.81666666666667 | -14.81666666666667,-14.8166666667,14.8166666667,xlsx,medium,Some headers were missing; generated column_N names. Sampled first 58 non-empty rows from worksheet.
paper-1997-05,The Full Cost Of High-Speed Rail: An Engineering Approach,READY-TO-UPLOAD/PUBLIC,/Users/dlev2617/Documents/Code/Agents/github-packages/READY-TO-UPLOAD/PUBLIC/paper-1997-05-the-full-cost-of-high-speed-rail-an-engineering-approach,data/analysis_workbooks/modernized_xlsx/hsr_appendix6_d2.xlsx,Trainset,column_191,,numeric,2,14.81666666666667 | -14.81666666666667,-14.8166666667,14.8166666667,xlsx,medium,Some headers were missing; generated column_N names. Sampled first 58 non-empty rows from worksheet.
paper-1997-05,The Full Cost Of High-Speed Rail: An Engineering Approach,READY-TO-UPLOAD/PUBLIC,/Users/dlev2617/Documents/Code/Agents/github-packages/READY-TO-UPLOAD/PUBLIC/paper-1997-05-the-full-cost-of-high-speed-rail-an-engineering-approach,data/analysis_workbooks/modernized_xlsx/hsr_appendix6_d2.xlsx,Trainset,column_192,,numeric,2,14.81666666666667 | -14.81666666666667,-14.8166666667,14.8166666667,xlsx,medium,Some headers were missing; generated column_N names. Sampled first 58 non-empty rows from worksheet.
paper-1997-05,The Full Cost Of High-Speed Rail: An Engineering Approach,READY-TO-UPLOAD/PUBLIC,/Users/dlev2617/Documents/Code/Agents/github-packages/READY-TO-UPLOAD/PUBLIC/paper-1997-05-the-full-cost-of-high-speed-rail-an-engineering-approach,data/analysis_workbooks/modernized_xlsx/hsr_appendix6_d2.xlsx,Trainset,column_193,,numeric,2,14.81666666666667 | -14.81666666666667,-14.8166666667,14.8166666667,xlsx,medium,Some headers were missing; generated column_N names. Sampled first 58 non-empty rows from worksheet.
paper-1997-05,The Full Cost Of High-Speed Rail: An Engineering Approach,READY-TO-UPLOAD/PUBLIC,/Users/dlev2617/Documents/Code/Agents/github-packages/READY-TO-UPLOAD/PUBLIC/paper-1997-05-the-full-cost-of-high-speed-rail-an-engineering-approach,data/analysis_workbooks/modernized_xlsx/hsr_appendix6_d2.xlsx,Trainset,column_194,,numeric,2,14.81666666666667 | -14.81666666666667,-14.8166666667,14.8166666667,xlsx,medium,Some headers were missing; generated column_N names. Sampled first 58 non-empty rows from worksheet.
paper-1997-05,The Full Cost Of High-Speed Rail: An Engineering Approach,READY-TO-UPLOAD/PUBLIC,/Users/dlev2617/Documents/Code/Agents/github-packages/READY-TO-UPLOAD/PUBLIC/paper-1997-05-the-full-cost-of-high-speed-rail-an-engineering-approach,data/analysis_workbooks/modernized_xlsx/hsr_appendix6_d2.xlsx,Trainset,column_195,,numeric,2,14.81666666666667 | -14.81666666666667,-14.8166666667,14.8166666667,xlsx,medium,Some headers were missing; generated column_N names. Sampled first 58 non-empty rows from worksheet.
paper-1997-05,The Full Cost Of High-Speed Rail: An Engineering Approach,READY-TO-UPLOAD/PUBLIC,/Users/dlev2617/Documents/Code/Agents/github-packages/READY-TO-UPLOAD/PUBLIC/paper-1997-05-the-full-cost-of-high-speed-rail-an-engineering-approach,data/analysis_workbooks/modernized_xlsx/hsr_appendix6_d2.xlsx,Trainset,column_196,,numeric,2,14.81666666666667 | -14.81666666666667,-14.8166666667,14.8166666667,xlsx,medium,Some headers were missing; generated column_N names. Sampled first 58 non-empty rows from worksheet.
paper-1997-05,The Full Cost Of High-Speed Rail: An Engineering Approach,READY-TO-UPLOAD/PUBLIC,/Users/dlev2617/Documents/Code/Agents/github-packages/READY-TO-UPLOAD/PUBLIC/paper-1997-05-the-full-cost-of-high-speed-rail-an-engineering-approach,data/analysis_workbooks/modernized_xlsx/hsr_appendix6_d2.xlsx,Trainset,column_197,,numeric,2,14.81666666666667 | -14.81666666666667,-14.8166666667,14.8166666667,xlsx,medium,Some headers were missing; generated column_N names. Sampled first 58 non-empty rows from worksheet.
paper-1997-05,The Full Cost Of High-Speed Rail: An Engineering Approach,READY-TO-UPLOAD/PUBLIC,/Users/dlev2617/Documents/Code/Agents/github-packages/READY-TO-UPLOAD/PUBLIC/paper-1997-05-the-full-cost-of-high-speed-rail-an-engineering-approach,data/analysis_workbooks/modernized_xlsx/hsr_appendix6_d2.xlsx,Trainset,column_198,,numeric,2,14.81666666666667 | -14.81666666666667,-14.8166666667,14.8166666667,xlsx,medium,Some headers were missing; generated column_N names. Sampled first 58 non-empty rows from worksheet.
paper-1997-05,The Full Cost Of High-Speed Rail: An Engineering Approach,READY-TO-UPLOAD/PUBLIC,/Users/dlev2617/Documents/Code/Agents/github-packages/READY-TO-UPLOAD/PUBLIC/paper-1997-05-the-full-cost-of-high-speed-rail-an-engineering-approach,data/analysis_workbooks/modernized_xlsx/hsr_appendix6_d2.xlsx,Trainset,column_199,,numeric,2,14.81666666666667 | -14.81666666666667,-14.8166666667,14.8166666667,xlsx,medium,Some headers were missing; generated column_N names. Sampled first 58 non-empty rows from worksheet.
paper-1997-05,The Full Cost Of High-Speed Rail: An Engineering Approach,READY-TO-UPLOAD/PUBLIC,/Users/dlev2617/Documents/Code/Agents/github-packages/READY-TO-UPLOAD/PUBLIC/paper-1997-05-the-full-cost-of-high-speed-rail-an-engineering-approach,data/analysis_workbooks/modernized_xlsx/hsr_appendix6_d2.xlsx,Trainset,column_200,,numeric,2,14.81666666666667 | -14.81666666666667,-14.8166666667,14.8166666667,xlsx,medium,Some headers were missing; generated column_N names. Sampled first 58 non-empty rows from worksheet.
paper-1997-05,The Full Cost Of High-Speed Rail: An Engineering Approach,READY-TO-UPLOAD/PUBLIC,/Users/dlev2617/Documents/Code/Agents/github-packages/READY-TO-UPLOAD/PUBLIC/paper-1997-05-the-full-cost-of-high-speed-rail-an-engineering-approach,data/analysis_workbooks/modernized_xlsx/rail_noise_model.xlsx,A,The Cost of Noise: Model and Calculations,,mixed_numeric_text,62,"Scenario 1: Urban Rail (HSR, 92 db(A) at 25 meters) | Interest | Years | Trains/Hour | Speed (km/hr)",,,xlsx,medium,Some headers were missing; generated column_N names. Sampled first 64 non-empty rows from worksheet.
paper-1997-05,The Full Cost Of High-Speed Rail: An Engineering Approach,READY-TO-UPLOAD/PUBLIC,/Users/dlev2617/Documents/Code/Agents/github-packages/READY-TO-UPLOAD/PUBLIC/paper-1997-05-the-full-cost-of-high-speed-rail-an-engineering-approach,data/analysis_workbooks/modernized_xlsx/rail_noise_model.xlsx,A,column_2,,mixed_numeric_text,61,0.075 | 30 | 5 | 200 | 100,,,xlsx,medium,Some headers were missing; generated column_N names. Sampled first 64 non-empty rows from worksheet.
paper-1997-05,The Full Cost Of High-Speed Rail: An Engineering Approach,READY-TO-UPLOAD/PUBLIC,/Users/dlev2617/Documents/Code/Agents/github-packages/READY-TO-UPLOAD/PUBLIC/paper-1997-05-the-full-cost-of-high-speed-rail-an-engineering-approach,data/analysis_workbooks/modernized_xlsx/rail_noise_model.xlsx,A,column_3,,mixed_numeric_text,53,capacity | load factor | Leq | 78.5189809182497 | 68.84625906452075,,,xlsx,medium,Some headers were missing; generated column_N names. Sampled first 64 non-empty rows from worksheet.
paper-1997-05,The Full Cost Of High-Speed Rail: An Engineering Approach,READY-TO-UPLOAD/PUBLIC,/Users/dlev2617/Documents/Code/Agents/github-packages/READY-TO-UPLOAD/PUBLIC/paper-1997-05-the-full-cost-of-high-speed-rail-an-engineering-approach,data/analysis_workbooks/modernized_xlsx/rail_noise_model.xlsx,A,column_4,,mixed_numeric_text,53,350 | 0.75 | NEF | 13.27569172692867 | 3.602969873199726,,,xlsx,medium,Some headers were missing; generated column_N names. Sampled first 64 non-empty rows from worksheet.
paper-1997-05,The Full Cost Of High-Speed Rail: An Engineering Approach,READY-TO-UPLOAD/PUBLIC,/Users/dlev2617/Documents/Code/Agents/github-packages/READY-TO-UPLOAD/PUBLIC/paper-1997-05-the-full-cost-of-high-speed-rail-an-engineering-approach,data/analysis_workbooks/modernized_xlsx/rail_noise_model.xlsx,A,column_5,,mixed_numeric_text,52,Houses/Band | 7.2 | 359.9999999999997,,,xlsx,medium,Some headers were missing; generated column_N names. Sampled first 64 non-empty rows from worksheet.
paper-1997-05,The Full Cost Of High-Speed Rail: An Engineering Approach,READY-TO-UPLOAD/PUBLIC,/Users/dlev2617/Documents/Code/Agents/github-packages/READY-TO-UPLOAD/PUBLIC/paper-1997-05-the-full-cost-of-high-speed-rail-an-engineering-approach,data/analysis_workbooks/modernized_xlsx/rail_noise_model.xlsx,A,column_6,,mixed_numeric_text,62,TOTAL COST/km | $/veh-km | Cost per dB(A) | Mean House Value | Density (hh/sqkm),,,xlsx,medium,Some headers were missing; generated column_N names. Sampled first 64 non-empty rows from worksheet.
paper-1997-05,The Full Cost Of High-Speed Rail: An Engineering Approach,READY-TO-UPLOAD/PUBLIC,/Users/dlev2617/Documents/Code/Agents/github-packages/READY-TO-UPLOAD/PUBLIC/paper-1997-05-the-full-cost-of-high-speed-rail-an-engineering-approach,data/analysis_workbooks/modernized_xlsx/rail_noise_model.xlsx,A,column_7,,mixed_numeric_text,61,336522.5831299569 | 0.6505429903500398 | 0.006200000000000001 | 250000 | 360,,,xlsx,medium,Some headers were missing; generated column_N names. Sampled first 64 non-empty rows from worksheet.
paper-1997-05,The Full Cost Of High-Speed Rail: An Engineering Approach,READY-TO-UPLOAD/PUBLIC,/Users/dlev2617/Documents/Code/Agents/github-packages/READY-TO-UPLOAD/PUBLIC/paper-1997-05-the-full-cost-of-high-speed-rail-an-engineering-approach,data/analysis_workbooks/modernized_xlsx/rail_noise_model.xlsx,Sheet3,"SUMMARY OUTPUT: 200 kph: Y = $/pkt, X=trains/hours",,text,25,Regression Statistics | Multiple R | R Square | Adjusted R Square | Standard Error,,,xlsx,medium,Some headers were missing; generated column_N names. Sampled first 30 non-empty rows from worksheet.
paper-1997-05,The Full Cost Of High-Speed Rail: An Engineering Approach,READY-TO-UPLOAD/PUBLIC,/Users/dlev2617/Documents/Code/Agents/github-packages/READY-TO-UPLOAD/PUBLIC/paper-1997-05-the-full-cost-of-high-speed-rail-an-engineering-approach,data/analysis_workbooks/modernized_xlsx/rail_noise_model.xlsx,Sheet3,column_2,,mixed_numeric_text,24,0.9960128518472686 | 0.9920416010449291 | 0.9910468011755453 | 0.0001054279362990949 | 10,,,xlsx,medium,Some headers were missing; generated column_N names. Sampled first 30 non-empty rows from worksheet.
paper-1997-05,The Full Cost Of High-Speed Rail: An Engineering Approach,READY-TO-UPLOAD/PUBLIC,/Users/dlev2617/Documents/Code/Agents/github-packages/READY-TO-UPLOAD/PUBLIC/paper-1997-05-the-full-cost-of-high-speed-rail-an-engineering-approach,data/analysis_workbooks/modernized_xlsx/rail_noise_model.xlsx,Sheet3,column_3,,mixed_numeric_text,14,SS | 1.108423120198171e-05 | 8.892039801828812e-08 | 1.11731516e-05 | Standard Error,,,xlsx,medium,Some headers were missing; generated column_N names. Sampled first 30 non-empty rows from worksheet.
paper-1997-05,The Full Cost Of High-Speed Rail: An Engineering Approach,READY-TO-UPLOAD/PUBLIC,/Users/dlev2617/Documents/Code/Agents/github-packages/READY-TO-UPLOAD/PUBLIC/paper-1997-05-the-full-cost-of-high-speed-rail-an-engineering-approach,data/analysis_workbooks/modernized_xlsx/rail_noise_model.xlsx,Sheet3,column_4,,mixed_numeric_text,12,MS | 1.108423120198171e-05 | 1.111504975228602e-08 | t Stat | 62.47565663831845,,,xlsx,medium,Some headers were missing; generated column_N names. Sampled first 30 non-empty rows from worksheet.
paper-1997-05,The Full Cost Of High-Speed Rail: An Engineering Approach,READY-TO-UPLOAD/PUBLIC,/Users/dlev2617/Documents/Code/Agents/github-packages/READY-TO-UPLOAD/PUBLIC/paper-1997-05-the-full-cost-of-high-speed-rail-an-engineering-approach,data/analysis_workbooks/modernized_xlsx/rail_noise_model.xlsx,Sheet3,column_5,,mixed_numeric_text,10,F | 997.2273133282224 | P-value | 4.789940847631731e-12 | 1.100393748764256e-09,,,xlsx,medium,Some headers were missing; generated column_N names. Sampled first 30 non-empty rows from worksheet.
paper-1997-05,The Full Cost Of High-Speed Rail: An Engineering Approach,READY-TO-UPLOAD/PUBLIC,/Users/dlev2617/Documents/Code/Agents/github-packages/READY-TO-UPLOAD/PUBLIC/paper-1997-05-the-full-cost-of-high-speed-rail-an-engineering-approach,data/analysis_workbooks/modernized_xlsx/rail_noise_model.xlsx,Sheet3,column_6,,mixed_numeric_text,10,Significance F | 1.100393748764268e-09 | Lower 95% | 0.004796708328333747 | -0.001624511145703648,,,xlsx,medium,Some headers were missing; generated column_N names. Sampled first 30 non-empty rows from worksheet.
paper-1997-05,The Full Cost Of High-Speed Rail: An Engineering Approach,READY-TO-UPLOAD/PUBLIC,/Users/dlev2617/Documents/Code/Agents/github-packages/READY-TO-UPLOAD/PUBLIC/paper-1997-05-the-full-cost-of-high-speed-rail-an-engineering-approach,data/analysis_workbooks/modernized_xlsx/rail_noise_model.xlsx,Sheet3,column_7,,mixed_numeric_text,6,Upper 95% | 0.005164376619825131 | -0.001403402006186402 | 0.01121885421437137 | -0.002925906018463392,,,xlsx,medium,Some headers were missing; generated column_N names. Sampled first 30 non-empty rows from worksheet.
paper-1997-05,The Full Cost Of High-Speed Rail: An Engineering Approach,READY-TO-UPLOAD/PUBLIC,/Users/dlev2617/Documents/Code/Agents/github-packages/READY-TO-UPLOAD/PUBLIC/paper-1997-05-the-full-cost-of-high-speed-rail-an-engineering-approach,data/analysis_workbooks/modernized_xlsx/rail_noise_model.xlsx,Sheet3,column_8,,mixed_numeric_text,6,Lower 95.0% | 0.004796708328333747 | -0.001624511145703648 | 0.00929505327408758 | -0.004082845521685646,,,xlsx,medium,Some headers were missing; generated column_N names. Sampled first 30 non-empty rows from worksheet.
paper-1997-05,The Full Cost Of High-Speed Rail: An Engineering Approach,READY-TO-UPLOAD/PUBLIC,/Users/dlev2617/Documents/Code/Agents/github-packages/READY-TO-UPLOAD/PUBLIC/paper-1997-05-the-full-cost-of-high-speed-rail-an-engineering-approach,data/analysis_workbooks/modernized_xlsx/rail_noise_model.xlsx,Sheet3,column_9,,mixed_numeric_text,6,Upper 95.0% | 0.005164376619825131 | -0.001403402006186402 | 0.01121885421437137 | -0.002925906018463392,,,xlsx,medium,Some headers were missing; generated column_N names. Sampled first 30 non-empty rows from worksheet.
paper-1997-05,The Full Cost Of High-Speed Rail: An Engineering Approach,READY-TO-UPLOAD/PUBLIC,/Users/dlev2617/Documents/Code/Agents/github-packages/READY-TO-UPLOAD/PUBLIC/paper-1997-05-the-full-cost-of-high-speed-rail-an-engineering-approach,data/analysis_workbooks/modernized_xlsx/rail_noise_model.xlsx,Sheet4,"SUMMARY OUTPUT: 320kph, Y=$/pkt, X=trains/hour",,text,12,Regression Statistics | Multiple R | R Square | Adjusted R Square | Standard Error,,,xlsx,medium,Some headers were missing; generated column_N names. Sampled first 15 non-empty rows from worksheet.
paper-1997-05,The Full Cost Of High-Speed Rail: An Engineering Approach,READY-TO-UPLOAD/PUBLIC,/Users/dlev2617/Documents/Code/Agents/github-packages/READY-TO-UPLOAD/PUBLIC/paper-1997-05-the-full-cost-of-high-speed-rail-an-engineering-approach,data/analysis_workbooks/modernized_xlsx/rail_noise_model.xlsx,Sheet4,column_2,,mixed_numeric_text,12,0.9801128985366687 | 0.96062129387795 | 0.9556989556126938 | 0.0005516449682447817 | 10,,,xlsx,medium,Some headers were missing; generated column_N names. Sampled first 15 non-empty rows from worksheet.
paper-1997-05,The Full Cost Of High-Speed Rail: An Engineering Approach,READY-TO-UPLOAD/PUBLIC,/Users/dlev2617/Documents/Code/Agents/github-packages/READY-TO-UPLOAD/PUBLIC/paper-1997-05-the-full-cost-of-high-speed-rail-an-engineering-approach,data/analysis_workbooks/modernized_xlsx/rail_noise_model.xlsx,Sheet4,column_3,,mixed_numeric_text,7,SS | 5.93881882320817e-05 | 2.434497367918289e-06 | 6.18226856e-05 | Standard Error,,,xlsx,medium,Some headers were missing; generated column_N names. Sampled first 15 non-empty rows from worksheet.
paper-1997-05,The Full Cost Of High-Speed Rail: An Engineering Approach,READY-TO-UPLOAD/PUBLIC,/Users/dlev2617/Documents/Code/Agents/github-packages/READY-TO-UPLOAD/PUBLIC/paper-1997-05-the-full-cost-of-high-speed-rail-an-engineering-approach,data/analysis_workbooks/modernized_xlsx/rail_noise_model.xlsx,Sheet4,column_4,,mixed_numeric_text,6,MS | 5.93881882320817e-05 | 3.043121709897861e-07 | t Stat | 24.58943911416738,,,xlsx,medium,Some headers were missing; generated column_N names. Sampled first 15 non-empty rows from worksheet.
paper-1997-05,The Full Cost Of High-Speed Rail: An Engineering Approach,READY-TO-UPLOAD/PUBLIC,/Users/dlev2617/Documents/Code/Agents/github-packages/READY-TO-UPLOAD/PUBLIC/paper-1997-05-the-full-cost-of-high-speed-rail-an-engineering-approach,data/analysis_workbooks/modernized_xlsx/rail_noise_model.xlsx,Sheet4,column_5,,mixed_numeric_text,5,F | 195.1554814219869 | P-value | 7.992383178367686e-09 | 6.681313265598039e-07,,,xlsx,medium,Some headers were missing; generated column_N names. Sampled first 15 non-empty rows from worksheet.
paper-1997-05,The Full Cost Of High-Speed Rail: An Engineering Approach,READY-TO-UPLOAD/PUBLIC,/Users/dlev2617/Documents/Code/Agents/github-packages/READY-TO-UPLOAD/PUBLIC/paper-1997-05-the-full-cost-of-high-speed-rail-an-engineering-approach,data/analysis_workbooks/modernized_xlsx/rail_noise_model.xlsx,Sheet4,column_6,,mixed_numeric_text,5,Significance F | 6.681313265598075e-07 | Lower 95% | 0.00929505327408758 | -0.004082845521685646,,,xlsx,medium,Some headers were missing; generated column_N names. Sampled first 15 non-empty rows from worksheet.
paper-1997-05,The Full Cost Of High-Speed Rail: An Engineering Approach,READY-TO-UPLOAD/PUBLIC,/Users/dlev2617/Documents/Code/Agents/github-packages/READY-TO-UPLOAD/PUBLIC/paper-1997-05-the-full-cost-of-high-speed-rail-an-engineering-approach,data/analysis_workbooks/modernized_xlsx/rail_noise_model.xlsx,Sheet4,column_7,,mixed_numeric_text,3,Upper 95% | 0.01121885421437137 | -0.002925906018463392,,,xlsx,medium,Some headers were missing; generated column_N names. Sampled first 15 non-empty rows from worksheet.
paper-1997-05,The Full Cost Of High-Speed Rail: An Engineering Approach,READY-TO-UPLOAD/PUBLIC,/Users/dlev2617/Documents/Code/Agents/github-packages/READY-TO-UPLOAD/PUBLIC/paper-1997-05-the-full-cost-of-high-speed-rail-an-engineering-approach,data/analysis_workbooks/modernized_xlsx/rail_noise_model.xlsx,Sheet4,column_8,,mixed_numeric_text,3,Lower 95.0% | 0.00929505327408758 | -0.004082845521685646,,,xlsx,medium,Some headers were missing; generated column_N names. Sampled first 15 non-empty rows from worksheet.
paper-1997-05,The Full Cost Of High-Speed Rail: An Engineering Approach,READY-TO-UPLOAD/PUBLIC,/Users/dlev2617/Documents/Code/Agents/github-packages/READY-TO-UPLOAD/PUBLIC/paper-1997-05-the-full-cost-of-high-speed-rail-an-engineering-approach,data/analysis_workbooks/modernized_xlsx/rail_noise_model.xlsx,Sheet4,column_9,,mixed_numeric_text,3,Upper 95.0% | 0.01121885421437137 | -0.002925906018463392,,,xlsx,medium,Some headers were missing; generated column_N names. Sampled first 15 non-empty rows from worksheet.
paper-1997-05,The Full Cost Of High-Speed Rail: An Engineering Approach,READY-TO-UPLOAD/PUBLIC,/Users/dlev2617/Documents/Code/Agents/github-packages/READY-TO-UPLOAD/PUBLIC/paper-1997-05-the-full-cost-of-high-speed-rail-an-engineering-approach,data/analysis_workbooks/modernized_xlsx/rail_noise_model.xlsx,B,TRAINS,,numeric,11,0 | 1 | 2 | 3 | 4,0,10,xlsx,medium,Headers inferred from first row. Sampled first 12 non-empty rows from worksheet.
paper-1997-05,The Full Cost Of High-Speed Rail: An Engineering Approach,READY-TO-UPLOAD/PUBLIC,/Users/dlev2617/Documents/Code/Agents/github-packages/READY-TO-UPLOAD/PUBLIC/paper-1997-05-the-full-cost-of-high-speed-rail-an-engineering-approach,data/analysis_workbooks/modernized_xlsx/rail_noise_model.xlsx,B,ln(trains),,numeric,11,0 | 0.6931471805599453 | 1.09861228866811 | 1.386294361119891 | 1.6094379124341,0,2.30258509299,xlsx,medium,Headers inferred from first row. Sampled first 12 non-empty rows from worksheet.
paper-1997-05,The Full Cost Of High-Speed Rail: An Engineering Approach,READY-TO-UPLOAD/PUBLIC,/Users/dlev2617/Documents/Code/Agents/github-packages/READY-TO-UPLOAD/PUBLIC/paper-1997-05-the-full-cost-of-high-speed-rail-an-engineering-approach,data/analysis_workbooks/modernized_xlsx/rail_noise_model.xlsx,B,trains^2,,numeric,11,0 | 1 | 4 | 9 | 16,0,100,xlsx,medium,Headers inferred from first row. Sampled first 12 non-empty rows from worksheet.
paper-1997-05,The Full Cost Of High-Speed Rail: An Engineering Approach,READY-TO-UPLOAD/PUBLIC,/Users/dlev2617/Documents/Code/Agents/github-packages/READY-TO-UPLOAD/PUBLIC/paper-1997-05-the-full-cost-of-high-speed-rail-an-engineering-approach,data/analysis_workbooks/modernized_xlsx/rail_noise_model.xlsx,B,TRAINS_2,,numeric,11,0 | 1 | 2 | 3 | 4,0,10,xlsx,medium,Headers inferred from first row. Sampled first 12 non-empty rows from worksheet.
paper-1997-05,The Full Cost Of High-Speed Rail: An Engineering Approach,READY-TO-UPLOAD/PUBLIC,/Users/dlev2617/Documents/Code/Agents/github-packages/READY-TO-UPLOAD/PUBLIC/paper-1997-05-the-full-cost-of-high-speed-rail-an-engineering-approach,data/analysis_workbooks/modernized_xlsx/rail_noise_model.xlsx,B,$/pkt @ 200 km/hr,,numeric,11,0 | 0.005166 | 0.00382 | 0.003219 | 0.002799,0,0.005166,xlsx,medium,Headers inferred from first row. Sampled first 12 non-empty rows from worksheet.
paper-1997-05,The Full Cost Of High-Speed Rail: An Engineering Approach,READY-TO-UPLOAD/PUBLIC,/Users/dlev2617/Documents/Code/Agents/github-packages/READY-TO-UPLOAD/PUBLIC/paper-1997-05-the-full-cost-of-high-speed-rail-an-engineering-approach,data/analysis_workbooks/modernized_xlsx/rail_noise_model.xlsx,B,$/pkt @ 320 km/hr,,numeric,11,0 | 0.0112 | 0.0074 | 0.0058 | 0.00488,0,0.0112,xlsx,medium,Headers inferred from first row. Sampled first 12 non-empty rows from worksheet.
paper-1997-05,The Full Cost Of High-Speed Rail: An Engineering Approach,READY-TO-UPLOAD/PUBLIC,/Users/dlev2617/Documents/Code/Agents/github-packages/READY-TO-UPLOAD/PUBLIC/paper-1997-05-the-full-cost-of-high-speed-rail-an-engineering-approach,data/analysis_workbooks/modernized_xlsx/rail_noise_model.xlsx,C,Distance Decay Model,,mixed_numeric_text,16,ref: Wayson and Bowlby fig 4 | Noise Level | 80 | 72 | 66,,,xlsx,medium,Some headers were missing; generated column_N names. Sampled first 21 non-empty rows from worksheet.
paper-1997-05,The Full Cost Of High-Speed Rail: An Engineering Approach,READY-TO-UPLOAD/PUBLIC,/Users/dlev2617/Documents/Code/Agents/github-packages/READY-TO-UPLOAD/PUBLIC/paper-1997-05-the-full-cost-of-high-speed-rail-an-engineering-approach,data/analysis_workbooks/modernized_xlsx/rail_noise_model.xlsx,C,column_2,,mixed_numeric_text,10,Distance | 25 | 100 | 200 | 400,,,xlsx,medium,Some headers were missing; generated column_N names. Sampled first 21 non-empty rows from worksheet.
paper-1997-05,The Full Cost Of High-Speed Rail: An Engineering Approach,READY-TO-UPLOAD/PUBLIC,/Users/dlev2617/Documents/Code/Agents/github-packages/READY-TO-UPLOAD/PUBLIC/paper-1997-05-the-full-cost-of-high-speed-rail-an-engineering-approach,data/analysis_workbooks/modernized_xlsx/rail_noise_model.xlsx,C,column_3,,mixed_numeric_text,11,3.218875824868201 | 4.605170185988092 | 5.298317366548036 | 5.991464547107982 | ln(Distance),,,xlsx,medium,Some headers were missing; generated column_N names. Sampled first 21 non-empty rows from worksheet.
paper-1997-05,The Full Cost Of High-Speed Rail: An Engineering Approach,READY-TO-UPLOAD/PUBLIC,/Users/dlev2617/Documents/Code/Agents/github-packages/READY-TO-UPLOAD/PUBLIC/paper-1997-05-the-full-cost-of-high-speed-rail-an-engineering-approach,data/analysis_workbooks/modernized_xlsx/rail_noise_model.xlsx,C,column_4,,numeric,12,625 | 10000 | 40000 | 160000 | 99.25722867734599,0.982304147465,160000,xlsx,medium,Some headers were missing; generated column_N names. Sampled first 21 non-empty rows from worksheet.
paper-1997-05,The Full Cost Of High-Speed Rail: An Engineering Approach,READY-TO-UPLOAD/PUBLIC,/Users/dlev2617/Documents/Code/Agents/github-packages/READY-TO-UPLOAD/PUBLIC/paper-1997-05-the-full-cost-of-high-speed-rail-an-engineering-approach,data/analysis_workbooks/modernized_xlsx/rail_noise_model.xlsx,C,column_5,,numeric,7,150 | 200,150,200,xlsx,medium,Some headers were missing; generated column_N names. Sampled first 21 non-empty rows from worksheet.
paper-1997-05,The Full Cost Of High-Speed Rail: An Engineering Approach,READY-TO-UPLOAD/PUBLIC,/Users/dlev2617/Documents/Code/Agents/github-packages/READY-TO-UPLOAD/PUBLIC/paper-1997-05-the-full-cost-of-high-speed-rail-an-engineering-approach,data/analysis_workbooks/modernized_xlsx/rail_noise_model.xlsx,D,DEP=DB(A),,mixed_numeric_text,12,Constant | Std Err of Y Est | R Squared | No. of Observations | Degrees of Freedom,,,xlsx,medium,Some headers were missing; generated column_N names. Sampled first 14 non-empty rows from worksheet.
paper-1997-05,The Full Cost Of High-Speed Rail: An Engineering Approach,READY-TO-UPLOAD/PUBLIC,/Users/dlev2617/Documents/Code/Agents/github-packages/READY-TO-UPLOAD/PUBLIC/paper-1997-05-the-full-cost-of-high-speed-rail-an-engineering-approach,data/analysis_workbooks/modernized_xlsx/rail_noise_model.xlsx,D,Regression Output:,,mixed_numeric_text,4,Maglev | 72 | 75 | 85,,,xlsx,medium,Some headers were missing; generated column_N names. Sampled first 14 non-empty rows from worksheet.
paper-1997-05,The Full Cost Of High-Speed Rail: An Engineering Approach,READY-TO-UPLOAD/PUBLIC,/Users/dlev2617/Documents/Code/Agents/github-packages/READY-TO-UPLOAD/PUBLIC/paper-1997-05-the-full-cost-of-high-speed-rail-an-engineering-approach,data/analysis_workbooks/modernized_xlsx/rail_noise_model.xlsx,D,column_3,,mixed_numeric_text,8,LOG(Speed) | 29.72914044716587 | 10.0279077042129 | ICE | 72,,,xlsx,medium,Some headers were missing; generated column_N names. Sampled first 14 non-empty rows from worksheet.
paper-1997-05,The Full Cost Of High-Speed Rail: An Engineering Approach,READY-TO-UPLOAD/PUBLIC,/Users/dlev2617/Documents/Code/Agents/github-packages/READY-TO-UPLOAD/PUBLIC/paper-1997-05-the-full-cost-of-high-speed-rail-an-engineering-approach,data/analysis_workbooks/modernized_xlsx/rail_noise_model.xlsx,D,column_4,,mixed_numeric_text,9,14.94513506341023 | 3.749900199019505 | 0.81462760214903 | 4 | 2,,,xlsx,medium,Some headers were missing; generated column_N names. Sampled first 14 non-empty rows from worksheet.
paper-1997-05,The Full Cost Of High-Speed Rail: An Engineering Approach,READY-TO-UPLOAD/PUBLIC,/Users/dlev2617/Documents/Code/Agents/github-packages/READY-TO-UPLOAD/PUBLIC/paper-1997-05-the-full-cost-of-high-speed-rail-an-engineering-approach,data/analysis_workbooks/modernized_xlsx/rail_noise_model.xlsx,D,column_5,,mixed_numeric_text,4,Amtrak | 79 | 82 | 89,,,xlsx,medium,Some headers were missing; generated column_N names. Sampled first 14 non-empty rows from worksheet.
paper-1997-05,The Full Cost Of High-Speed Rail: An Engineering Approach,READY-TO-UPLOAD/PUBLIC,/Users/dlev2617/Documents/Code/Agents/github-packages/READY-TO-UPLOAD/PUBLIC/paper-1997-05-the-full-cost-of-high-speed-rail-an-engineering-approach,data/analysis_workbooks/modernized_xlsx/rail_noise_model.xlsx,D,column_6,,numeric,4,76.66666666666667 | 77.25 | 81 | 92,76.6666666667,92,xlsx,medium,Some headers were missing; generated column_N names. Sampled first 14 non-empty rows from worksheet.
paper-1997-05,The Full Cost Of High-Speed Rail: An Engineering Approach,READY-TO-UPLOAD/PUBLIC,/Users/dlev2617/Documents/Code/Agents/github-packages/READY-TO-UPLOAD/PUBLIC/paper-1997-05-the-full-cost-of-high-speed-rail-an-engineering-approach,data/analysis_workbooks/modernized_xlsx/rail_noise_model.xlsx,D,column_7,,numeric,4,1.984977126415493 | 2.20682587603185 | 2.286007122079474 | 2.507855871695831,1.98497712642,2.5078558717,xlsx,medium,Some headers were missing; generated column_N names. Sampled first 14 non-empty rows from worksheet.
paper-1997-05,The Full Cost Of High-Speed Rail: An Engineering Approach,READY-TO-UPLOAD/PUBLIC,/Users/dlev2617/Documents/Code/Agents/github-packages/READY-TO-UPLOAD/PUBLIC/paper-1997-05-the-full-cost-of-high-speed-rail-an-engineering-approach,data/analysis_workbooks/modernized_xlsx/rail_noise_model.xlsx,D,column_8,,numeric,4,73.93352019706846 | 80.52686503566656 | 82.88013166820197 | 89.47347650680008,73.9335201971,89.4734765068,xlsx,medium,Some headers were missing; generated column_N names. Sampled first 14 non-empty rows from worksheet.
paper-1997-05,The Full Cost Of High-Speed Rail: An Engineering Approach,READY-TO-UPLOAD/PUBLIC,/Users/dlev2617/Documents/Code/Agents/github-packages/READY-TO-UPLOAD/PUBLIC/paper-1997-05-the-full-cost-of-high-speed-rail-an-engineering-approach,data/analysis_workbooks/modernized_xlsx/table7_intermodal_full_cost_comparison.xlsx,AverageCosts,Table 7.1 Intermodal Comparison of Long Run Average Costs,,text,12,Cost Category | Infrastructure: Construction and Maintenance | Carrier: Capital Cost | Carrier: Operating Cost | External: Accidents,,,xlsx,medium,Some headers were missing; generated column_N names. Sampled first 14 non-empty rows from worksheet.
paper-1997-05,The Full Cost Of High-Speed Rail: An Engineering Approach,READY-TO-UPLOAD/PUBLIC,/Users/dlev2617/Documents/Code/Agents/github-packages/READY-TO-UPLOAD/PUBLIC/paper-1997-05-the-full-cost-of-high-speed-rail-an-engineering-approach,data/analysis_workbooks/modernized_xlsx/table7_intermodal_full_cost_comparison.xlsx,AverageCosts,column_2,,mixed_numeric_text,12,Air System | 0.01822408674042142 | 0.0606 | 0.034 | 0.00042,,,xlsx,medium,Some headers were missing; generated column_N names. Sampled first 14 non-empty rows from worksheet.
paper-1997-05,The Full Cost Of High-Speed Rail: An Engineering Approach,READY-TO-UPLOAD/PUBLIC,/Users/dlev2617/Documents/Code/Agents/github-packages/READY-TO-UPLOAD/PUBLIC/paper-1997-05-the-full-cost-of-high-speed-rail-an-engineering-approach,data/analysis_workbooks/modernized_xlsx/table7_intermodal_full_cost_comparison.xlsx,AverageCosts,column_3,,mixed_numeric_text,12,High Speed Rail | 0.129 | 0.01 | 0.05 | 0,,,xlsx,medium,Some headers were missing; generated column_N names. Sampled first 14 non-empty rows from worksheet.
paper-1997-05,The Full Cost Of High-Speed Rail: An Engineering Approach,READY-TO-UPLOAD/PUBLIC,/Users/dlev2617/Documents/Code/Agents/github-packages/READY-TO-UPLOAD/PUBLIC/paper-1997-05-the-full-cost-of-high-speed-rail-an-engineering-approach,data/analysis_workbooks/modernized_xlsx/table7_intermodal_full_cost_comparison.xlsx,AverageCosts,column_4,,mixed_numeric_text,12,Highways | 0.012 | 0 | 0.02 | 0.0046,,,xlsx,medium,Some headers were missing; generated column_N names. Sampled first 14 non-empty rows from worksheet.
paper-1997-05,The Full Cost Of High-Speed Rail: An Engineering Approach,READY-TO-UPLOAD/PUBLIC,/Users/dlev2617/Documents/Code/Agents/github-packages/READY-TO-UPLOAD/PUBLIC/paper-1997-05-the-full-cost-of-high-speed-rail-an-engineering-approach,data/analysis_workbooks/modernized_xlsx/table7_intermodal_full_cost_comparison.xlsx,Air-Noise,Table 3.x Noise Costs Generated by Air Travel,,text,12,Country | Canada | Germany | Italy | Holland,,,xlsx,medium,Some headers were missing; generated column_N names. Sampled first 13 non-empty rows from worksheet.
paper-1997-05,The Full Cost Of High-Speed Rail: An Engineering Approach,READY-TO-UPLOAD/PUBLIC,/Users/dlev2617/Documents/Code/Agents/github-packages/READY-TO-UPLOAD/PUBLIC/paper-1997-05-the-full-cost-of-high-speed-rail-an-engineering-approach,data/analysis_workbooks/modernized_xlsx/table7_intermodal_full_cost_comparison.xlsx,Air-Noise,column_2,,mixed_numeric_text,10,Average Cost/pkt | 0.003869 | 0.004940000000000001 | 0.00793 | 0.009880000000000002,,,xlsx,medium,Some headers were missing; generated column_N names. Sampled first 13 non-empty rows from worksheet.
paper-1997-05,The Full Cost Of High-Speed Rail: An Engineering Approach,READY-TO-UPLOAD/PUBLIC,/Users/dlev2617/Documents/Code/Agents/github-packages/READY-TO-UPLOAD/PUBLIC/paper-1997-05-the-full-cost-of-high-speed-rail-an-engineering-approach,data/analysis_workbooks/modernized_xlsx/table7_intermodal_full_cost_comparison.xlsx,AIR,Table 7.4 Air System Long Run Full Costs,,text,37,Cost Category | Infrastructure: Airways (ARTCC) | Infrastructure: Airways (TRACON) | Infrastructure: Airways (ACTC) | Infrastructure: Airways (FSS),,,xlsx,medium,Some headers were missing; generated column_N names. Sampled first 50 non-empty rows from worksheet.
paper-1997-05,The Full Cost Of High-Speed Rail: An Engineering Approach,READY-TO-UPLOAD/PUBLIC,/Users/dlev2617/Documents/Code/Agents/github-packages/READY-TO-UPLOAD/PUBLIC/paper-1997-05-the-full-cost-of-high-speed-rail-an-engineering-approach,data/analysis_workbooks/modernized_xlsx/table7_intermodal_full_cost_comparison.xlsx,AIR,column_2,,mixed_numeric_text,38,HSR pkt/year ('000) | percent diverted from Air | Air Diverted pkt/year ('000) | Air Distance (km) | Average Cost,,,xlsx,medium,Some headers were missing; generated column_N names. Sampled first 50 non-empty rows from worksheet.
paper-1997-05,The Full Cost Of High-Speed Rail: An Engineering Approach,READY-TO-UPLOAD/PUBLIC,/Users/dlev2617/Documents/Code/Agents/github-packages/READY-TO-UPLOAD/PUBLIC/paper-1997-05-the-full-cost-of-high-speed-rail-an-engineering-approach,data/analysis_workbooks/modernized_xlsx/table7_intermodal_full_cost_comparison.xlsx,AIR,column_3,,mixed_numeric_text,44,San Francisco | Los Angeles | 5177696 | 0.5 | 2588848,,,xlsx,medium,Some headers were missing; generated column_N names. Sampled first 50 non-empty rows from worksheet.
paper-1997-05,The Full Cost Of High-Speed Rail: An Engineering Approach,READY-TO-UPLOAD/PUBLIC,/Users/dlev2617/Documents/Code/Agents/github-packages/READY-TO-UPLOAD/PUBLIC/paper-1997-05-the-full-cost-of-high-speed-rail-an-engineering-approach,data/analysis_workbooks/modernized_xlsx/table7_intermodal_full_cost_comparison.xlsx,AIR,column_4,,mixed_numeric_text,44,Fresno | San Francisco | 94866 | 0.14 | 13281.24,,,xlsx,medium,Some headers were missing; generated column_N names. Sampled first 50 non-empty rows from worksheet.
paper-1997-05,The Full Cost Of High-Speed Rail: An Engineering Approach,READY-TO-UPLOAD/PUBLIC,/Users/dlev2617/Documents/Code/Agents/github-packages/READY-TO-UPLOAD/PUBLIC/paper-1997-05-the-full-cost-of-high-speed-rail-an-engineering-approach,data/analysis_workbooks/modernized_xlsx/table7_intermodal_full_cost_comparison.xlsx,AIR,column_5,,mixed_numeric_text,44,Fresno | Los Angeles | 245110 | 0.28 | 68630.8,,,xlsx,medium,Some headers were missing; generated column_N names. Sampled first 50 non-empty rows from worksheet.
paper-1997-05,The Full Cost Of High-Speed Rail: An Engineering Approach,READY-TO-UPLOAD/PUBLIC,/Users/dlev2617/Documents/Code/Agents/github-packages/READY-TO-UPLOAD/PUBLIC/paper-1997-05-the-full-cost-of-high-speed-rail-an-engineering-approach,data/analysis_workbooks/modernized_xlsx/table7_intermodal_full_cost_comparison.xlsx,AIR,column_6,,mixed_numeric_text,44,Bakersfield | San Francisco | 55902 | 0.28 | 15652.56,,,xlsx,medium,Some headers were missing; generated column_N names. Sampled first 50 non-empty rows from worksheet.
paper-1997-05,The Full Cost Of High-Speed Rail: An Engineering Approach,READY-TO-UPLOAD/PUBLIC,/Users/dlev2617/Documents/Code/Agents/github-packages/READY-TO-UPLOAD/PUBLIC/paper-1997-05-the-full-cost-of-high-speed-rail-an-engineering-approach,data/analysis_workbooks/modernized_xlsx/table7_intermodal_full_cost_comparison.xlsx,AIR,column_7,,mixed_numeric_text,44,Bakersfield | Los Angeles | 79765 | 0.14 | 11167.1,,,xlsx,medium,Some headers were missing; generated column_N names. Sampled first 50 non-empty rows from worksheet.
paper-1997-05,The Full Cost Of High-Speed Rail: An Engineering Approach,READY-TO-UPLOAD/PUBLIC,/Users/dlev2617/Documents/Code/Agents/github-packages/READY-TO-UPLOAD/PUBLIC/paper-1997-05-the-full-cost-of-high-speed-rail-an-engineering-approach,data/analysis_workbooks/modernized_xlsx/table7_intermodal_full_cost_comparison.xlsx,AIR,column_8,,mixed_numeric_text,22,TOTAL | 5653339 | 0.4771657422277348 | 2697579.7 | 9167.536422,,,xlsx,medium,Some headers were missing; generated column_N names. Sampled first 50 non-empty rows from worksheet.
paper-1997-05,The Full Cost Of High-Speed Rail: An Engineering Approach,READY-TO-UPLOAD/PUBLIC,/Users/dlev2617/Documents/Code/Agents/github-packages/READY-TO-UPLOAD/PUBLIC/paper-1997-05-the-full-cost-of-high-speed-rail-an-engineering-approach,data/analysis_workbooks/modernized_xlsx/table7_intermodal_full_cost_comparison.xlsx,HIGHWAY,Table 7.3 Highway Long Run Full Costs,,text,15,Cost Category | Infrastructure: Construction and Maintenance | (roadbed) | External: Accidents | External: Congestion,,,xlsx,medium,Some headers were missing; generated column_N names. Sampled first 22 non-empty rows from worksheet.
paper-1997-05,The Full Cost Of High-Speed Rail: An Engineering Approach,READY-TO-UPLOAD/PUBLIC,/Users/dlev2617/Documents/Code/Agents/github-packages/READY-TO-UPLOAD/PUBLIC/paper-1997-05-the-full-cost-of-high-speed-rail-an-engineering-approach,data/analysis_workbooks/modernized_xlsx/table7_intermodal_full_cost_comparison.xlsx,HIGHWAY,column_2,,mixed_numeric_text,13,HSR pkt/year ('000) | percent diverted from Highway | Highway Diverted pkt/year ('000) | Distance (km) | Average Cost,,,xlsx,medium,Some headers were missing; generated column_N names. Sampled first 22 non-empty rows from worksheet.
paper-1997-05,The Full Cost Of High-Speed Rail: An Engineering Approach,READY-TO-UPLOAD/PUBLIC,/Users/dlev2617/Documents/Code/Agents/github-packages/READY-TO-UPLOAD/PUBLIC/paper-1997-05-the-full-cost-of-high-speed-rail-an-engineering-approach,data/analysis_workbooks/modernized_xlsx/table7_intermodal_full_cost_comparison.xlsx,HIGHWAY,column_3,,mixed_numeric_text,18,San Francisco | Los Angeles | 5177696 | 0.5 | 2588848,,,xlsx,medium,Some headers were missing; generated column_N names. Sampled first 22 non-empty rows from worksheet.
paper-1997-05,The Full Cost Of High-Speed Rail: An Engineering Approach,READY-TO-UPLOAD/PUBLIC,/Users/dlev2617/Documents/Code/Agents/github-packages/READY-TO-UPLOAD/PUBLIC/paper-1997-05-the-full-cost-of-high-speed-rail-an-engineering-approach,data/analysis_workbooks/modernized_xlsx/table7_intermodal_full_cost_comparison.xlsx,HIGHWAY,column_4,,mixed_numeric_text,18,Fresno | San Francisco | 94866 | 0.86 | 81584.76,,,xlsx,medium,Some headers were missing; generated column_N names. Sampled first 22 non-empty rows from worksheet.
paper-1997-05,The Full Cost Of High-Speed Rail: An Engineering Approach,READY-TO-UPLOAD/PUBLIC,/Users/dlev2617/Documents/Code/Agents/github-packages/READY-TO-UPLOAD/PUBLIC/paper-1997-05-the-full-cost-of-high-speed-rail-an-engineering-approach,data/analysis_workbooks/modernized_xlsx/table7_intermodal_full_cost_comparison.xlsx,HIGHWAY,column_5,,mixed_numeric_text,18,Fresno | Los Angeles | 245110 | 0.72 | 176479.2,,,xlsx,medium,Some headers were missing; generated column_N names. Sampled first 22 non-empty rows from worksheet.
paper-1997-05,The Full Cost Of High-Speed Rail: An Engineering Approach,READY-TO-UPLOAD/PUBLIC,/Users/dlev2617/Documents/Code/Agents/github-packages/READY-TO-UPLOAD/PUBLIC/paper-1997-05-the-full-cost-of-high-speed-rail-an-engineering-approach,data/analysis_workbooks/modernized_xlsx/table7_intermodal_full_cost_comparison.xlsx,HIGHWAY,column_6,,mixed_numeric_text,18,Bakersfield | San Francisco | 55902 | 0.72 | 40249.44,,,xlsx,medium,Some headers were missing; generated column_N names. Sampled first 22 non-empty rows from worksheet.
paper-1997-05,The Full Cost Of High-Speed Rail: An Engineering Approach,READY-TO-UPLOAD/PUBLIC,/Users/dlev2617/Documents/Code/Agents/github-packages/READY-TO-UPLOAD/PUBLIC/paper-1997-05-the-full-cost-of-high-speed-rail-an-engineering-approach,data/analysis_workbooks/modernized_xlsx/table7_intermodal_full_cost_comparison.xlsx,HIGHWAY,column_7,,mixed_numeric_text,18,Bakersfield | Los Angeles | 79765 | 0.86 | 68597.9,,,xlsx,medium,Some headers were missing; generated column_N names. Sampled first 22 non-empty rows from worksheet.
paper-1997-05,The Full Cost Of High-Speed Rail: An Engineering Approach,READY-TO-UPLOAD/PUBLIC,/Users/dlev2617/Documents/Code/Agents/github-packages/READY-TO-UPLOAD/PUBLIC/paper-1997-05-the-full-cost-of-high-speed-rail-an-engineering-approach,data/analysis_workbooks/modernized_xlsx/table7_intermodal_full_cost_comparison.xlsx,HIGHWAY,column_8,,mixed_numeric_text,16,TOTAL | 5653339 | 0.5228342577722652 | 2955759.3 | 35469.1116,,,xlsx,medium,Some headers were missing; generated column_N names. Sampled first 22 non-empty rows from worksheet.
paper-1997-05,The Full Cost Of High-Speed Rail: An Engineering Approach,READY-TO-UPLOAD/PUBLIC,/Users/dlev2617/Documents/Code/Agents/github-packages/READY-TO-UPLOAD/PUBLIC/paper-1997-05-the-full-cost-of-high-speed-rail-an-engineering-approach,data/analysis_workbooks/modernized_xlsx/table7_intermodal_full_cost_comparison.xlsx,HSR,Table 7.5 High Speed Rail Long Run Full Costs,,text,16,Cost Category | Infrastructure: Construction and Maintenance | (track and signalling) | Carrier: Capital Cost (Trains) | Carrier: Operating Cost (Railroad operations),,,xlsx,medium,Some headers were missing; generated column_N names. Sampled first 21 non-empty rows from worksheet.
paper-1997-05,The Full Cost Of High-Speed Rail: An Engineering Approach,READY-TO-UPLOAD/PUBLIC,/Users/dlev2617/Documents/Code/Agents/github-packages/READY-TO-UPLOAD/PUBLIC/paper-1997-05-the-full-cost-of-high-speed-rail-an-engineering-approach,data/analysis_workbooks/modernized_xlsx/table7_intermodal_full_cost_comparison.xlsx,HSR,column_2,,mixed_numeric_text,12,pkt/year ('000) | Distance (km) | Average Cost | 0.129 | 0.01,,,xlsx,medium,Some headers were missing; generated column_N names. Sampled first 21 non-empty rows from worksheet.
paper-1997-05,The Full Cost Of High-Speed Rail: An Engineering Approach,READY-TO-UPLOAD/PUBLIC,/Users/dlev2617/Documents/Code/Agents/github-packages/READY-TO-UPLOAD/PUBLIC/paper-1997-05-the-full-cost-of-high-speed-rail-an-engineering-approach,data/analysis_workbooks/modernized_xlsx/table7_intermodal_full_cost_comparison.xlsx,HSR,column_3,,mixed_numeric_text,17,San Francisco | Los Angeles | 5177696 | 677 | 667922.784,,,xlsx,medium,Some headers were missing; generated column_N names. Sampled first 21 non-empty rows from worksheet.
paper-1997-05,The Full Cost Of High-Speed Rail: An Engineering Approach,READY-TO-UPLOAD/PUBLIC,/Users/dlev2617/Documents/Code/Agents/github-packages/READY-TO-UPLOAD/PUBLIC/paper-1997-05-the-full-cost-of-high-speed-rail-an-engineering-approach,data/analysis_workbooks/modernized_xlsx/table7_intermodal_full_cost_comparison.xlsx,HSR,column_4,,mixed_numeric_text,17,Fresno | San Francisco | 94866 | 291 | 12237.714,,,xlsx,medium,Some headers were missing; generated column_N names. Sampled first 21 non-empty rows from worksheet.
paper-1997-05,The Full Cost Of High-Speed Rail: An Engineering Approach,READY-TO-UPLOAD/PUBLIC,/Users/dlev2617/Documents/Code/Agents/github-packages/READY-TO-UPLOAD/PUBLIC/paper-1997-05-the-full-cost-of-high-speed-rail-an-engineering-approach,data/analysis_workbooks/modernized_xlsx/table7_intermodal_full_cost_comparison.xlsx,HSR,column_5,,mixed_numeric_text,17,Fresno | Los Angeles | 245110 | 386 | 31619.19,,,xlsx,medium,Some headers were missing; generated column_N names. Sampled first 21 non-empty rows from worksheet.
paper-1997-05,The Full Cost Of High-Speed Rail: An Engineering Approach,READY-TO-UPLOAD/PUBLIC,/Users/dlev2617/Documents/Code/Agents/github-packages/READY-TO-UPLOAD/PUBLIC/paper-1997-05-the-full-cost-of-high-speed-rail-an-engineering-approach,data/analysis_workbooks/modernized_xlsx/table7_intermodal_full_cost_comparison.xlsx,HSR,column_6,,mixed_numeric_text,17,Bakersfield | San Francisco | 55902 | 462 | 7211.358,,,xlsx,medium,Some headers were missing; generated column_N names. Sampled first 21 non-empty rows from worksheet.
paper-1997-05,The Full Cost Of High-Speed Rail: An Engineering Approach,READY-TO-UPLOAD/PUBLIC,/Users/dlev2617/Documents/Code/Agents/github-packages/READY-TO-UPLOAD/PUBLIC/paper-1997-05-the-full-cost-of-high-speed-rail-an-engineering-approach,data/analysis_workbooks/modernized_xlsx/table7_intermodal_full_cost_comparison.xlsx,HSR,column_7,,mixed_numeric_text,17,Bakersfield | Los Angeles | 79765 | 215 | 10289.685,,,xlsx,medium,Some headers were missing; generated column_N names. Sampled first 21 non-empty rows from worksheet.
paper-1997-05,The Full Cost Of High-Speed Rail: An Engineering Approach,READY-TO-UPLOAD/PUBLIC,/Users/dlev2617/Documents/Code/Agents/github-packages/READY-TO-UPLOAD/PUBLIC/paper-1997-05-the-full-cost-of-high-speed-rail-an-engineering-approach,data/analysis_workbooks/modernized_xlsx/table7_intermodal_full_cost_comparison.xlsx,HSR,column_8,,mixed_numeric_text,15,TOTAL | 5653339 | 729280.731 | 56533.39 | 282666.95,,,xlsx,medium,Some headers were missing; generated column_N names. Sampled first 21 non-empty rows from worksheet.
paper-1997-05,The Full Cost Of High-Speed Rail: An Engineering Approach,READY-TO-UPLOAD/PUBLIC,/Users/dlev2617/Documents/Code/Agents/github-packages/READY-TO-UPLOAD/PUBLIC/paper-1997-05-the-full-cost-of-high-speed-rail-an-engineering-approach,data/analysis_workbooks/modernized_xlsx/table7_intermodal_full_cost_comparison.xlsx,Comparison,Table 7.6 Comparison of Total Annual Costs Between Modes,,text,8,Mode | High Speed Rail | Highway | Air | Highway + Air,,,xlsx,medium,Some headers were missing; generated column_N names. Sampled first 10 non-empty rows from worksheet.
paper-1997-05,The Full Cost Of High-Speed Rail: An Engineering Approach,READY-TO-UPLOAD/PUBLIC,/Users/dlev2617/Documents/Code/Agents/github-packages/READY-TO-UPLOAD/PUBLIC/paper-1997-05-the-full-cost-of-high-speed-rail-an-engineering-approach,data/analysis_workbooks/modernized_xlsx/table7_intermodal_full_cost_comparison.xlsx,Comparison,column_2,,mixed_numeric_text,7,San Francisco | Los Angeles | 1216758.56 | 595952.8096 | 339190.86496,,,xlsx,medium,Some headers were missing; generated column_N names. Sampled first 10 non-empty rows from worksheet.
paper-1997-05,The Full Cost Of High-Speed Rail: An Engineering Approach,READY-TO-UPLOAD/PUBLIC,/Users/dlev2617/Documents/Code/Agents/github-packages/READY-TO-UPLOAD/PUBLIC/paper-1997-05-the-full-cost-of-high-speed-rail-an-engineering-approach,data/analysis_workbooks/modernized_xlsx/table7_intermodal_full_cost_comparison.xlsx,Comparison,column_3,,mixed_numeric_text,7,Fresno | San Francisco | 22293.51 | 18780.811752 | 2096.0452968,,,xlsx,medium,Some headers were missing; generated column_N names. Sampled first 10 non-empty rows from worksheet.
paper-1997-05,The Full Cost Of High-Speed Rail: An Engineering Approach,READY-TO-UPLOAD/PUBLIC,/Users/dlev2617/Documents/Code/Agents/github-packages/READY-TO-UPLOAD/PUBLIC/paper-1997-05-the-full-cost-of-high-speed-rail-an-engineering-approach,data/analysis_workbooks/modernized_xlsx/table7_intermodal_full_cost_comparison.xlsx,Comparison,column_4,,mixed_numeric_text,7,Fresno | Los Angeles | 57600.85 | 40625.51183999999 | 9609.684616000002,,,xlsx,medium,Some headers were missing; generated column_N names. Sampled first 10 non-empty rows from worksheet.
paper-1997-05,The Full Cost Of High-Speed Rail: An Engineering Approach,READY-TO-UPLOAD/PUBLIC,/Users/dlev2617/Documents/Code/Agents/github-packages/READY-TO-UPLOAD/PUBLIC/paper-1997-05-the-full-cost-of-high-speed-rail-an-engineering-approach,data/analysis_workbooks/modernized_xlsx/table7_intermodal_full_cost_comparison.xlsx,Comparison,column_5,,mixed_numeric_text,7,Bakersfield | San Francisco | 13136.97 | 9265.421088 | 2191.6714512,,,xlsx,medium,Some headers were missing; generated column_N names. Sampled first 10 non-empty rows from worksheet.
paper-1997-05,The Full Cost Of High-Speed Rail: An Engineering Approach,READY-TO-UPLOAD/PUBLIC,/Users/dlev2617/Documents/Code/Agents/github-packages/READY-TO-UPLOAD/PUBLIC/paper-1997-05-the-full-cost-of-high-speed-rail-an-engineering-approach,data/analysis_workbooks/modernized_xlsx/table7_intermodal_full_cost_comparison.xlsx,Comparison,column_6,,mixed_numeric_text,7,Bakersfield | Los Angeles | 18744.775 | 15791.23658 | 1762.391722,,,xlsx,medium,Some headers were missing; generated column_N names. Sampled first 10 non-empty rows from worksheet.
paper-1997-05,The Full Cost Of High-Speed Rail: An Engineering Approach,READY-TO-UPLOAD/PUBLIC,/Users/dlev2617/Documents/Code/Agents/github-packages/READY-TO-UPLOAD/PUBLIC/paper-1997-05-the-full-cost-of-high-speed-rail-an-engineering-approach,data/analysis_workbooks/modernized_xlsx/table7_intermodal_full_cost_comparison.xlsx,Comparison,column_7,,mixed_numeric_text,6,TOTAL | 1328534.665 | 680415.7908599998 | 354850.6580460001 | 1035266.448906,,,xlsx,medium,Some headers were missing; generated column_N names. Sampled first 10 non-empty rows from worksheet.
paper-1997-05,The Full Cost Of High-Speed Rail: An Engineering Approach,READY-TO-UPLOAD/PUBLIC,/Users/dlev2617/Documents/Code/Agents/github-packages/READY-TO-UPLOAD/PUBLIC/paper-1997-05-the-full-cost-of-high-speed-rail-an-engineering-approach,data/analysis_workbooks/original_legacy/air_noise_model.xls,A,The Cost of Noise: Model and Calculations,,mixed_numeric_text,112,Interest | Years | dayflight | nightflight | Speed (km/hr),,,xls,medium,Some headers were missing; generated column_N names. Sampled first 113 non-empty rows from worksheet.
paper-1997-05,The Full Cost Of High-Speed Rail: An Engineering Approach,READY-TO-UPLOAD/PUBLIC,/Users/dlev2617/Documents/Code/Agents/github-packages/READY-TO-UPLOAD/PUBLIC/paper-1997-05-the-full-cost-of-high-speed-rail-an-engineering-approach,data/analysis_workbooks/original_legacy/air_noise_model.xls,A,column_2,,mixed_numeric_text,111,0.075 | 30.0 | 500.0 | 50.0 | 100.0,,,xls,medium,Some headers were missing; generated column_N names. Sampled first 113 non-empty rows from worksheet.
paper-1997-05,The Full Cost Of High-Speed Rail: An Engineering Approach,READY-TO-UPLOAD/PUBLIC,/Users/dlev2617/Documents/Code/Agents/github-packages/READY-TO-UPLOAD/PUBLIC/paper-1997-05-the-full-cost-of-high-speed-rail-an-engineering-approach,data/analysis_workbooks/original_legacy/air_noise_model.xls,A,column_3,,mixed_numeric_text,101,"NEF (i,j) | 40.249930200258945 | 37.84258926249166 | 36.30281981484055 | 35.168375315662644",,,xls,medium,Some headers were missing; generated column_N names. Sampled first 113 non-empty rows from worksheet.
paper-1997-05,The Full Cost Of High-Speed Rail: An Engineering Approach,READY-TO-UPLOAD/PUBLIC,/Users/dlev2617/Documents/Code/Agents/github-packages/READY-TO-UPLOAD/PUBLIC/paper-1997-05-the-full-cost-of-high-speed-rail-an-engineering-approach,data/analysis_workbooks/original_legacy/air_noise_model.xls,A,column_4,,mixed_numeric_text,101,NEF | 40.24993020025895 | 41.82198934921204 | 36.760394720447295 | 33.12717548910341,,,xls,medium,Some headers were missing; generated column_N names. Sampled first 113 non-empty rows from worksheet.
paper-1997-05,The Full Cost Of High-Speed Rail: An Engineering Approach,READY-TO-UPLOAD/PUBLIC,/Users/dlev2617/Documents/Code/Agents/github-packages/READY-TO-UPLOAD/PUBLIC/paper-1997-05-the-full-cost-of-high-speed-rail-an-engineering-approach,data/analysis_workbooks/original_legacy/air_noise_model.xls,A,column_5,,mixed_numeric_text,101,Houses/Band | 36.0 | 72.0 | 108.0 | 144.0,,,xls,medium,Some headers were missing; generated column_N names. Sampled first 113 non-empty rows from worksheet.
paper-1997-05,The Full Cost Of High-Speed Rail: An Engineering Approach,READY-TO-UPLOAD/PUBLIC,/Users/dlev2617/Documents/Code/Agents/github-packages/READY-TO-UPLOAD/PUBLIC/paper-1997-05-the-full-cost-of-high-speed-rail-an-engineering-approach,data/analysis_workbooks/original_legacy/air_noise_model.xls,A,column_6,,mixed_numeric_text,106,Total Houses | Total Depreciation | Annual Cost | Cost/Flight | Cost/Pax,,,xls,medium,Some headers were missing; generated column_N names. Sampled first 113 non-empty rows from worksheet.
paper-1997-05,The Full Cost Of High-Speed Rail: An Engineering Approach,READY-TO-UPLOAD/PUBLIC,/Users/dlev2617/Documents/Code/Agents/github-packages/READY-TO-UPLOAD/PUBLIC/paper-1997-05-the-full-cost-of-high-speed-rail-an-engineering-approach,data/analysis_workbooks/original_legacy/air_noise_model.xls,A,column_7,,mixed_numeric_text,106,181800.0 | 21362344.275737476 | 1808776.0887204586 | 9.01009259636592 | 0.0901009259636592,,,xls,medium,Some headers were missing; generated column_N names. Sampled first 113 non-empty rows from worksheet.
paper-1997-05,The Full Cost Of High-Speed Rail: An Engineering Approach,READY-TO-UPLOAD/PUBLIC,/Users/dlev2617/Documents/Code/Agents/github-packages/READY-TO-UPLOAD/PUBLIC/paper-1997-05-the-full-cost-of-high-speed-rail-an-engineering-approach,data/analysis_workbooks/original_legacy/air_noise_model.xls,B,FLOW,,numeric,17,1.0 | 500.0 | 1000.0 | 1500.0 | 2000.0,1,10000,xls,medium,Some headers were missing; generated column_N names. Sampled first 28 non-empty rows from worksheet.
paper-1997-05,The Full Cost Of High-Speed Rail: An Engineering Approach,READY-TO-UPLOAD/PUBLIC,/Users/dlev2617/Documents/Code/Agents/github-packages/READY-TO-UPLOAD/PUBLIC/paper-1997-05-the-full-cost-of-high-speed-rail-an-engineering-approach,data/analysis_workbooks/original_legacy/air_noise_model.xls,B,$/VKT,,mixed_numeric_text,24,0.0 | 0.00048 | 0.00125 | 0.002 | 0.0028,,,xls,medium,Some headers were missing; generated column_N names. Sampled first 28 non-empty rows from worksheet.
paper-1997-05,The Full Cost Of High-Speed Rail: An Engineering Approach,READY-TO-UPLOAD/PUBLIC,/Users/dlev2617/Documents/Code/Agents/github-packages/READY-TO-UPLOAD/PUBLIC/paper-1997-05-the-full-cost-of-high-speed-rail-an-engineering-approach,data/analysis_workbooks/original_legacy/air_noise_model.xls,B,@LN(flow),,mixed_numeric_text,18,0.0 | -0.6931471805599453 | 0.4054651081081644 | 0.6931471805599453 | 0.9162907318741551,,,xls,medium,Some headers were missing; generated column_N names. Sampled first 28 non-empty rows from worksheet.
paper-1997-05,The Full Cost Of High-Speed Rail: An Engineering Approach,READY-TO-UPLOAD/PUBLIC,/Users/dlev2617/Documents/Code/Agents/github-packages/READY-TO-UPLOAD/PUBLIC/paper-1997-05-the-full-cost-of-high-speed-rail-an-engineering-approach,data/analysis_workbooks/original_legacy/air_noise_model.xls,B,FLOW2,,mixed_numeric_text,5,F | b1 | 0.0028033332650377945 | 0.00023096355469959598 | 12.137556804942518,,,xls,medium,Some headers were missing; generated column_N names. Sampled first 28 non-empty rows from worksheet.
paper-1997-05,The Full Cost Of High-Speed Rail: An Engineering Approach,READY-TO-UPLOAD/PUBLIC,/Users/dlev2617/Documents/Code/Agents/github-packages/READY-TO-UPLOAD/PUBLIC/paper-1997-05-the-full-cost-of-high-speed-rail-an-engineering-approach,data/analysis_workbooks/original_legacy/air_noise_model.xls,B,column_5,,numeric,5,0.0005422237555143505 | 0.0005799671576570951 | 0.9189123198955557 | 15.0 | 13.0,0.000542223755514,15,xls,medium,Some headers were missing; generated column_N names. Sampled first 28 non-empty rows from worksheet.
paper-1997-05,The Full Cost Of High-Speed Rail: An Engineering Approach,READY-TO-UPLOAD/PUBLIC,/Users/dlev2617/Documents/Code/Agents/github-packages/READY-TO-UPLOAD/PUBLIC/paper-1997-05-the-full-cost-of-high-speed-rail-an-engineering-approach,data/analysis_workbooks/original_legacy/air_noise_model.xls,B,column_6,,empty,0,,,,xls,medium,Some headers were missing; generated column_N names. Sampled first 28 non-empty rows from worksheet.
paper-1997-05,The Full Cost Of High-Speed Rail: An Engineering Approach,READY-TO-UPLOAD/PUBLIC,/Users/dlev2617/Documents/Code/Agents/github-packages/READY-TO-UPLOAD/PUBLIC/paper-1997-05-the-full-cost-of-high-speed-rail-an-engineering-approach,data/analysis_workbooks/original_legacy/air_noise_model.xls,B,column_7,,text,1,"assumptions: Interest = 0.07, Years=30, Home Value = $250K, Density = 360 HH/SQKM, Cost/dB(A) = 0.0062, Max distance=500",,,xls,medium,Some headers were missing; generated column_N names. Sampled first 28 non-empty rows from worksheet.
paper-1997-05,The Full Cost Of High-Speed Rail: An Engineering Approach,READY-TO-UPLOAD/PUBLIC,/Users/dlev2617/Documents/Code/Agents/github-packages/READY-TO-UPLOAD/PUBLIC/paper-1997-05-the-full-cost-of-high-speed-rail-an-engineering-approach,data/analysis_workbooks/original_legacy/ars_hsr_interest_rate_capital_cost.xls,Sheet1,column_1,,mixed_numeric_text,27,Total Cost | Number of Years | Annual Cost at | 0.01 | 0.02,,,xls,medium,Some headers were missing; generated column_N names. Sampled first 30 non-empty rows from worksheet.
paper-1997-05,The Full Cost Of High-Speed Rail: An Engineering Approach,READY-TO-UPLOAD/PUBLIC,/Users/dlev2617/Documents/Code/Agents/github-packages/READY-TO-UPLOAD/PUBLIC/paper-1997-05-the-full-cost-of-high-speed-rail-an-engineering-approach,data/analysis_workbooks/original_legacy/ars_hsr_interest_rate_capital_cost.xls,Sheet1,Infrastructure,,mixed_numeric_text,27,9597000000.0 | 1000.0 | 95974579.12431124 | 191940000.48194084 | 287910000.0000419,,,xls,medium,Some headers were missing; generated column_N names. Sampled first 30 non-empty rows from worksheet.
paper-1997-05,The Full Cost Of High-Speed Rail: An Engineering Approach,READY-TO-UPLOAD/PUBLIC,/Users/dlev2617/Documents/Code/Agents/github-packages/READY-TO-UPLOAD/PUBLIC/paper-1997-05-the-full-cost-of-high-speed-rail-an-engineering-approach,data/analysis_workbooks/original_legacy/ars_hsr_interest_rate_capital_cost.xls,Sheet1,Rolling Stock+Sales Tax,,mixed_numeric_text,26,787140900.0 | 15.0 | 56771577.246150404 | 61259612.26998223 | 65936101.53500784,,,xls,medium,Some headers were missing; generated column_N names. Sampled first 30 non-empty rows from worksheet.
paper-1997-05,The Full Cost Of High-Speed Rail: An Engineering Approach,READY-TO-UPLOAD/PUBLIC,/Users/dlev2617/Documents/Code/Agents/github-packages/READY-TO-UPLOAD/PUBLIC/paper-1997-05-the-full-cost-of-high-speed-rail-an-engineering-approach,data/analysis_workbooks/original_legacy/ars_hsr_interest_rate_capital_cost.xls,Sheet1,Noise,,mixed_numeric_text,14,14133347.5 | 30.0 | Noise | 0.0011 | 0.0013,,,xls,medium,Some headers were missing; generated column_N names. Sampled first 30 non-empty rows from worksheet.
paper-1997-05,The Full Cost Of High-Speed Rail: An Engineering Approach,READY-TO-UPLOAD/PUBLIC,/Users/dlev2617/Documents/Code/Agents/github-packages/READY-TO-UPLOAD/PUBLIC/paper-1997-05-the-full-cost-of-high-speed-rail-an-engineering-approach,data/analysis_workbooks/original_legacy/ars_hsr_interest_rate_capital_cost.xls,Sheet1,column_5,,mixed_numeric_text,2,A=P*i(1+i)^n/((1+i)^n-1) | 2123167.073896096,,,xls,medium,Some headers were missing; generated column_N names. Sampled first 30 non-empty rows from worksheet.
paper-1997-05,The Full Cost Of High-Speed Rail: An Engineering Approach,READY-TO-UPLOAD/PUBLIC,/Users/dlev2617/Documents/Code/Agents/github-packages/READY-TO-UPLOAD/PUBLIC/paper-1997-05-the-full-cost-of-high-speed-rail-an-engineering-approach,data/analysis_workbooks/original_legacy/car_hsr_comparison_work_sheet.xls,Sheet1,Distances (miles):,,text,115,SAC | SFO | SJ | FRESNO | LAX,,,xls,medium,Some headers were missing; generated column_N names. Sampled first 134 non-empty rows from worksheet.
paper-1997-05,The Full Cost Of High-Speed Rail: An Engineering Approach,READY-TO-UPLOAD/PUBLIC,/Users/dlev2617/Documents/Code/Agents/github-packages/READY-TO-UPLOAD/PUBLIC/paper-1997-05-the-full-cost-of-high-speed-rail-an-engineering-approach,data/analysis_workbooks/original_legacy/car_hsr_comparison_work_sheet.xls,Sheet1,column_2,,mixed_numeric_text,114,SAC | 0.0 | 90.0 | 100.0 | 150.0,,,xls,medium,Some headers were missing; generated column_N names. Sampled first 134 non-empty rows from worksheet.
paper-1997-05,The Full Cost Of High-Speed Rail: An Engineering Approach,READY-TO-UPLOAD/PUBLIC,/Users/dlev2617/Documents/Code/Agents/github-packages/READY-TO-UPLOAD/PUBLIC/paper-1997-05-the-full-cost-of-high-speed-rail-an-engineering-approach,data/analysis_workbooks/original_legacy/car_hsr_comparison_work_sheet.xls,Sheet1,column_3,,mixed_numeric_text,122,SFO | - | 0.0 | 25.0 | 150.0,,,xls,medium,Some headers were missing; generated column_N names. Sampled first 134 non-empty rows from worksheet.
paper-1997-05,The Full Cost Of High-Speed Rail: An Engineering Approach,READY-TO-UPLOAD/PUBLIC,/Users/dlev2617/Documents/Code/Agents/github-packages/READY-TO-UPLOAD/PUBLIC/paper-1997-05-the-full-cost-of-high-speed-rail-an-engineering-approach,data/analysis_workbooks/original_legacy/car_hsr_comparison_work_sheet.xls,Sheet1,column_4,,mixed_numeric_text,122,SJ | - | 0.0 | 130.0 | 350.0,,,xls,medium,Some headers were missing; generated column_N names. Sampled first 134 non-empty rows from worksheet.
paper-1997-05,The Full Cost Of High-Speed Rail: An Engineering Approach,READY-TO-UPLOAD/PUBLIC,/Users/dlev2617/Documents/Code/Agents/github-packages/READY-TO-UPLOAD/PUBLIC/paper-1997-05-the-full-cost-of-high-speed-rail-an-engineering-approach,data/analysis_workbooks/original_legacy/car_hsr_comparison_work_sheet.xls,Sheet1,column_5,,mixed_numeric_text,111,FRESNO | - | 0.0 | 250.0 | 325.0,,,xls,medium,Some headers were missing; generated column_N names. Sampled first 134 non-empty rows from worksheet.
paper-1997-05,The Full Cost Of High-Speed Rail: An Engineering Approach,READY-TO-UPLOAD/PUBLIC,/Users/dlev2617/Documents/Code/Agents/github-packages/READY-TO-UPLOAD/PUBLIC/paper-1997-05-the-full-cost-of-high-speed-rail-an-engineering-approach,data/analysis_workbooks/original_legacy/car_hsr_comparison_work_sheet.xls,Sheet1,column_6,,mixed_numeric_text,109,LAX | - | 0.0 | 100.0 | 160.0,,,xls,medium,Some headers were missing; generated column_N names. Sampled first 134 non-empty rows from worksheet.
paper-1997-05,The Full Cost Of High-Speed Rail: An Engineering Approach,READY-TO-UPLOAD/PUBLIC,/Users/dlev2617/Documents/Code/Agents/github-packages/READY-TO-UPLOAD/PUBLIC/paper-1997-05-the-full-cost-of-high-speed-rail-an-engineering-approach,data/analysis_workbooks/original_legacy/car_hsr_comparison_work_sheet.xls,Sheet1,column_7,,mixed_numeric_text,93,SD | - | 0.0 | FRESNO | SFO,,,xls,medium,Some headers were missing; generated column_N names. Sampled first 134 non-empty rows from worksheet.
paper-1997-05,The Full Cost Of High-Speed Rail: An Engineering Approach,READY-TO-UPLOAD/PUBLIC,/Users/dlev2617/Documents/Code/Agents/github-packages/READY-TO-UPLOAD/PUBLIC/paper-1997-05-the-full-cost-of-high-speed-rail-an-engineering-approach,data/analysis_workbooks/original_legacy/car_hsr_comparison_work_sheet.xls,Sheet1,column_8,,mixed_numeric_text,43,4603368.0 | LAX | SFO | 540800000.0 | 8112000.0,,,xls,medium,Some headers were missing; generated column_N names. Sampled first 134 non-empty rows from worksheet.
paper-1997-05,The Full Cost Of High-Speed Rail: An Engineering Approach,READY-TO-UPLOAD/PUBLIC,/Users/dlev2617/Documents/Code/Agents/github-packages/READY-TO-UPLOAD/PUBLIC/paper-1997-05-the-full-cost-of-high-speed-rail-an-engineering-approach,data/analysis_workbooks/original_legacy/car_hsr_comparison_work_sheet.xls,Sheet1,column_9,,mixed_numeric_text,52,SAC | SFO | FRESNO | LAX | SD,,,xls,medium,Some headers were missing; generated column_N names. Sampled first 134 non-empty rows from worksheet.
paper-1997-05,The Full Cost Of High-Speed Rail: An Engineering Approach,READY-TO-UPLOAD/PUBLIC,/Users/dlev2617/Documents/Code/Agents/github-packages/READY-TO-UPLOAD/PUBLIC/paper-1997-05-the-full-cost-of-high-speed-rail-an-engineering-approach,data/analysis_workbooks/original_legacy/car_hsr_comparison_work_sheet.xls,Sheet1,column_10,,mixed_numeric_text,52,SFO | FRESNO | LAX | SD | 231733333.33333334,,,xls,medium,Some headers were missing; generated column_N names. Sampled first 134 non-empty rows from worksheet.
paper-1997-05,The Full Cost Of High-Speed Rail: An Engineering Approach,READY-TO-UPLOAD/PUBLIC,/Users/dlev2617/Documents/Code/Agents/github-packages/READY-TO-UPLOAD/PUBLIC/paper-1997-05-the-full-cost-of-high-speed-rail-an-engineering-approach,data/analysis_workbooks/original_legacy/car_hsr_comparison_work_sheet.xls,Sheet1,Distance/km,,mixed_numeric_text,52,144.0 | 240.0 | 640.0 | 800.0 | 600.0,,,xls,medium,Some headers were missing; generated column_N names. Sampled first 134 non-empty rows from worksheet.
paper-1997-05,The Full Cost Of High-Speed Rail: An Engineering Approach,READY-TO-UPLOAD/PUBLIC,/Users/dlev2617/Documents/Code/Agents/github-packages/READY-TO-UPLOAD/PUBLIC/paper-1997-05-the-full-cost-of-high-speed-rail-an-engineering-approach,data/analysis_workbooks/original_legacy/car_hsr_comparison_work_sheet.xls,Sheet1,column_12,,mixed_numeric_text,42,SD | LAX | 277120000.0 | 4156800.0 | 5542400.0,,,xls,medium,Some headers were missing; generated column_N names. Sampled first 134 non-empty rows from worksheet.
paper-1997-05,The Full Cost Of High-Speed Rail: An Engineering Approach,READY-TO-UPLOAD/PUBLIC,/Users/dlev2617/Documents/Code/Agents/github-packages/READY-TO-UPLOAD/PUBLIC/paper-1997-05-the-full-cost-of-high-speed-rail-an-engineering-approach,data/analysis_workbooks/original_legacy/car_hsr_comparison_work_sheet.xls,Sheet1,column_13,,mixed_numeric_text,21,TOTAL | 449042515.2 | 73340611.19999999 | 46344067.199999996 | 339256569.59999996,,,xls,medium,Some headers were missing; generated column_N names. Sampled first 134 non-empty rows from worksheet.
paper-1997-05,The Full Cost Of High-Speed Rail: An Engineering Approach,READY-TO-UPLOAD/PUBLIC,/Users/dlev2617/Documents/Code/Agents/github-packages/READY-TO-UPLOAD/PUBLIC/paper-1997-05-the-full-cost-of-high-speed-rail-an-engineering-approach,data/analysis_workbooks/original_legacy/full_cost_hsr_tgv_and_system_data.xls,South-East TGV,SOUTH-EAST TGV DATA,,text,23,Year of Operation | Energy | Drivers | Train Crews | Rolling Stock Maintenance,,,xls,medium,Some headers were missing; generated column_N names. Sampled first 27 non-empty rows from worksheet.
paper-1997-05,The Full Cost Of High-Speed Rail: An Engineering Approach,READY-TO-UPLOAD/PUBLIC,/Users/dlev2617/Documents/Code/Agents/github-packages/READY-TO-UPLOAD/PUBLIC/paper-1997-05-the-full-cost-of-high-speed-rail-an-engineering-approach,data/analysis_workbooks/original_legacy/full_cost_hsr_tgv_and_system_data.xls,South-East TGV,column_2,,numeric,20,1981.0 | 2.0 | 1.0 | 6.0 | 4.0,0,2800000,xls,medium,Some headers were missing; generated column_N names. Sampled first 27 non-empty rows from worksheet.
paper-1997-05,The Full Cost Of High-Speed Rail: An Engineering Approach,READY-TO-UPLOAD/PUBLIC,/Users/dlev2617/Documents/Code/Agents/github-packages/READY-TO-UPLOAD/PUBLIC/paper-1997-05-the-full-cost-of-high-speed-rail-an-engineering-approach,data/analysis_workbooks/original_legacy/full_cost_hsr_tgv_and_system_data.xls,South-East TGV,column_3,,mixed_numeric_text,23,1982.0 | 15.0 | 6.0 | 26.0 | 17.0,,,xls,medium,Some headers were missing; generated column_N names. Sampled first 27 non-empty rows from worksheet.
paper-1997-05,The Full Cost Of High-Speed Rail: An Engineering Approach,READY-TO-UPLOAD/PUBLIC,/Users/dlev2617/Documents/Code/Agents/github-packages/READY-TO-UPLOAD/PUBLIC/paper-1997-05-the-full-cost-of-high-speed-rail-an-engineering-approach,data/analysis_workbooks/original_legacy/full_cost_hsr_tgv_and_system_data.xls,South-East TGV,column_4,,numeric,22,1983.0 | 27.0 | 10.0 | 51.0 | 22.0,0,23800000,xls,medium,Some headers were missing; generated column_N names. Sampled first 27 non-empty rows from worksheet.
paper-1997-05,The Full Cost Of High-Speed Rail: An Engineering Approach,READY-TO-UPLOAD/PUBLIC,/Users/dlev2617/Documents/Code/Agents/github-packages/READY-TO-UPLOAD/PUBLIC/paper-1997-05-the-full-cost-of-high-speed-rail-an-engineering-approach,data/analysis_workbooks/original_legacy/full_cost_hsr_tgv_and_system_data.xls,South-East TGV,column_5,,numeric,22,1984.0 | 42.0 | 12.0 | 13.0 | 48.0,8,32200000,xls,medium,Some headers were missing; generated column_N names. Sampled first 27 non-empty rows from worksheet.
paper-1997-05,The Full Cost Of High-Speed Rail: An Engineering Approach,READY-TO-UPLOAD/PUBLIC,/Users/dlev2617/Documents/Code/Agents/github-packages/READY-TO-UPLOAD/PUBLIC/paper-1997-05-the-full-cost-of-high-speed-rail-an-engineering-approach,data/analysis_workbooks/original_legacy/full_cost_hsr_tgv_and_system_data.xls,South-East TGV,column_6,,mixed_numeric_text,24,1985.0 | 50.0 | 14.0 | 15.0 | 79.0,,,xls,medium,Some headers were missing; generated column_N names. Sampled first 27 non-empty rows from worksheet.
paper-1997-05,The Full Cost Of High-Speed Rail: An Engineering Approach,READY-TO-UPLOAD/PUBLIC,/Users/dlev2617/Documents/Code/Agents/github-packages/READY-TO-UPLOAD/PUBLIC/paper-1997-05-the-full-cost-of-high-speed-rail-an-engineering-approach,data/analysis_workbooks/original_legacy/full_cost_hsr_tgv_and_system_data.xls,South-East TGV,column_7,,mixed_numeric_text,17,1986.0 | 40.0 | 17.0 | 16.0 | 75.0,,,xls,medium,Some headers were missing; generated column_N names. Sampled first 27 non-empty rows from worksheet.
paper-1997-05,The Full Cost Of High-Speed Rail: An Engineering Approach,READY-TO-UPLOAD/PUBLIC,/Users/dlev2617/Documents/Code/Agents/github-packages/READY-TO-UPLOAD/PUBLIC/paper-1997-05-the-full-cost-of-high-speed-rail-an-engineering-approach,data/analysis_workbooks/original_legacy/full_cost_hsr_tgv_and_system_data.xls,South-East TGV,column_8,,numeric,14,1987.0 | 48.0 | 18.0 | 19.0 | 76.0,6,18519,xls,medium,Some headers were missing; generated column_N names. Sampled first 27 non-empty rows from worksheet.
paper-1997-05,The Full Cost Of High-Speed Rail: An Engineering Approach,READY-TO-UPLOAD/PUBLIC,/Users/dlev2617/Documents/Code/Agents/github-packages/READY-TO-UPLOAD/PUBLIC/paper-1997-05-the-full-cost-of-high-speed-rail-an-engineering-approach,data/analysis_workbooks/original_legacy/full_cost_hsr_tgv_and_system_data.xls,South-East TGV,column_9,,mixed_numeric_text,16,1988.0 | 52.0 | 19.0 | 20.0 | 81.0,,,xls,medium,Some headers were missing; generated column_N names. Sampled first 27 non-empty rows from worksheet.
paper-1997-05,The Full Cost Of High-Speed Rail: An Engineering Approach,READY-TO-UPLOAD/PUBLIC,/Users/dlev2617/Documents/Code/Agents/github-packages/READY-TO-UPLOAD/PUBLIC/paper-1997-05-the-full-cost-of-high-speed-rail-an-engineering-approach,data/analysis_workbooks/original_legacy/full_cost_hsr_tgv_and_system_data.xls,South-East TGV,column_10,,numeric,14,1989.0 | 55.0 | 20.0 | 22.0 | 87.0,7,20305,xls,medium,Some headers were missing; generated column_N names. Sampled first 27 non-empty rows from worksheet.
paper-1997-05,The Full Cost Of High-Speed Rail: An Engineering Approach,READY-TO-UPLOAD/PUBLIC,/Users/dlev2617/Documents/Code/Agents/github-packages/READY-TO-UPLOAD/PUBLIC/paper-1997-05-the-full-cost-of-high-speed-rail-an-engineering-approach,data/analysis_workbooks/original_legacy/full_cost_hsr_tgv_and_system_data.xls,South-East TGV,column_11,,mixed_numeric_text,15,1990.0 | 59.0 | 21.0 | 23.0 | 98.0,,,xls,medium,Some headers were missing; generated column_N names. Sampled first 27 non-empty rows from worksheet.
paper-1997-05,The Full Cost Of High-Speed Rail: An Engineering Approach,READY-TO-UPLOAD/PUBLIC,/Users/dlev2617/Documents/Code/Agents/github-packages/READY-TO-UPLOAD/PUBLIC/paper-1997-05-the-full-cost-of-high-speed-rail-an-engineering-approach,data/analysis_workbooks/original_legacy/full_cost_hsr_tgv_and_system_data.xls,South-East TGV,column_12,,numeric,14,1991.0 | 59.0 | 23.0 | 25.0 | 98.0,7,20343,xls,medium,Some headers were missing; generated column_N names. Sampled first 27 non-empty rows from worksheet.
paper-1997-05,The Full Cost Of High-Speed Rail: An Engineering Approach,READY-TO-UPLOAD/PUBLIC,/Users/dlev2617/Documents/Code/Agents/github-packages/READY-TO-UPLOAD/PUBLIC/paper-1997-05-the-full-cost-of-high-speed-rail-an-engineering-approach,data/analysis_workbooks/original_legacy/full_cost_hsr_tgv_and_system_data.xls,South-East TGV,column_13,,numeric,5,1992.0 | 19096.0 | 1099.0 | 543.0 | 20739.0,543,20739,xls,medium,Some headers were missing; generated column_N names. Sampled first 27 non-empty rows from worksheet.
paper-1997-05,The Full Cost Of High-Speed Rail: An Engineering Approach,READY-TO-UPLOAD/PUBLIC,/Users/dlev2617/Documents/Code/Agents/github-packages/READY-TO-UPLOAD/PUBLIC/paper-1997-05-the-full-cost-of-high-speed-rail-an-engineering-approach,data/analysis_workbooks/original_legacy/full_cost_hsr_tgv_and_system_data.xls,TGV Infrastructure,ASSESSMENT OF INVESTMENTS,,text,17,"INFRASTRUCTURE | Land purchase, plot regrouping, compensation payments | Preparatory work, earthworks, drainage/sanitation, roads, miscellaneous | Civil engineering structures | Road safety measures, fencing of right of way, miscellaneous",,,xls,medium,Headers inferred from first row. Sampled first 20 non-empty rows from worksheet.
paper-1997-05,The Full Cost Of High-Speed Rail: An Engineering Approach,READY-TO-UPLOAD/PUBLIC,/Users/dlev2617/Documents/Code/Agents/github-packages/READY-TO-UPLOAD/PUBLIC/paper-1997-05-the-full-cost-of-high-speed-rail-an-engineering-approach,data/analysis_workbooks/original_legacy/full_cost_hsr_tgv_and_system_data.xls,TGV Infrastructure,South-East TGV,,mixed_numeric_text,16,1975 MFF | 141.0 | 993.0 | 377.0 | 79.0,,,xls,medium,Headers inferred from first row. Sampled first 20 non-empty rows from worksheet.
paper-1997-05,The Full Cost Of High-Speed Rail: An Engineering Approach,READY-TO-UPLOAD/PUBLIC,/Users/dlev2617/Documents/Code/Agents/github-packages/READY-TO-UPLOAD/PUBLIC/paper-1997-05-the-full-cost-of-high-speed-rail-an-engineering-approach,data/analysis_workbooks/original_legacy/full_cost_hsr_tgv_and_system_data.xls,TGV Infrastructure,Atlantic TGV,,mixed_numeric_text,16,1983 MFF | 508.0 | 1269.0 | 2622.0 | 92.0,,,xls,medium,Headers inferred from first row. Sampled first 20 non-empty rows from worksheet.
paper-1997-05,The Full Cost Of High-Speed Rail: An Engineering Approach,READY-TO-UPLOAD/PUBLIC,/Users/dlev2617/Documents/Code/Agents/github-packages/READY-TO-UPLOAD/PUBLIC/paper-1997-05-the-full-cost-of-high-speed-rail-an-engineering-approach,data/analysis_workbooks/original_legacy/full_cost_hsr_tgv_and_system_data.xls,TGV Infrastructure,Mediterranean TGV,,mixed_numeric_text,12,1991 MFF | 1210.0 | 8500.0 | 4670.0 | 830.0,,,xls,medium,Headers inferred from first row. Sampled first 20 non-empty rows from worksheet.
paper-1997-05,The Full Cost Of High-Speed Rail: An Engineering Approach,READY-TO-UPLOAD/PUBLIC,/Users/dlev2617/Documents/Code/Agents/github-packages/READY-TO-UPLOAD/PUBLIC/paper-1997-05-the-full-cost-of-high-speed-rail-an-engineering-approach,data/analysis_workbooks/original_legacy/full_cost_hsr_tgv_and_system_data.xls,TGV Infrastructure,East-TGV,,mixed_numeric_text,12,1992 MFF | 1489.0 | 8383.0 | 4403.0 | 854.0,,,xls,medium,Headers inferred from first row. Sampled first 20 non-empty rows from worksheet.
paper-1997-05,The Full Cost Of High-Speed Rail: An Engineering Approach,READY-TO-UPLOAD/PUBLIC,/Users/dlev2617/Documents/Code/Agents/github-packages/READY-TO-UPLOAD/PUBLIC/paper-1997-05-the-full-cost-of-high-speed-rail-an-engineering-approach,data/analysis_workbooks/original_legacy/full_cost_hsr_tgv_and_system_data.xls,South-East TGV (2),SOUTH-EAST TGV BUSINESS ACCOUNT,,text,10,Year of Operation | Passenger Revenue | TGV Mail Caring Revenue | Total Revenue | Operating Costs,,,xls,medium,Some headers were missing; generated column_N names. Sampled first 11 non-empty rows from worksheet.
paper-1997-05,The Full Cost Of High-Speed Rail: An Engineering Approach,READY-TO-UPLOAD/PUBLIC,/Users/dlev2617/Documents/Code/Agents/github-packages/READY-TO-UPLOAD/PUBLIC/paper-1997-05-the-full-cost-of-high-speed-rail-an-engineering-approach,data/analysis_workbooks/original_legacy/full_cost_hsr_tgv_and_system_data.xls,South-East TGV (2),column_2,,numeric,10,1981.0 | 40.0 | 0.0 | 22.0 | 18.0,-26,1981,xls,medium,Some headers were missing; generated column_N names. Sampled first 11 non-empty rows from worksheet.
paper-1997-05,The Full Cost Of High-Speed Rail: An Engineering Approach,READY-TO-UPLOAD/PUBLIC,/Users/dlev2617/Documents/Code/Agents/github-packages/READY-TO-UPLOAD/PUBLIC/paper-1997-05-the-full-cost-of-high-speed-rail-an-engineering-approach,data/analysis_workbooks/original_legacy/full_cost_hsr_tgv_and_system_data.xls,South-East TGV (2),In Millions of 1991 US Dollars,,numeric,10,1982.0 | 219.0 | 0.0 | 96.0 | 123.0,-45,1982,xls,medium,Some headers were missing; generated column_N names. Sampled first 11 non-empty rows from worksheet.
paper-1997-05,The Full Cost Of High-Speed Rail: An Engineering Approach,READY-TO-UPLOAD/PUBLIC,/Users/dlev2617/Documents/Code/Agents/github-packages/READY-TO-UPLOAD/PUBLIC/paper-1997-05-the-full-cost-of-high-speed-rail-an-engineering-approach,data/analysis_workbooks/original_legacy/full_cost_hsr_tgv_and_system_data.xls,South-East TGV (2),column_4,,numeric,10,1983.0 | 368.0 | 0.0 | 165.0 | 203.0,-9,1983,xls,medium,Some headers were missing; generated column_N names. Sampled first 11 non-empty rows from worksheet.
paper-1997-05,The Full Cost Of High-Speed Rail: An Engineering Approach,READY-TO-UPLOAD/PUBLIC,/Users/dlev2617/Documents/Code/Agents/github-packages/READY-TO-UPLOAD/PUBLIC/paper-1997-05-the-full-cost-of-high-speed-rail-an-engineering-approach,data/analysis_workbooks/original_legacy/full_cost_hsr_tgv_and_system_data.xls,South-East TGV (2),column_5,,numeric,10,1984.0 | 559.0 | 1.0 | 560.0 | 195.0,1,1984,xls,medium,Some headers were missing; generated column_N names. Sampled first 11 non-empty rows from worksheet.
paper-1997-05,The Full Cost Of High-Speed Rail: An Engineering Approach,READY-TO-UPLOAD/PUBLIC,/Users/dlev2617/Documents/Code/Agents/github-packages/READY-TO-UPLOAD/PUBLIC/paper-1997-05-the-full-cost-of-high-speed-rail-an-engineering-approach,data/analysis_workbooks/original_legacy/full_cost_hsr_tgv_and_system_data.xls,South-East TGV (2),column_6,,numeric,10,1985.0 | 676.0 | 6.0 | 682.0 | 241.0,6,1985,xls,medium,Some headers were missing; generated column_N names. Sampled first 11 non-empty rows from worksheet.
paper-1997-05,The Full Cost Of High-Speed Rail: An Engineering Approach,READY-TO-UPLOAD/PUBLIC,/Users/dlev2617/Documents/Code/Agents/github-packages/READY-TO-UPLOAD/PUBLIC/paper-1997-05-the-full-cost-of-high-speed-rail-an-engineering-approach,data/analysis_workbooks/original_legacy/full_cost_hsr_tgv_and_system_data.xls,South-East TGV (2),column_7,,numeric,10,1986.0 | 678.0 | 6.0 | 685.0 | 256.0,6,1986,xls,medium,Some headers were missing; generated column_N names. Sampled first 11 non-empty rows from worksheet.
paper-1997-05,The Full Cost Of High-Speed Rail: An Engineering Approach,READY-TO-UPLOAD/PUBLIC,/Users/dlev2617/Documents/Code/Agents/github-packages/READY-TO-UPLOAD/PUBLIC/paper-1997-05-the-full-cost-of-high-speed-rail-an-engineering-approach,data/analysis_workbooks/original_legacy/full_cost_hsr_tgv_and_system_data.xls,South-East TGV (2),column_8,,numeric,10,1987.0 | 774.0 | 7.0 | 781.0 | 271.0,7,1987,xls,medium,Some headers were missing; generated column_N names. Sampled first 11 non-empty rows from worksheet.
paper-1997-05,The Full Cost Of High-Speed Rail: An Engineering Approach,READY-TO-UPLOAD/PUBLIC,/Users/dlev2617/Documents/Code/Agents/github-packages/READY-TO-UPLOAD/PUBLIC/paper-1997-05-the-full-cost-of-high-speed-rail-an-engineering-approach,data/analysis_workbooks/original_legacy/full_cost_hsr_tgv_and_system_data.xls,South-East TGV (2),column_9,,numeric,10,1988.0 | 828.0 | 7.0 | 835.0 | 284.0,7,1988,xls,medium,Some headers were missing; generated column_N names. Sampled first 11 non-empty rows from worksheet.
paper-1997-05,The Full Cost Of High-Speed Rail: An Engineering Approach,READY-TO-UPLOAD/PUBLIC,/Users/dlev2617/Documents/Code/Agents/github-packages/READY-TO-UPLOAD/PUBLIC/paper-1997-05-the-full-cost-of-high-speed-rail-an-engineering-approach,data/analysis_workbooks/original_legacy/full_cost_hsr_tgv_and_system_data.xls,South-East TGV (2),column_10,,numeric,10,1989.0 | 881.0 | 7.0 | 889.0 | 299.0,7,1989,xls,medium,Some headers were missing; generated column_N names. Sampled first 11 non-empty rows from worksheet.
paper-1997-05,The Full Cost Of High-Speed Rail: An Engineering Approach,READY-TO-UPLOAD/PUBLIC,/Users/dlev2617/Documents/Code/Agents/github-packages/READY-TO-UPLOAD/PUBLIC/paper-1997-05-the-full-cost-of-high-speed-rail-an-engineering-approach,data/analysis_workbooks/original_legacy/full_cost_hsr_tgv_and_system_data.xls,South-East TGV (2),column_11,,numeric,10,1990.0 | 912.0 | 8.0 | 920.0 | 308.0,8,1990,xls,medium,Some headers were missing; generated column_N names. Sampled first 11 non-empty rows from worksheet.
paper-1997-05,The Full Cost Of High-Speed Rail: An Engineering Approach,READY-TO-UPLOAD/PUBLIC,/Users/dlev2617/Documents/Code/Agents/github-packages/READY-TO-UPLOAD/PUBLIC/paper-1997-05-the-full-cost-of-high-speed-rail-an-engineering-approach,data/analysis_workbooks/original_legacy/full_cost_hsr_tgv_and_system_data.xls,South-East TGV (2),column_12,,numeric,10,1991.0 | 942.0 | 9.0 | 951.0 | 322.0,9,1991,xls,medium,Some headers were missing; generated column_N names. Sampled first 11 non-empty rows from worksheet.
paper-1997-05,The Full Cost Of High-Speed Rail: An Engineering Approach,READY-TO-UPLOAD/PUBLIC,/Users/dlev2617/Documents/Code/Agents/github-packages/READY-TO-UPLOAD/PUBLIC/paper-1997-05-the-full-cost-of-high-speed-rail-an-engineering-approach,data/analysis_workbooks/original_legacy/full_cost_hsr_tgv_and_system_data.xls,HSR DATA,System,,text,20,Actual | Shinkansen | Tokaido | Sanyou | Tohuko,,,xls,medium,Headers inferred from first row. Sampled first 22 non-empty rows from worksheet.
paper-1997-05,The Full Cost Of High-Speed Rail: An Engineering Approach,READY-TO-UPLOAD/PUBLIC,/Users/dlev2617/Documents/Code/Agents/github-packages/READY-TO-UPLOAD/PUBLIC/paper-1997-05-the-full-cost-of-high-speed-rail-an-engineering-approach,data/analysis_workbooks/original_legacy/full_cost_hsr_tgv_and_system_data.xls,HSR DATA,Distance,,mixed_numeric_text,14,(mile) | 346.0 | 389.0 | 335.0 | 209.0,,,xls,medium,Headers inferred from first row. Sampled first 22 non-empty rows from worksheet.
paper-1997-05,The Full Cost Of High-Speed Rail: An Engineering Approach,READY-TO-UPLOAD/PUBLIC,/Users/dlev2617/Documents/Code/Agents/github-packages/READY-TO-UPLOAD/PUBLIC/paper-1997-05-the-full-cost-of-high-speed-rail-an-engineering-approach,data/analysis_workbooks/original_legacy/full_cost_hsr_tgv_and_system_data.xls,HSR DATA,Travel Time,,mixed_numeric_text,11,(minutes) | 164.0 | 120.0 | 62.4 | 86.3,,,xls,medium,Headers inferred from first row. Sampled first 22 non-empty rows from worksheet.
paper-1997-05,The Full Cost Of High-Speed Rail: An Engineering Approach,READY-TO-UPLOAD/PUBLIC,/Users/dlev2617/Documents/Code/Agents/github-packages/READY-TO-UPLOAD/PUBLIC/paper-1997-05-the-full-cost-of-high-speed-rail-an-engineering-approach,data/analysis_workbooks/original_legacy/full_cost_hsr_tgv_and_system_data.xls,HSR DATA,Average Speed,,mixed_numeric_text,11,(mph) | 126.59 | 132.7 | 127.0 | 160.0,,,xls,medium,Headers inferred from first row. Sampled first 22 non-empty rows from worksheet.
paper-1997-05,The Full Cost Of High-Speed Rail: An Engineering Approach,READY-TO-UPLOAD/PUBLIC,/Users/dlev2617/Documents/Code/Agents/github-packages/READY-TO-UPLOAD/PUBLIC/paper-1997-05-the-full-cost-of-high-speed-rail-an-engineering-approach,data/analysis_workbooks/original_legacy/full_cost_hsr_tgv_and_system_data.xls,HSR DATA,Ridership,,mixed_numeric_text,15,(million) | in 1989 | 117.0 | 62.0 | 51.0,,,xls,medium,Headers inferred from first row. Sampled first 22 non-empty rows from worksheet.
paper-1997-05,The Full Cost Of High-Speed Rail: An Engineering Approach,READY-TO-UPLOAD/PUBLIC,/Users/dlev2617/Documents/Code/Agents/github-packages/READY-TO-UPLOAD/PUBLIC/paper-1997-05-the-full-cost-of-high-speed-rail-an-engineering-approach,data/analysis_workbooks/original_legacy/full_cost_hsr_tgv_and_system_data.xls,HSR DATA,Construction Cost,,mixed_numeric_text,8,(1992 billion$) | 4.16 | 7.7 | 14.37 | 8.73,,,xls,medium,Headers inferred from first row. Sampled first 22 non-empty rows from worksheet.
paper-1997-05,The Full Cost Of High-Speed Rail: An Engineering Approach,READY-TO-UPLOAD/PUBLIC,/Users/dlev2617/Documents/Code/Agents/github-packages/READY-TO-UPLOAD/PUBLIC/paper-1997-05-the-full-cost-of-high-speed-rail-an-engineering-approach,data/analysis_workbooks/original_legacy/full_cost_hsr_tgv_and_system_data.xls,HSR DATA,Construction Cost per,,mixed_numeric_text,8,Mile (1992 $million) | 12.023121387283236 | 19.794344473007712 | 42.8955223880597 | 41.770334928229666,,,xls,medium,Headers inferred from first row. Sampled first 22 non-empty rows from worksheet.
paper-1997-05,The Full Cost Of High-Speed Rail: An Engineering Approach,READY-TO-UPLOAD/PUBLIC,/Users/dlev2617/Documents/Code/Agents/github-packages/READY-TO-UPLOAD/PUBLIC/paper-1997-05-the-full-cost-of-high-speed-rail-an-engineering-approach,data/analysis_workbooks/original_legacy/full_cost_hsr_tgv_and_system_data.xls,HSR DATA,Year of Price,,numeric,4,1964.0 | 1975.0 | 1985.0,1964,1985,xls,medium,Headers inferred from first row. Sampled first 22 non-empty rows from worksheet.
paper-1997-05,The Full Cost Of High-Speed Rail: An Engineering Approach,READY-TO-UPLOAD/PUBLIC,/Users/dlev2617/Documents/Code/Agents/github-packages/READY-TO-UPLOAD/PUBLIC/paper-1997-05-the-full-cost-of-high-speed-rail-an-engineering-approach,data/analysis_workbooks/original_legacy/full_cost_hsr_tgv_and_system_data.xls,HSR DATA,Operating Cost,,mixed_numeric_text,7,(1992 $million) | 4433.01 | 3208.51 | 5688.51 | 2464.5,,,xls,medium,Headers inferred from first row. Sampled first 22 non-empty rows from worksheet.
paper-1997-05,The Full Cost Of High-Speed Rail: An Engineering Approach,READY-TO-UPLOAD/PUBLIC,/Users/dlev2617/Documents/Code/Agents/github-packages/READY-TO-UPLOAD/PUBLIC/paper-1997-05-the-full-cost-of-high-speed-rail-an-engineering-approach,data/analysis_workbooks/original_legacy/full_cost_hsr_tgv_and_system_data.xls,HSR DATA,Operating Cost per pax,,mixed_numeric_text,13,(1992 $/pax) | 37.88897435897436 | 51.75016129032259 | 111.53941176470589 | 123.225,,,xls,medium,Headers inferred from first row. Sampled first 22 non-empty rows from worksheet.
paper-1997-05,The Full Cost Of High-Speed Rail: An Engineering Approach,READY-TO-UPLOAD/PUBLIC,/Users/dlev2617/Documents/Code/Agents/github-packages/READY-TO-UPLOAD/PUBLIC/paper-1997-05-the-full-cost-of-high-speed-rail-an-engineering-approach,data/analysis_workbooks/original_legacy/hsr_appendix6_d1.xls,Sheet1,column_1,,text,50,Los Angeles | Bakersfield | Fresno | San Jose | San Francisco,,,xls,medium,Some headers were missing; generated column_N names. Sampled first 60 non-empty rows from worksheet.
paper-1997-05,The Full Cost Of High-Speed Rail: An Engineering Approach,READY-TO-UPLOAD/PUBLIC,/Users/dlev2617/Documents/Code/Agents/github-packages/READY-TO-UPLOAD/PUBLIC/paper-1997-05-the-full-cost-of-high-speed-rail-an-engineering-approach,data/analysis_workbooks/original_legacy/hsr_appendix6_d1.xls,Sheet1,Exp,,mixed_numeric_text,59,6.0 | 6.56 | 7.38 | 8.34 | 9.19,,,xls,medium,Some headers were missing; generated column_N names. Sampled first 60 non-empty rows from worksheet.
paper-1997-05,The Full Cost Of High-Speed Rail: An Engineering Approach,READY-TO-UPLOAD/PUBLIC,/Users/dlev2617/Documents/Code/Agents/github-packages/READY-TO-UPLOAD/PUBLIC/paper-1997-05-the-full-cost-of-high-speed-rail-an-engineering-approach,data/analysis_workbooks/original_legacy/hsr_appendix6_d1.xls,Sheet1,NS,,mixed_numeric_text,59,6.15 | | | 9.04 | Exp | 8.3,,,xls,medium,Some headers were missing; generated column_N names. Sampled first 60 non-empty rows from worksheet.
paper-1997-05,The Full Cost Of High-Speed Rail: An Engineering Approach,READY-TO-UPLOAD/PUBLIC,/Users/dlev2617/Documents/Code/Agents/github-packages/READY-TO-UPLOAD/PUBLIC/paper-1997-05-the-full-cost-of-high-speed-rail-an-engineering-approach,data/analysis_workbooks/original_legacy/hsr_appendix6_d1.xls,Sheet1,Exp_2,,mixed_numeric_text,59,6.15 | 7.11 | 7.53 | 8.49 | 9.34,,,xls,medium,Some headers were missing; generated column_N names. Sampled first 60 non-empty rows from worksheet.
paper-1997-05,The Full Cost Of High-Speed Rail: An Engineering Approach,READY-TO-UPLOAD/PUBLIC,/Users/dlev2617/Documents/Code/Agents/github-packages/READY-TO-UPLOAD/PUBLIC/paper-1997-05-the-full-cost-of-high-speed-rail-an-engineering-approach,data/analysis_workbooks/original_legacy/hsr_appendix6_d1.xls,Sheet1,NS_2,,mixed_numeric_text,59,6.3 | | | 9.19 | NS | 9.0,,,xls,medium,Some headers were missing; generated column_N names. Sampled first 60 non-empty rows from worksheet.
paper-1997-05,The Full Cost Of High-Speed Rail: An Engineering Approach,READY-TO-UPLOAD/PUBLIC,/Users/dlev2617/Documents/Code/Agents/github-packages/READY-TO-UPLOAD/PUBLIC/paper-1997-05-the-full-cost-of-high-speed-rail-an-engineering-approach,data/analysis_workbooks/original_legacy/hsr_appendix6_d1.xls,Sheet1,NS_3,,mixed_numeric_text,59,6.45 | | | 9.34 | NS | 9.15,,,xls,medium,Some headers were missing; generated column_N names. Sampled first 60 non-empty rows from worksheet.
paper-1997-05,The Full Cost Of High-Speed Rail: An Engineering Approach,READY-TO-UPLOAD/PUBLIC,/Users/dlev2617/Documents/Code/Agents/github-packages/READY-TO-UPLOAD/PUBLIC/paper-1997-05-the-full-cost-of-high-speed-rail-an-engineering-approach,data/analysis_workbooks/original_legacy/hsr_appendix6_d1.xls,Sheet1,Exp_3,,mixed_numeric_text,59,6.45 | 7.41 | 8.23 | 9.19 | 10.04,,,xls,medium,Some headers were missing; generated column_N names. Sampled first 60 non-empty rows from worksheet.
paper-1997-05,The Full Cost Of High-Speed Rail: An Engineering Approach,READY-TO-UPLOAD/PUBLIC,/Users/dlev2617/Documents/Code/Agents/github-packages/READY-TO-UPLOAD/PUBLIC/paper-1997-05-the-full-cost-of-high-speed-rail-an-engineering-approach,data/analysis_workbooks/original_legacy/hsr_appendix6_d1.xls,Sheet1,NS_4,,mixed_numeric_text,47,7.0 | | | 9.49 | Exp | 9.3,,,xls,medium,Some headers were missing; generated column_N names. Sampled first 60 non-empty rows from worksheet.
paper-1997-05,The Full Cost Of High-Speed Rail: An Engineering Approach,READY-TO-UPLOAD/PUBLIC,/Users/dlev2617/Documents/Code/Agents/github-packages/READY-TO-UPLOAD/PUBLIC/paper-1997-05-the-full-cost-of-high-speed-rail-an-engineering-approach,data/analysis_workbooks/original_legacy/hsr_appendix6_d1.xls,Sheet1,Exp_4,,mixed_numeric_text,47,7.0 | 7.56 | 8.38 | 9.34 | 10.19,,,xls,medium,Some headers were missing; generated column_N names. Sampled first 60 non-empty rows from worksheet.
paper-1997-05,The Full Cost Of High-Speed Rail: An Engineering Approach,READY-TO-UPLOAD/PUBLIC,/Users/dlev2617/Documents/Code/Agents/github-packages/READY-TO-UPLOAD/PUBLIC/paper-1997-05-the-full-cost-of-high-speed-rail-an-engineering-approach,data/analysis_workbooks/original_legacy/hsr_appendix6_d1.xls,Sheet1,NS_5,,mixed_numeric_text,47,7.3 | | | 10.19 | Exp | 10.15,,,xls,medium,Some headers were missing; generated column_N names. Sampled first 60 non-empty rows from worksheet.
paper-1997-05,The Full Cost Of High-Speed Rail: An Engineering Approach,READY-TO-UPLOAD/PUBLIC,/Users/dlev2617/Documents/Code/Agents/github-packages/READY-TO-UPLOAD/PUBLIC/paper-1997-05-the-full-cost-of-high-speed-rail-an-engineering-approach,data/analysis_workbooks/original_legacy/hsr_appendix6_d1.xls,Sheet1,NS_6,,mixed_numeric_text,47,7.45 | | | 10.34 | NS | 10.45,,,xls,medium,Some headers were missing; generated column_N names. Sampled first 60 non-empty rows from worksheet.
paper-1997-05,The Full Cost Of High-Speed Rail: An Engineering Approach,READY-TO-UPLOAD/PUBLIC,/Users/dlev2617/Documents/Code/Agents/github-packages/READY-TO-UPLOAD/PUBLIC/paper-1997-05-the-full-cost-of-high-speed-rail-an-engineering-approach,data/analysis_workbooks/original_legacy/hsr_appendix6_d1.xls,Sheet1,Exp_5,,mixed_numeric_text,47,7.45 | 8.41 | 9.23 | 10.19 | 11.04,,,xls,medium,Some headers were missing; generated column_N names. Sampled first 60 non-empty rows from worksheet.
paper-1997-05,The Full Cost Of High-Speed Rail: An Engineering Approach,READY-TO-UPLOAD/PUBLIC,/Users/dlev2617/Documents/Code/Agents/github-packages/READY-TO-UPLOAD/PUBLIC/paper-1997-05-the-full-cost-of-high-speed-rail-an-engineering-approach,data/analysis_workbooks/original_legacy/hsr_appendix6_d1.xls,Sheet1,NS_7,,mixed_numeric_text,47,8.15 | | | 11.04 | Exp | 11.15,,,xls,medium,Some headers were missing; generated column_N names. Sampled first 60 non-empty rows from worksheet.
paper-1997-05,The Full Cost Of High-Speed Rail: An Engineering Approach,READY-TO-UPLOAD/PUBLIC,/Users/dlev2617/Documents/Code/Agents/github-packages/READY-TO-UPLOAD/PUBLIC/paper-1997-05-the-full-cost-of-high-speed-rail-an-engineering-approach,data/analysis_workbooks/original_legacy/hsr_appendix6_d2.xls,Trainset,Trainset # :,,numeric,19,1.0 | 2.0 | 3.0 | 4.0 | 5.0,1,19,xls,medium,Some headers were missing; generated column_N names. Sampled first 58 non-empty rows from worksheet.
paper-1997-05,The Full Cost Of High-Speed Rail: An Engineering Approach,READY-TO-UPLOAD/PUBLIC,/Users/dlev2617/Documents/Code/Agents/github-packages/READY-TO-UPLOAD/PUBLIC/paper-1997-05-the-full-cost-of-high-speed-rail-an-engineering-approach,data/analysis_workbooks/original_legacy/hsr_appendix6_d2.xls,Trainset,SF-LA,,numeric,57,5.3 | 8.49 | 9.49 | 6.0 | 9.19,5.3,13.49,xls,medium,Some headers were missing; generated column_N names. Sampled first 58 non-empty rows from worksheet.
paper-1997-05,The Full Cost Of High-Speed Rail: An Engineering Approach,READY-TO-UPLOAD/PUBLIC,/Users/dlev2617/Documents/Code/Agents/github-packages/READY-TO-UPLOAD/PUBLIC/paper-1997-05-the-full-cost-of-high-speed-rail-an-engineering-approach,data/analysis_workbooks/original_legacy/hsr_appendix6_d2.xls,Trainset,LA-SF,,numeric,57,10.0 | 12.49 | 13.49 | 10.45 | 13.34,10,21.19,xls,medium,Some headers were missing; generated column_N names. Sampled first 58 non-empty rows from worksheet.
paper-1997-05,The Full Cost Of High-Speed Rail: An Engineering Approach,READY-TO-UPLOAD/PUBLIC,/Users/dlev2617/Documents/Code/Agents/github-packages/READY-TO-UPLOAD/PUBLIC/paper-1997-05-the-full-cost-of-high-speed-rail-an-engineering-approach,data/analysis_workbooks/original_legacy/hsr_appendix6_d2.xls,Trainset,SF-LA_2,,numeric,27,14.0 | 16.49 | 17.49 | 14.45 | 17.34,14,23.34,xls,medium,Some headers were missing; generated column_N names. Sampled first 58 non-empty rows from worksheet.
paper-1997-05,The Full Cost Of High-Speed Rail: An Engineering Approach,READY-TO-UPLOAD/PUBLIC,/Users/dlev2617/Documents/Code/Agents/github-packages/READY-TO-UPLOAD/PUBLIC/paper-1997-05-the-full-cost-of-high-speed-rail-an-engineering-approach,data/analysis_workbooks/original_legacy/hsr_appendix6_d2.xls,Trainset,LA-SF_2,,numeric,18,18.15 | 21.04 | 22.04 | 19.0 | 21.49,18.15,25.34,xls,medium,Some headers were missing; generated column_N names. Sampled first 58 non-empty rows from worksheet.
paper-1997-05,The Full Cost Of High-Speed Rail: An Engineering Approach,READY-TO-UPLOAD/PUBLIC,/Users/dlev2617/Documents/Code/Agents/github-packages/READY-TO-UPLOAD/PUBLIC/paper-1997-05-the-full-cost-of-high-speed-rail-an-engineering-approach,data/analysis_workbooks/original_legacy/hsr_appendix6_d2.xls,Trainset,Trainset # :_2,,numeric,19,20.0 | 21.0 | 22.0 | 23.0 | 24.0,20,38,xls,medium,Some headers were missing; generated column_N names. Sampled first 58 non-empty rows from worksheet.
paper-1997-05,The Full Cost Of High-Speed Rail: An Engineering Approach,READY-TO-UPLOAD/PUBLIC,/Users/dlev2617/Documents/Code/Agents/github-packages/READY-TO-UPLOAD/PUBLIC/paper-1997-05-the-full-cost-of-high-speed-rail-an-engineering-approach,data/analysis_workbooks/original_legacy/hsr_appendix6_d2.xls,Trainset,LA-SF_3,,numeric,57,6.0 | 9.19 | 10.19 | 6.15 | 9.04,6,13.49,xls,medium,Some headers were missing; generated column_N names. Sampled first 58 non-empty rows from worksheet.
paper-1997-05,The Full Cost Of High-Speed Rail: An Engineering Approach,READY-TO-UPLOAD/PUBLIC,/Users/dlev2617/Documents/Code/Agents/github-packages/READY-TO-UPLOAD/PUBLIC/paper-1997-05-the-full-cost-of-high-speed-rail-an-engineering-approach,data/analysis_workbooks/original_legacy/hsr_appendix6_d2.xls,Trainset,SF-LA_3,,numeric,57,10.45 | 13.34 | 14.34 | 10.15 | 11.0,10.15,22.04,xls,medium,Some headers were missing; generated column_N names. Sampled first 58 non-empty rows from worksheet.
paper-1997-05,The Full Cost Of High-Speed Rail: An Engineering Approach,READY-TO-UPLOAD/PUBLIC,/Users/dlev2617/Documents/Code/Agents/github-packages/READY-TO-UPLOAD/PUBLIC/paper-1997-05-the-full-cost-of-high-speed-rail-an-engineering-approach,data/analysis_workbooks/original_legacy/hsr_appendix6_d2.xls,Trainset,LA-SF_4,,numeric,30,14.45 | 17.34 | 18.34 | 15.0 | 18.19,14.45,23.34,xls,medium,Some headers were missing; generated column_N names. Sampled first 58 non-empty rows from worksheet.
paper-1997-05,The Full Cost Of High-Speed Rail: An Engineering Approach,READY-TO-UPLOAD/PUBLIC,/Users/dlev2617/Documents/Code/Agents/github-packages/READY-TO-UPLOAD/PUBLIC/paper-1997-05-the-full-cost-of-high-speed-rail-an-engineering-approach,data/analysis_workbooks/original_legacy/hsr_appendix6_d2.xls,Trainset,SF-LA_4,,numeric,21,19.0 | 21.49 | 22.49 | 19.45 | 22.34,19,25.19,xls,medium,Some headers were missing; generated column_N names. Sampled first 58 non-empty rows from worksheet.
paper-1997-05,The Full Cost Of High-Speed Rail: An Engineering Approach,READY-TO-UPLOAD/PUBLIC,/Users/dlev2617/Documents/Code/Agents/github-packages/READY-TO-UPLOAD/PUBLIC/paper-1997-05-the-full-cost-of-high-speed-rail-an-engineering-approach,data/analysis_workbooks/original_legacy/hsr_appendix6_d2.xls,Trainset,column_11,,empty,0,,,,xls,medium,Some headers were missing; generated column_N names. Sampled first 58 non-empty rows from worksheet.
paper-1997-05,The Full Cost Of High-Speed Rail: An Engineering Approach,READY-TO-UPLOAD/PUBLIC,/Users/dlev2617/Documents/Code/Agents/github-packages/READY-TO-UPLOAD/PUBLIC/paper-1997-05-the-full-cost-of-high-speed-rail-an-engineering-approach,data/analysis_workbooks/original_legacy/hsr_appendix6_d2.xls,Trainset,column_12,,empty,0,,,,xls,medium,Some headers were missing; generated column_N names. Sampled first 58 non-empty rows from worksheet.
paper-1997-05,The Full Cost Of High-Speed Rail: An Engineering Approach,READY-TO-UPLOAD/PUBLIC,/Users/dlev2617/Documents/Code/Agents/github-packages/READY-TO-UPLOAD/PUBLIC/paper-1997-05-the-full-cost-of-high-speed-rail-an-engineering-approach,data/analysis_workbooks/original_legacy/hsr_appendix6_d2.xls,Trainset,column_13,,empty,0,,,,xls,medium,Some headers were missing; generated column_N names. Sampled first 58 non-empty rows from worksheet.
paper-1997-05,The Full Cost Of High-Speed Rail: An Engineering Approach,READY-TO-UPLOAD/PUBLIC,/Users/dlev2617/Documents/Code/Agents/github-packages/READY-TO-UPLOAD/PUBLIC/paper-1997-05-the-full-cost-of-high-speed-rail-an-engineering-approach,data/analysis_workbooks/original_legacy/hsr_appendix6_d2.xls,Trainset,column_14,,empty,0,,,,xls,medium,Some headers were missing; generated column_N names. Sampled first 58 non-empty rows from worksheet.
paper-1997-05,The Full Cost Of High-Speed Rail: An Engineering Approach,READY-TO-UPLOAD/PUBLIC,/Users/dlev2617/Documents/Code/Agents/github-packages/READY-TO-UPLOAD/PUBLIC/paper-1997-05-the-full-cost-of-high-speed-rail-an-engineering-approach,data/analysis_workbooks/original_legacy/hsr_appendix6_d2.xls,Trainset,column_15,,empty,0,,,,xls,medium,Some headers were missing; generated column_N names. Sampled first 58 non-empty rows from worksheet.
paper-1997-05,The Full Cost Of High-Speed Rail: An Engineering Approach,READY-TO-UPLOAD/PUBLIC,/Users/dlev2617/Documents/Code/Agents/github-packages/READY-TO-UPLOAD/PUBLIC/paper-1997-05-the-full-cost-of-high-speed-rail-an-engineering-approach,data/analysis_workbooks/original_legacy/hsr_appendix6_d2.xls,Trainset,column_16,,empty,0,,,,xls,medium,Some headers were missing; generated column_N names. Sampled first 58 non-empty rows from worksheet.
paper-1997-05,The Full Cost Of High-Speed Rail: An Engineering Approach,READY-TO-UPLOAD/PUBLIC,/Users/dlev2617/Documents/Code/Agents/github-packages/READY-TO-UPLOAD/PUBLIC/paper-1997-05-the-full-cost-of-high-speed-rail-an-engineering-approach,data/analysis_workbooks/original_legacy/hsr_appendix6_d2.xls,Trainset,column_17,,empty,0,,,,xls,medium,Some headers were missing; generated column_N names. Sampled first 58 non-empty rows from worksheet.
paper-1997-05,The Full Cost Of High-Speed Rail: An Engineering Approach,READY-TO-UPLOAD/PUBLIC,/Users/dlev2617/Documents/Code/Agents/github-packages/READY-TO-UPLOAD/PUBLIC/paper-1997-05-the-full-cost-of-high-speed-rail-an-engineering-approach,data/analysis_workbooks/original_legacy/hsr_appendix6_d2.xls,Trainset,column_18,,empty,0,,,,xls,medium,Some headers were missing; generated column_N names. Sampled first 58 non-empty rows from worksheet.
paper-1997-05,The Full Cost Of High-Speed Rail: An Engineering Approach,READY-TO-UPLOAD/PUBLIC,/Users/dlev2617/Documents/Code/Agents/github-packages/READY-TO-UPLOAD/PUBLIC/paper-1997-05-the-full-cost-of-high-speed-rail-an-engineering-approach,data/analysis_workbooks/original_legacy/hsr_appendix6_d2.xls,Trainset,column_19,,empty,0,,,,xls,medium,Some headers were missing; generated column_N names. Sampled first 58 non-empty rows from worksheet.
paper-1997-05,The Full Cost Of High-Speed Rail: An Engineering Approach,READY-TO-UPLOAD/PUBLIC,/Users/dlev2617/Documents/Code/Agents/github-packages/READY-TO-UPLOAD/PUBLIC/paper-1997-05-the-full-cost-of-high-speed-rail-an-engineering-approach,data/analysis_workbooks/original_legacy/hsr_appendix6_d2.xls,Trainset,column_20,,empty,0,,,,xls,medium,Some headers were missing; generated column_N names. Sampled first 58 non-empty rows from worksheet.
paper-1997-05,The Full Cost Of High-Speed Rail: An Engineering Approach,READY-TO-UPLOAD/PUBLIC,/Users/dlev2617/Documents/Code/Agents/github-packages/READY-TO-UPLOAD/PUBLIC/paper-1997-05-the-full-cost-of-high-speed-rail-an-engineering-approach,data/analysis_workbooks/original_legacy/hsr_appendix6_d2.xls,Trainset,column_21,,empty,0,,,,xls,medium,Some headers were missing; generated column_N names. Sampled first 58 non-empty rows from worksheet.
paper-1997-05,The Full Cost Of High-Speed Rail: An Engineering Approach,READY-TO-UPLOAD/PUBLIC,/Users/dlev2617/Documents/Code/Agents/github-packages/READY-TO-UPLOAD/PUBLIC/paper-1997-05-the-full-cost-of-high-speed-rail-an-engineering-approach,data/analysis_workbooks/original_legacy/hsr_appendix6_d2.xls,Trainset,column_22,,empty,0,,,,xls,medium,Some headers were missing; generated column_N names. Sampled first 58 non-empty rows from worksheet.
paper-1997-05,The Full Cost Of High-Speed Rail: An Engineering Approach,READY-TO-UPLOAD/PUBLIC,/Users/dlev2617/Documents/Code/Agents/github-packages/READY-TO-UPLOAD/PUBLIC/paper-1997-05-the-full-cost-of-high-speed-rail-an-engineering-approach,data/analysis_workbooks/original_legacy/hsr_appendix6_d2.xls,Trainset,column_23,,empty,0,,,,xls,medium,Some headers were missing; generated column_N names. Sampled first 58 non-empty rows from worksheet.
paper-1997-05,The Full Cost Of High-Speed Rail: An Engineering Approach,READY-TO-UPLOAD/PUBLIC,/Users/dlev2617/Documents/Code/Agents/github-packages/READY-TO-UPLOAD/PUBLIC/paper-1997-05-the-full-cost-of-high-speed-rail-an-engineering-approach,data/analysis_workbooks/original_legacy/hsr_appendix6_d2.xls,Trainset,column_24,,empty,0,,,,xls,medium,Some headers were missing; generated column_N names. Sampled first 58 non-empty rows from worksheet.
paper-1997-05,The Full Cost Of High-Speed Rail: An Engineering Approach,READY-TO-UPLOAD/PUBLIC,/Users/dlev2617/Documents/Code/Agents/github-packages/READY-TO-UPLOAD/PUBLIC/paper-1997-05-the-full-cost-of-high-speed-rail-an-engineering-approach,data/analysis_workbooks/original_legacy/hsr_appendix6_d2.xls,Trainset,column_25,,empty,0,,,,xls,medium,Some headers were missing; generated column_N names. Sampled first 58 non-empty rows from worksheet.
paper-1997-05,The Full Cost Of High-Speed Rail: An Engineering Approach,READY-TO-UPLOAD/PUBLIC,/Users/dlev2617/Documents/Code/Agents/github-packages/READY-TO-UPLOAD/PUBLIC/paper-1997-05-the-full-cost-of-high-speed-rail-an-engineering-approach,data/analysis_workbooks/original_legacy/hsr_appendix6_d2.xls,Trainset,column_26,,numeric,3,0.0,0,0,xls,medium,Some headers were missing; generated column_N names. Sampled first 58 non-empty rows from worksheet.
paper-1997-05,The Full Cost Of High-Speed Rail: An Engineering Approach,READY-TO-UPLOAD/PUBLIC,/Users/dlev2617/Documents/Code/Agents/github-packages/READY-TO-UPLOAD/PUBLIC/paper-1997-05-the-full-cost-of-high-speed-rail-an-engineering-approach,data/analysis_workbooks/original_legacy/hsr_appendix6_d2.xls,Trainset,column_27,,empty,0,,,,xls,medium,Some headers were missing; generated column_N names. Sampled first 58 non-empty rows from worksheet.
paper-1997-05,The Full Cost Of High-Speed Rail: An Engineering Approach,READY-TO-UPLOAD/PUBLIC,/Users/dlev2617/Documents/Code/Agents/github-packages/READY-TO-UPLOAD/PUBLIC/paper-1997-05-the-full-cost-of-high-speed-rail-an-engineering-approach,data/analysis_workbooks/original_legacy/hsr_appendix6_d2.xls,Trainset,column_28,,empty,0,,,,xls,medium,Some headers were missing; generated column_N names. Sampled first 58 non-empty rows from worksheet.
paper-1997-05,The Full Cost Of High-Speed Rail: An Engineering Approach,READY-TO-UPLOAD/PUBLIC,/Users/dlev2617/Documents/Code/Agents/github-packages/READY-TO-UPLOAD/PUBLIC/paper-1997-05-the-full-cost-of-high-speed-rail-an-engineering-approach,data/analysis_workbooks/original_legacy/hsr_appendix6_d2.xls,Trainset,column_29,,empty,0,,,,xls,medium,Some headers were missing; generated column_N names. Sampled first 58 non-empty rows from worksheet.
paper-1997-05,The Full Cost Of High-Speed Rail: An Engineering Approach,READY-TO-UPLOAD/PUBLIC,/Users/dlev2617/Documents/Code/Agents/github-packages/READY-TO-UPLOAD/PUBLIC/paper-1997-05-the-full-cost-of-high-speed-rail-an-engineering-approach,data/analysis_workbooks/original_legacy/hsr_appendix6_d2.xls,Trainset,column_30,,empty,0,,,,xls,medium,Some headers were missing; generated column_N names. Sampled first 58 non-empty rows from worksheet.
paper-1997-05,The Full Cost Of High-Speed Rail: An Engineering Approach,READY-TO-UPLOAD/PUBLIC,/Users/dlev2617/Documents/Code/Agents/github-packages/READY-TO-UPLOAD/PUBLIC/paper-1997-05-the-full-cost-of-high-speed-rail-an-engineering-approach,data/analysis_workbooks/original_legacy/hsr_appendix6_d2.xls,Trainset,column_31,,empty,0,,,,xls,medium,Some headers were missing; generated column_N names. Sampled first 58 non-empty rows from worksheet.
paper-1997-05,The Full Cost Of High-Speed Rail: An Engineering Approach,READY-TO-UPLOAD/PUBLIC,/Users/dlev2617/Documents/Code/Agents/github-packages/READY-TO-UPLOAD/PUBLIC/paper-1997-05-the-full-cost-of-high-speed-rail-an-engineering-approach,data/analysis_workbooks/original_legacy/hsr_appendix6_d2.xls,Trainset,column_32,,empty,0,,,,xls,medium,Some headers were missing; generated column_N names. Sampled first 58 non-empty rows from worksheet.
paper-1997-05,The Full Cost Of High-Speed Rail: An Engineering Approach,READY-TO-UPLOAD/PUBLIC,/Users/dlev2617/Documents/Code/Agents/github-packages/READY-TO-UPLOAD/PUBLIC/paper-1997-05-the-full-cost-of-high-speed-rail-an-engineering-approach,data/analysis_workbooks/original_legacy/hsr_appendix6_d2.xls,Trainset,column_33,,empty,0,,,,xls,medium,Some headers were missing; generated column_N names. Sampled first 58 non-empty rows from worksheet.
paper-1997-05,The Full Cost Of High-Speed Rail: An Engineering Approach,READY-TO-UPLOAD/PUBLIC,/Users/dlev2617/Documents/Code/Agents/github-packages/READY-TO-UPLOAD/PUBLIC/paper-1997-05-the-full-cost-of-high-speed-rail-an-engineering-approach,data/analysis_workbooks/original_legacy/hsr_appendix6_d2.xls,Trainset,column_34,,empty,0,,,,xls,medium,Some headers were missing; generated column_N names. Sampled first 58 non-empty rows from worksheet.
paper-1997-05,The Full Cost Of High-Speed Rail: An Engineering Approach,READY-TO-UPLOAD/PUBLIC,/Users/dlev2617/Documents/Code/Agents/github-packages/READY-TO-UPLOAD/PUBLIC/paper-1997-05-the-full-cost-of-high-speed-rail-an-engineering-approach,data/analysis_workbooks/original_legacy/hsr_appendix6_d2.xls,Trainset,column_35,,empty,0,,,,xls,medium,Some headers were missing; generated column_N names. Sampled first 58 non-empty rows from worksheet.
paper-1997-05,The Full Cost Of High-Speed Rail: An Engineering Approach,READY-TO-UPLOAD/PUBLIC,/Users/dlev2617/Documents/Code/Agents/github-packages/READY-TO-UPLOAD/PUBLIC/paper-1997-05-the-full-cost-of-high-speed-rail-an-engineering-approach,data/analysis_workbooks/original_legacy/hsr_appendix6_d2.xls,Trainset,column_36,,empty,0,,,,xls,medium,Some headers were missing; generated column_N names. Sampled first 58 non-empty rows from worksheet.
paper-1997-05,The Full Cost Of High-Speed Rail: An Engineering Approach,READY-TO-UPLOAD/PUBLIC,/Users/dlev2617/Documents/Code/Agents/github-packages/READY-TO-UPLOAD/PUBLIC/paper-1997-05-the-full-cost-of-high-speed-rail-an-engineering-approach,data/analysis_workbooks/original_legacy/hsr_appendix6_d2.xls,Trainset,column_37,,empty,0,,,,xls,medium,Some headers were missing; generated column_N names. Sampled first 58 non-empty rows from worksheet.
paper-1997-05,The Full Cost Of High-Speed Rail: An Engineering Approach,READY-TO-UPLOAD/PUBLIC,/Users/dlev2617/Documents/Code/Agents/github-packages/READY-TO-UPLOAD/PUBLIC/paper-1997-05-the-full-cost-of-high-speed-rail-an-engineering-approach,data/analysis_workbooks/original_legacy/hsr_appendix6_d2.xls,Trainset,column_38,,empty,0,,,,xls,medium,Some headers were missing; generated column_N names. Sampled first 58 non-empty rows from worksheet.
paper-1997-05,The Full Cost Of High-Speed Rail: An Engineering Approach,READY-TO-UPLOAD/PUBLIC,/Users/dlev2617/Documents/Code/Agents/github-packages/READY-TO-UPLOAD/PUBLIC/paper-1997-05-the-full-cost-of-high-speed-rail-an-engineering-approach,data/analysis_workbooks/original_legacy/hsr_appendix6_d2.xls,Trainset,column_39,,empty,0,,,,xls,medium,Some headers were missing; generated column_N names. Sampled first 58 non-empty rows from worksheet.
paper-1997-05,The Full Cost Of High-Speed Rail: An Engineering Approach,READY-TO-UPLOAD/PUBLIC,/Users/dlev2617/Documents/Code/Agents/github-packages/READY-TO-UPLOAD/PUBLIC/paper-1997-05-the-full-cost-of-high-speed-rail-an-engineering-approach,data/analysis_workbooks/original_legacy/hsr_appendix6_d2.xls,Trainset,column_40,,empty,0,,,,xls,medium,Some headers were missing; generated column_N names. Sampled first 58 non-empty rows from worksheet.
paper-1997-05,The Full Cost Of High-Speed Rail: An Engineering Approach,READY-TO-UPLOAD/PUBLIC,/Users/dlev2617/Documents/Code/Agents/github-packages/READY-TO-UPLOAD/PUBLIC/paper-1997-05-the-full-cost-of-high-speed-rail-an-engineering-approach,data/analysis_workbooks/original_legacy/hsr_appendix6_d2.xls,Trainset,column_41,,empty,0,,,,xls,medium,Some headers were missing; generated column_N names. Sampled first 58 non-empty rows from worksheet.
paper-1997-05,The Full Cost Of High-Speed Rail: An Engineering Approach,READY-TO-UPLOAD/PUBLIC,/Users/dlev2617/Documents/Code/Agents/github-packages/READY-TO-UPLOAD/PUBLIC/paper-1997-05-the-full-cost-of-high-speed-rail-an-engineering-approach,data/analysis_workbooks/original_legacy/hsr_appendix6_d2.xls,Trainset,column_42,,empty,0,,,,xls,medium,Some headers were missing; generated column_N names. Sampled first 58 non-empty rows from worksheet.
paper-1997-05,The Full Cost Of High-Speed Rail: An Engineering Approach,READY-TO-UPLOAD/PUBLIC,/Users/dlev2617/Documents/Code/Agents/github-packages/READY-TO-UPLOAD/PUBLIC/paper-1997-05-the-full-cost-of-high-speed-rail-an-engineering-approach,data/analysis_workbooks/original_legacy/hsr_appendix6_d2.xls,Trainset,column_43,,empty,0,,,,xls,medium,Some headers were missing; generated column_N names. Sampled first 58 non-empty rows from worksheet.
paper-1997-05,The Full Cost Of High-Speed Rail: An Engineering Approach,READY-TO-UPLOAD/PUBLIC,/Users/dlev2617/Documents/Code/Agents/github-packages/READY-TO-UPLOAD/PUBLIC/paper-1997-05-the-full-cost-of-high-speed-rail-an-engineering-approach,data/analysis_workbooks/original_legacy/hsr_appendix6_d2.xls,Trainset,column_44,,empty,0,,,,xls,medium,Some headers were missing; generated column_N names. Sampled first 58 non-empty rows from worksheet.
paper-1997-05,The Full Cost Of High-Speed Rail: An Engineering Approach,READY-TO-UPLOAD/PUBLIC,/Users/dlev2617/Documents/Code/Agents/github-packages/READY-TO-UPLOAD/PUBLIC/paper-1997-05-the-full-cost-of-high-speed-rail-an-engineering-approach,data/analysis_workbooks/original_legacy/hsr_appendix6_d2.xls,Trainset,column_45,,empty,0,,,,xls,medium,Some headers were missing; generated column_N names. Sampled first 58 non-empty rows from worksheet.
paper-1997-05,The Full Cost Of High-Speed Rail: An Engineering Approach,READY-TO-UPLOAD/PUBLIC,/Users/dlev2617/Documents/Code/Agents/github-packages/READY-TO-UPLOAD/PUBLIC/paper-1997-05-the-full-cost-of-high-speed-rail-an-engineering-approach,data/analysis_workbooks/original_legacy/hsr_appendix6_d2.xls,Trainset,column_46,,empty,0,,,,xls,medium,Some headers were missing; generated column_N names. Sampled first 58 non-empty rows from worksheet.
paper-1997-05,The Full Cost Of High-Speed Rail: An Engineering Approach,READY-TO-UPLOAD/PUBLIC,/Users/dlev2617/Documents/Code/Agents/github-packages/READY-TO-UPLOAD/PUBLIC/paper-1997-05-the-full-cost-of-high-speed-rail-an-engineering-approach,data/analysis_workbooks/original_legacy/hsr_appendix6_d2.xls,Trainset,column_47,,empty,0,,,,xls,medium,Some headers were missing; generated column_N names. Sampled first 58 non-empty rows from worksheet.
paper-1997-05,The Full Cost Of High-Speed Rail: An Engineering Approach,READY-TO-UPLOAD/PUBLIC,/Users/dlev2617/Documents/Code/Agents/github-packages/READY-TO-UPLOAD/PUBLIC/paper-1997-05-the-full-cost-of-high-speed-rail-an-engineering-approach,data/analysis_workbooks/original_legacy/hsr_appendix6_d2.xls,Trainset,column_48,,empty,0,,,,xls,medium,Some headers were missing; generated column_N names. Sampled first 58 non-empty rows from worksheet.
paper-1997-05,The Full Cost Of High-Speed Rail: An Engineering Approach,READY-TO-UPLOAD/PUBLIC,/Users/dlev2617/Documents/Code/Agents/github-packages/READY-TO-UPLOAD/PUBLIC/paper-1997-05-the-full-cost-of-high-speed-rail-an-engineering-approach,data/analysis_workbooks/original_legacy/hsr_appendix6_d2.xls,Trainset,column_49,,empty,0,,,,xls,medium,Some headers were missing; generated column_N names. Sampled first 58 non-empty rows from worksheet.
paper-1997-05,The Full Cost Of High-Speed Rail: An Engineering Approach,READY-TO-UPLOAD/PUBLIC,/Users/dlev2617/Documents/Code/Agents/github-packages/READY-TO-UPLOAD/PUBLIC/paper-1997-05-the-full-cost-of-high-speed-rail-an-engineering-approach,data/analysis_workbooks/original_legacy/hsr_appendix6_d2.xls,Trainset,column_50,,empty,0,,,,xls,medium,Some headers were missing; generated column_N names. Sampled first 58 non-empty rows from worksheet.
paper-1997-05,The Full Cost Of High-Speed Rail: An Engineering Approach,READY-TO-UPLOAD/PUBLIC,/Users/dlev2617/Documents/Code/Agents/github-packages/READY-TO-UPLOAD/PUBLIC/paper-1997-05-the-full-cost-of-high-speed-rail-an-engineering-approach,data/analysis_workbooks/original_legacy/hsr_appendix6_d2.xls,Trainset,column_51,,empty,0,,,,xls,medium,Some headers were missing; generated column_N names. Sampled first 58 non-empty rows from worksheet.
paper-1997-05,The Full Cost Of High-Speed Rail: An Engineering Approach,READY-TO-UPLOAD/PUBLIC,/Users/dlev2617/Documents/Code/Agents/github-packages/READY-TO-UPLOAD/PUBLIC/paper-1997-05-the-full-cost-of-high-speed-rail-an-engineering-approach,data/analysis_workbooks/original_legacy/hsr_appendix6_d2.xls,Trainset,column_52,,empty,0,,,,xls,medium,Some headers were missing; generated column_N names. Sampled first 58 non-empty rows from worksheet.
paper-1997-05,The Full Cost Of High-Speed Rail: An Engineering Approach,READY-TO-UPLOAD/PUBLIC,/Users/dlev2617/Documents/Code/Agents/github-packages/READY-TO-UPLOAD/PUBLIC/paper-1997-05-the-full-cost-of-high-speed-rail-an-engineering-approach,data/analysis_workbooks/original_legacy/hsr_appendix6_d2.xls,Trainset,column_53,,empty,0,,,,xls,medium,Some headers were missing; generated column_N names. Sampled first 58 non-empty rows from worksheet.
paper-1997-05,The Full Cost Of High-Speed Rail: An Engineering Approach,READY-TO-UPLOAD/PUBLIC,/Users/dlev2617/Documents/Code/Agents/github-packages/READY-TO-UPLOAD/PUBLIC/paper-1997-05-the-full-cost-of-high-speed-rail-an-engineering-approach,data/analysis_workbooks/original_legacy/hsr_appendix6_d2.xls,Trainset,column_54,,empty,0,,,,xls,medium,Some headers were missing; generated column_N names. Sampled first 58 non-empty rows from worksheet.
paper-1997-05,The Full Cost Of High-Speed Rail: An Engineering Approach,READY-TO-UPLOAD/PUBLIC,/Users/dlev2617/Documents/Code/Agents/github-packages/READY-TO-UPLOAD/PUBLIC/paper-1997-05-the-full-cost-of-high-speed-rail-an-engineering-approach,data/analysis_workbooks/original_legacy/hsr_appendix6_d2.xls,Trainset,column_55,,empty,0,,,,xls,medium,Some headers were missing; generated column_N names. Sampled first 58 non-empty rows from worksheet.
paper-1997-05,The Full Cost Of High-Speed Rail: An Engineering Approach,READY-TO-UPLOAD/PUBLIC,/Users/dlev2617/Documents/Code/Agents/github-packages/READY-TO-UPLOAD/PUBLIC/paper-1997-05-the-full-cost-of-high-speed-rail-an-engineering-approach,data/analysis_workbooks/original_legacy/hsr_appendix6_d2.xls,Trainset,column_56,,empty,0,,,,xls,medium,Some headers were missing; generated column_N names. Sampled first 58 non-empty rows from worksheet.
paper-1997-05,The Full Cost Of High-Speed Rail: An Engineering Approach,READY-TO-UPLOAD/PUBLIC,/Users/dlev2617/Documents/Code/Agents/github-packages/READY-TO-UPLOAD/PUBLIC/paper-1997-05-the-full-cost-of-high-speed-rail-an-engineering-approach,data/analysis_workbooks/original_legacy/hsr_appendix6_d2.xls,Trainset,column_57,,empty,0,,,,xls,medium,Some headers were missing; generated column_N names. Sampled first 58 non-empty rows from worksheet.
paper-1997-05,The Full Cost Of High-Speed Rail: An Engineering Approach,READY-TO-UPLOAD/PUBLIC,/Users/dlev2617/Documents/Code/Agents/github-packages/READY-TO-UPLOAD/PUBLIC/paper-1997-05-the-full-cost-of-high-speed-rail-an-engineering-approach,data/analysis_workbooks/original_legacy/hsr_appendix6_d2.xls,Trainset,column_58,,empty,0,,,,xls,medium,Some headers were missing; generated column_N names. Sampled first 58 non-empty rows from worksheet.
paper-1997-05,The Full Cost Of High-Speed Rail: An Engineering Approach,READY-TO-UPLOAD/PUBLIC,/Users/dlev2617/Documents/Code/Agents/github-packages/READY-TO-UPLOAD/PUBLIC/paper-1997-05-the-full-cost-of-high-speed-rail-an-engineering-approach,data/analysis_workbooks/original_legacy/hsr_appendix6_d2.xls,Trainset,column_59,,empty,0,,,,xls,medium,Some headers were missing; generated column_N names. Sampled first 58 non-empty rows from worksheet.
paper-1997-05,The Full Cost Of High-Speed Rail: An Engineering Approach,READY-TO-UPLOAD/PUBLIC,/Users/dlev2617/Documents/Code/Agents/github-packages/READY-TO-UPLOAD/PUBLIC/paper-1997-05-the-full-cost-of-high-speed-rail-an-engineering-approach,data/analysis_workbooks/original_legacy/hsr_appendix6_d2.xls,Trainset,column_60,,empty,0,,,,xls,medium,Some headers were missing; generated column_N names. Sampled first 58 non-empty rows from worksheet.
paper-1997-05,The Full Cost Of High-Speed Rail: An Engineering Approach,READY-TO-UPLOAD/PUBLIC,/Users/dlev2617/Documents/Code/Agents/github-packages/READY-TO-UPLOAD/PUBLIC/paper-1997-05-the-full-cost-of-high-speed-rail-an-engineering-approach,data/analysis_workbooks/original_legacy/hsr_appendix6_d2.xls,Trainset,column_61,,empty,0,,,,xls,medium,Some headers were missing; generated column_N names. Sampled first 58 non-empty rows from worksheet.
paper-1997-05,The Full Cost Of High-Speed Rail: An Engineering Approach,READY-TO-UPLOAD/PUBLIC,/Users/dlev2617/Documents/Code/Agents/github-packages/READY-TO-UPLOAD/PUBLIC/paper-1997-05-the-full-cost-of-high-speed-rail-an-engineering-approach,data/analysis_workbooks/original_legacy/hsr_appendix6_d2.xls,Trainset,column_62,,empty,0,,,,xls,medium,Some headers were missing; generated column_N names. Sampled first 58 non-empty rows from worksheet.
paper-1997-05,The Full Cost Of High-Speed Rail: An Engineering Approach,READY-TO-UPLOAD/PUBLIC,/Users/dlev2617/Documents/Code/Agents/github-packages/READY-TO-UPLOAD/PUBLIC/paper-1997-05-the-full-cost-of-high-speed-rail-an-engineering-approach,data/analysis_workbooks/original_legacy/hsr_appendix6_d2.xls,Trainset,column_63,,empty,0,,,,xls,medium,Some headers were missing; generated column_N names. Sampled first 58 non-empty rows from worksheet.
paper-1997-05,The Full Cost Of High-Speed Rail: An Engineering Approach,READY-TO-UPLOAD/PUBLIC,/Users/dlev2617/Documents/Code/Agents/github-packages/READY-TO-UPLOAD/PUBLIC/paper-1997-05-the-full-cost-of-high-speed-rail-an-engineering-approach,data/analysis_workbooks/original_legacy/hsr_appendix6_d2.xls,Trainset,column_64,,empty,0,,,,xls,medium,Some headers were missing; generated column_N names. Sampled first 58 non-empty rows from worksheet.
paper-1997-05,The Full Cost Of High-Speed Rail: An Engineering Approach,READY-TO-UPLOAD/PUBLIC,/Users/dlev2617/Documents/Code/Agents/github-packages/READY-TO-UPLOAD/PUBLIC/paper-1997-05-the-full-cost-of-high-speed-rail-an-engineering-approach,data/analysis_workbooks/original_legacy/hsr_appendix6_d2.xls,Trainset,column_65,,empty,0,,,,xls,medium,Some headers were missing; generated column_N names. Sampled first 58 non-empty rows from worksheet.
paper-1997-05,The Full Cost Of High-Speed Rail: An Engineering Approach,READY-TO-UPLOAD/PUBLIC,/Users/dlev2617/Documents/Code/Agents/github-packages/READY-TO-UPLOAD/PUBLIC/paper-1997-05-the-full-cost-of-high-speed-rail-an-engineering-approach,data/analysis_workbooks/original_legacy/hsr_appendix6_d2.xls,Trainset,column_66,,empty,0,,,,xls,medium,Some headers were missing; generated column_N names. Sampled first 58 non-empty rows from worksheet.
paper-1997-05,The Full Cost Of High-Speed Rail: An Engineering Approach,READY-TO-UPLOAD/PUBLIC,/Users/dlev2617/Documents/Code/Agents/github-packages/READY-TO-UPLOAD/PUBLIC/paper-1997-05-the-full-cost-of-high-speed-rail-an-engineering-approach,data/analysis_workbooks/original_legacy/hsr_appendix6_d2.xls,Trainset,column_67,,empty,0,,,,xls,medium,Some headers were missing; generated column_N names. Sampled first 58 non-empty rows from worksheet.
paper-1997-05,The Full Cost Of High-Speed Rail: An Engineering Approach,READY-TO-UPLOAD/PUBLIC,/Users/dlev2617/Documents/Code/Agents/github-packages/READY-TO-UPLOAD/PUBLIC/paper-1997-05-the-full-cost-of-high-speed-rail-an-engineering-approach,data/analysis_workbooks/original_legacy/hsr_appendix6_d2.xls,Trainset,column_68,,empty,0,,,,xls,medium,Some headers were missing; generated column_N names. Sampled first 58 non-empty rows from worksheet.
paper-1997-05,The Full Cost Of High-Speed Rail: An Engineering Approach,READY-TO-UPLOAD/PUBLIC,/Users/dlev2617/Documents/Code/Agents/github-packages/READY-TO-UPLOAD/PUBLIC/paper-1997-05-the-full-cost-of-high-speed-rail-an-engineering-approach,data/analysis_workbooks/original_legacy/hsr_appendix6_d2.xls,Trainset,column_69,,empty,0,,,,xls,medium,Some headers were missing; generated column_N names. Sampled first 58 non-empty rows from worksheet.
paper-1997-05,The Full Cost Of High-Speed Rail: An Engineering Approach,READY-TO-UPLOAD/PUBLIC,/Users/dlev2617/Documents/Code/Agents/github-packages/READY-TO-UPLOAD/PUBLIC/paper-1997-05-the-full-cost-of-high-speed-rail-an-engineering-approach,data/analysis_workbooks/original_legacy/hsr_appendix6_d2.xls,Trainset,column_70,,empty,0,,,,xls,medium,Some headers were missing; generated column_N names. Sampled first 58 non-empty rows from worksheet.
paper-1997-05,The Full Cost Of High-Speed Rail: An Engineering Approach,READY-TO-UPLOAD/PUBLIC,/Users/dlev2617/Documents/Code/Agents/github-packages/READY-TO-UPLOAD/PUBLIC/paper-1997-05-the-full-cost-of-high-speed-rail-an-engineering-approach,data/analysis_workbooks/original_legacy/hsr_appendix6_d2.xls,Trainset,column_71,,empty,0,,,,xls,medium,Some headers were missing; generated column_N names. Sampled first 58 non-empty rows from worksheet.
paper-1997-05,The Full Cost Of High-Speed Rail: An Engineering Approach,READY-TO-UPLOAD/PUBLIC,/Users/dlev2617/Documents/Code/Agents/github-packages/READY-TO-UPLOAD/PUBLIC/paper-1997-05-the-full-cost-of-high-speed-rail-an-engineering-approach,data/analysis_workbooks/original_legacy/hsr_appendix6_d2.xls,Trainset,column_72,,empty,0,,,,xls,medium,Some headers were missing; generated column_N names. Sampled first 58 non-empty rows from worksheet.
paper-1997-05,The Full Cost Of High-Speed Rail: An Engineering Approach,READY-TO-UPLOAD/PUBLIC,/Users/dlev2617/Documents/Code/Agents/github-packages/READY-TO-UPLOAD/PUBLIC/paper-1997-05-the-full-cost-of-high-speed-rail-an-engineering-approach,data/analysis_workbooks/original_legacy/hsr_appendix6_d2.xls,Trainset,column_73,,empty,0,,,,xls,medium,Some headers were missing; generated column_N names. Sampled first 58 non-empty rows from worksheet.
paper-1997-05,The Full Cost Of High-Speed Rail: An Engineering Approach,READY-TO-UPLOAD/PUBLIC,/Users/dlev2617/Documents/Code/Agents/github-packages/READY-TO-UPLOAD/PUBLIC/paper-1997-05-the-full-cost-of-high-speed-rail-an-engineering-approach,data/analysis_workbooks/original_legacy/hsr_appendix6_d2.xls,Trainset,column_74,,empty,0,,,,xls,medium,Some headers were missing; generated column_N names. Sampled first 58 non-empty rows from worksheet.
paper-1997-05,The Full Cost Of High-Speed Rail: An Engineering Approach,READY-TO-UPLOAD/PUBLIC,/Users/dlev2617/Documents/Code/Agents/github-packages/READY-TO-UPLOAD/PUBLIC/paper-1997-05-the-full-cost-of-high-speed-rail-an-engineering-approach,data/analysis_workbooks/original_legacy/hsr_appendix6_d2.xls,Trainset,column_75,,empty,0,,,,xls,medium,Some headers were missing; generated column_N names. Sampled first 58 non-empty rows from worksheet.
paper-1997-05,The Full Cost Of High-Speed Rail: An Engineering Approach,READY-TO-UPLOAD/PUBLIC,/Users/dlev2617/Documents/Code/Agents/github-packages/READY-TO-UPLOAD/PUBLIC/paper-1997-05-the-full-cost-of-high-speed-rail-an-engineering-approach,data/analysis_workbooks/original_legacy/hsr_appendix6_d2.xls,Trainset,column_76,,empty,0,,,,xls,medium,Some headers were missing; generated column_N names. Sampled first 58 non-empty rows from worksheet.
paper-1997-05,The Full Cost Of High-Speed Rail: An Engineering Approach,READY-TO-UPLOAD/PUBLIC,/Users/dlev2617/Documents/Code/Agents/github-packages/READY-TO-UPLOAD/PUBLIC/paper-1997-05-the-full-cost-of-high-speed-rail-an-engineering-approach,data/analysis_workbooks/original_legacy/hsr_appendix6_d2.xls,Trainset,column_77,,empty,0,,,,xls,medium,Some headers were missing; generated column_N names. Sampled first 58 non-empty rows from worksheet.
paper-1997-05,The Full Cost Of High-Speed Rail: An Engineering Approach,READY-TO-UPLOAD/PUBLIC,/Users/dlev2617/Documents/Code/Agents/github-packages/READY-TO-UPLOAD/PUBLIC/paper-1997-05-the-full-cost-of-high-speed-rail-an-engineering-approach,data/analysis_workbooks/original_legacy/hsr_appendix6_d2.xls,Trainset,column_78,,empty,0,,,,xls,medium,Some headers were missing; generated column_N names. Sampled first 58 non-empty rows from worksheet.
paper-1997-05,The Full Cost Of High-Speed Rail: An Engineering Approach,READY-TO-UPLOAD/PUBLIC,/Users/dlev2617/Documents/Code/Agents/github-packages/READY-TO-UPLOAD/PUBLIC/paper-1997-05-the-full-cost-of-high-speed-rail-an-engineering-approach,data/analysis_workbooks/original_legacy/hsr_appendix6_d2.xls,Trainset,column_79,,empty,0,,,,xls,medium,Some headers were missing; generated column_N names. Sampled first 58 non-empty rows from worksheet.
paper-1997-05,The Full Cost Of High-Speed Rail: An Engineering Approach,READY-TO-UPLOAD/PUBLIC,/Users/dlev2617/Documents/Code/Agents/github-packages/READY-TO-UPLOAD/PUBLIC/paper-1997-05-the-full-cost-of-high-speed-rail-an-engineering-approach,data/analysis_workbooks/original_legacy/hsr_appendix6_d2.xls,Trainset,column_80,,empty,0,,,,xls,medium,Some headers were missing; generated column_N names. Sampled first 58 non-empty rows from worksheet.
paper-1997-05,The Full Cost Of High-Speed Rail: An Engineering Approach,READY-TO-UPLOAD/PUBLIC,/Users/dlev2617/Documents/Code/Agents/github-packages/READY-TO-UPLOAD/PUBLIC/paper-1997-05-the-full-cost-of-high-speed-rail-an-engineering-approach,data/analysis_workbooks/original_legacy/hsr_appendix6_d2.xls,Trainset,column_81,,empty,0,,,,xls,medium,Some headers were missing; generated column_N names. Sampled first 58 non-empty rows from worksheet.
paper-1997-05,The Full Cost Of High-Speed Rail: An Engineering Approach,READY-TO-UPLOAD/PUBLIC,/Users/dlev2617/Documents/Code/Agents/github-packages/READY-TO-UPLOAD/PUBLIC/paper-1997-05-the-full-cost-of-high-speed-rail-an-engineering-approach,data/analysis_workbooks/original_legacy/hsr_appendix6_d2.xls,Trainset,column_82,,empty,0,,,,xls,medium,Some headers were missing; generated column_N names. Sampled first 58 non-empty rows from worksheet.
paper-1997-05,The Full Cost Of High-Speed Rail: An Engineering Approach,READY-TO-UPLOAD/PUBLIC,/Users/dlev2617/Documents/Code/Agents/github-packages/READY-TO-UPLOAD/PUBLIC/paper-1997-05-the-full-cost-of-high-speed-rail-an-engineering-approach,data/analysis_workbooks/original_legacy/hsr_appendix6_d2.xls,Trainset,column_83,,empty,0,,,,xls,medium,Some headers were missing; generated column_N names. Sampled first 58 non-empty rows from worksheet.
paper-1997-05,The Full Cost Of High-Speed Rail: An Engineering Approach,READY-TO-UPLOAD/PUBLIC,/Users/dlev2617/Documents/Code/Agents/github-packages/READY-TO-UPLOAD/PUBLIC/paper-1997-05-the-full-cost-of-high-speed-rail-an-engineering-approach,data/analysis_workbooks/original_legacy/hsr_appendix6_d2.xls,Trainset,column_84,,empty,0,,,,xls,medium,Some headers were missing; generated column_N names. Sampled first 58 non-empty rows from worksheet.
paper-1997-05,The Full Cost Of High-Speed Rail: An Engineering Approach,READY-TO-UPLOAD/PUBLIC,/Users/dlev2617/Documents/Code/Agents/github-packages/READY-TO-UPLOAD/PUBLIC/paper-1997-05-the-full-cost-of-high-speed-rail-an-engineering-approach,data/analysis_workbooks/original_legacy/hsr_appendix6_d2.xls,Trainset,column_85,,empty,0,,,,xls,medium,Some headers were missing; generated column_N names. Sampled first 58 non-empty rows from worksheet.
paper-1997-05,The Full Cost Of High-Speed Rail: An Engineering Approach,READY-TO-UPLOAD/PUBLIC,/Users/dlev2617/Documents/Code/Agents/github-packages/READY-TO-UPLOAD/PUBLIC/paper-1997-05-the-full-cost-of-high-speed-rail-an-engineering-approach,data/analysis_workbooks/original_legacy/hsr_appendix6_d2.xls,Trainset,column_86,,empty,0,,,,xls,medium,Some headers were missing; generated column_N names. Sampled first 58 non-empty rows from worksheet.
paper-1997-05,The Full Cost Of High-Speed Rail: An Engineering Approach,READY-TO-UPLOAD/PUBLIC,/Users/dlev2617/Documents/Code/Agents/github-packages/READY-TO-UPLOAD/PUBLIC/paper-1997-05-the-full-cost-of-high-speed-rail-an-engineering-approach,data/analysis_workbooks/original_legacy/hsr_appendix6_d2.xls,Trainset,column_87,,empty,0,,,,xls,medium,Some headers were missing; generated column_N names. Sampled first 58 non-empty rows from worksheet.
paper-1997-05,The Full Cost Of High-Speed Rail: An Engineering Approach,READY-TO-UPLOAD/PUBLIC,/Users/dlev2617/Documents/Code/Agents/github-packages/READY-TO-UPLOAD/PUBLIC/paper-1997-05-the-full-cost-of-high-speed-rail-an-engineering-approach,data/analysis_workbooks/original_legacy/hsr_appendix6_d2.xls,Trainset,column_88,,empty,0,,,,xls,medium,Some headers were missing; generated column_N names. Sampled first 58 non-empty rows from worksheet.
paper-1997-05,The Full Cost Of High-Speed Rail: An Engineering Approach,READY-TO-UPLOAD/PUBLIC,/Users/dlev2617/Documents/Code/Agents/github-packages/READY-TO-UPLOAD/PUBLIC/paper-1997-05-the-full-cost-of-high-speed-rail-an-engineering-approach,data/analysis_workbooks/original_legacy/hsr_appendix6_d2.xls,Trainset,column_89,,empty,0,,,,xls,medium,Some headers were missing; generated column_N names. Sampled first 58 non-empty rows from worksheet.
paper-1997-05,The Full Cost Of High-Speed Rail: An Engineering Approach,READY-TO-UPLOAD/PUBLIC,/Users/dlev2617/Documents/Code/Agents/github-packages/READY-TO-UPLOAD/PUBLIC/paper-1997-05-the-full-cost-of-high-speed-rail-an-engineering-approach,data/analysis_workbooks/original_legacy/hsr_appendix6_d2.xls,Trainset,column_90,,empty,0,,,,xls,medium,Some headers were missing; generated column_N names. Sampled first 58 non-empty rows from worksheet.
paper-1997-05,The Full Cost Of High-Speed Rail: An Engineering Approach,READY-TO-UPLOAD/PUBLIC,/Users/dlev2617/Documents/Code/Agents/github-packages/READY-TO-UPLOAD/PUBLIC/paper-1997-05-the-full-cost-of-high-speed-rail-an-engineering-approach,data/analysis_workbooks/original_legacy/hsr_appendix6_d2.xls,Trainset,column_91,,empty,0,,,,xls,medium,Some headers were missing; generated column_N names. Sampled first 58 non-empty rows from worksheet.
paper-1997-05,The Full Cost Of High-Speed Rail: An Engineering Approach,READY-TO-UPLOAD/PUBLIC,/Users/dlev2617/Documents/Code/Agents/github-packages/READY-TO-UPLOAD/PUBLIC/paper-1997-05-the-full-cost-of-high-speed-rail-an-engineering-approach,data/analysis_workbooks/original_legacy/hsr_appendix6_d2.xls,Trainset,column_92,,empty,0,,,,xls,medium,Some headers were missing; generated column_N names. Sampled first 58 non-empty rows from worksheet.
paper-1997-05,The Full Cost Of High-Speed Rail: An Engineering Approach,READY-TO-UPLOAD/PUBLIC,/Users/dlev2617/Documents/Code/Agents/github-packages/READY-TO-UPLOAD/PUBLIC/paper-1997-05-the-full-cost-of-high-speed-rail-an-engineering-approach,data/analysis_workbooks/original_legacy/hsr_appendix6_d2.xls,Trainset,column_93,,empty,0,,,,xls,medium,Some headers were missing; generated column_N names. Sampled first 58 non-empty rows from worksheet.
paper-1997-05,The Full Cost Of High-Speed Rail: An Engineering Approach,READY-TO-UPLOAD/PUBLIC,/Users/dlev2617/Documents/Code/Agents/github-packages/READY-TO-UPLOAD/PUBLIC/paper-1997-05-the-full-cost-of-high-speed-rail-an-engineering-approach,data/analysis_workbooks/original_legacy/hsr_appendix6_d2.xls,Trainset,column_94,,empty,0,,,,xls,medium,Some headers were missing; generated column_N names. Sampled first 58 non-empty rows from worksheet.
paper-1997-05,The Full Cost Of High-Speed Rail: An Engineering Approach,READY-TO-UPLOAD/PUBLIC,/Users/dlev2617/Documents/Code/Agents/github-packages/READY-TO-UPLOAD/PUBLIC/paper-1997-05-the-full-cost-of-high-speed-rail-an-engineering-approach,data/analysis_workbooks/original_legacy/hsr_appendix6_d2.xls,Trainset,column_95,,empty,0,,,,xls,medium,Some headers were missing; generated column_N names. Sampled first 58 non-empty rows from worksheet.
paper-1997-05,The Full Cost Of High-Speed Rail: An Engineering Approach,READY-TO-UPLOAD/PUBLIC,/Users/dlev2617/Documents/Code/Agents/github-packages/READY-TO-UPLOAD/PUBLIC/paper-1997-05-the-full-cost-of-high-speed-rail-an-engineering-approach,data/analysis_workbooks/original_legacy/hsr_appendix6_d2.xls,Trainset,column_96,,empty,0,,,,xls,medium,Some headers were missing; generated column_N names. Sampled first 58 non-empty rows from worksheet.
paper-1997-05,The Full Cost Of High-Speed Rail: An Engineering Approach,READY-TO-UPLOAD/PUBLIC,/Users/dlev2617/Documents/Code/Agents/github-packages/READY-TO-UPLOAD/PUBLIC/paper-1997-05-the-full-cost-of-high-speed-rail-an-engineering-approach,data/analysis_workbooks/original_legacy/hsr_appendix6_d2.xls,Trainset,column_97,,empty,0,,,,xls,medium,Some headers were missing; generated column_N names. Sampled first 58 non-empty rows from worksheet.
paper-1997-05,The Full Cost Of High-Speed Rail: An Engineering Approach,READY-TO-UPLOAD/PUBLIC,/Users/dlev2617/Documents/Code/Agents/github-packages/READY-TO-UPLOAD/PUBLIC/paper-1997-05-the-full-cost-of-high-speed-rail-an-engineering-approach,data/analysis_workbooks/original_legacy/hsr_appendix6_d2.xls,Trainset,column_98,,empty,0,,,,xls,medium,Some headers were missing; generated column_N names. Sampled first 58 non-empty rows from worksheet.
paper-1997-05,The Full Cost Of High-Speed Rail: An Engineering Approach,READY-TO-UPLOAD/PUBLIC,/Users/dlev2617/Documents/Code/Agents/github-packages/READY-TO-UPLOAD/PUBLIC/paper-1997-05-the-full-cost-of-high-speed-rail-an-engineering-approach,data/analysis_workbooks/original_legacy/hsr_appendix6_d2.xls,Trainset,column_99,,empty,0,,,,xls,medium,Some headers were missing; generated column_N names. Sampled first 58 non-empty rows from worksheet.
paper-1997-05,The Full Cost Of High-Speed Rail: An Engineering Approach,READY-TO-UPLOAD/PUBLIC,/Users/dlev2617/Documents/Code/Agents/github-packages/READY-TO-UPLOAD/PUBLIC/paper-1997-05-the-full-cost-of-high-speed-rail-an-engineering-approach,data/analysis_workbooks/original_legacy/hsr_appendix6_d2.xls,Trainset,column_100,,empty,0,,,,xls,medium,Some headers were missing; generated column_N names. Sampled first 58 non-empty rows from worksheet.
paper-1997-05,The Full Cost Of High-Speed Rail: An Engineering Approach,READY-TO-UPLOAD/PUBLIC,/Users/dlev2617/Documents/Code/Agents/github-packages/READY-TO-UPLOAD/PUBLIC/paper-1997-05-the-full-cost-of-high-speed-rail-an-engineering-approach,data/analysis_workbooks/original_legacy/hsr_appendix6_d2.xls,Trainset,column_101,,numeric,2,14.816666666666666 | -14.816666666666666,-14.8166666667,14.8166666667,xls,medium,Some headers were missing; generated column_N names. Sampled first 58 non-empty rows from worksheet.
paper-1997-05,The Full Cost Of High-Speed Rail: An Engineering Approach,READY-TO-UPLOAD/PUBLIC,/Users/dlev2617/Documents/Code/Agents/github-packages/READY-TO-UPLOAD/PUBLIC/paper-1997-05-the-full-cost-of-high-speed-rail-an-engineering-approach,data/analysis_workbooks/original_legacy/hsr_appendix6_d2.xls,Trainset,column_102,,numeric,2,14.816666666666666 | -14.816666666666666,-14.8166666667,14.8166666667,xls,medium,Some headers were missing; generated column_N names. Sampled first 58 non-empty rows from worksheet.
paper-1997-05,The Full Cost Of High-Speed Rail: An Engineering Approach,READY-TO-UPLOAD/PUBLIC,/Users/dlev2617/Documents/Code/Agents/github-packages/READY-TO-UPLOAD/PUBLIC/paper-1997-05-the-full-cost-of-high-speed-rail-an-engineering-approach,data/analysis_workbooks/original_legacy/hsr_appendix6_d2.xls,Trainset,column_103,,numeric,2,14.816666666666666 | -14.816666666666666,-14.8166666667,14.8166666667,xls,medium,Some headers were missing; generated column_N names. Sampled first 58 non-empty rows from worksheet.
paper-1997-05,The Full Cost Of High-Speed Rail: An Engineering Approach,READY-TO-UPLOAD/PUBLIC,/Users/dlev2617/Documents/Code/Agents/github-packages/READY-TO-UPLOAD/PUBLIC/paper-1997-05-the-full-cost-of-high-speed-rail-an-engineering-approach,data/analysis_workbooks/original_legacy/hsr_appendix6_d2.xls,Trainset,column_104,,numeric,2,14.816666666666666 | -14.816666666666666,-14.8166666667,14.8166666667,xls,medium,Some headers were missing; generated column_N names. Sampled first 58 non-empty rows from worksheet.
paper-1997-05,The Full Cost Of High-Speed Rail: An Engineering Approach,READY-TO-UPLOAD/PUBLIC,/Users/dlev2617/Documents/Code/Agents/github-packages/READY-TO-UPLOAD/PUBLIC/paper-1997-05-the-full-cost-of-high-speed-rail-an-engineering-approach,data/analysis_workbooks/original_legacy/hsr_appendix6_d2.xls,Trainset,column_105,,numeric,2,14.816666666666666 | -14.816666666666666,-14.8166666667,14.8166666667,xls,medium,Some headers were missing; generated column_N names. Sampled first 58 non-empty rows from worksheet.
paper-1997-05,The Full Cost Of High-Speed Rail: An Engineering Approach,READY-TO-UPLOAD/PUBLIC,/Users/dlev2617/Documents/Code/Agents/github-packages/READY-TO-UPLOAD/PUBLIC/paper-1997-05-the-full-cost-of-high-speed-rail-an-engineering-approach,data/analysis_workbooks/original_legacy/hsr_appendix6_d2.xls,Trainset,column_106,,numeric,2,14.816666666666666 | -14.816666666666666,-14.8166666667,14.8166666667,xls,medium,Some headers were missing; generated column_N names. Sampled first 58 non-empty rows from worksheet.
paper-1997-05,The Full Cost Of High-Speed Rail: An Engineering Approach,READY-TO-UPLOAD/PUBLIC,/Users/dlev2617/Documents/Code/Agents/github-packages/READY-TO-UPLOAD/PUBLIC/paper-1997-05-the-full-cost-of-high-speed-rail-an-engineering-approach,data/analysis_workbooks/original_legacy/hsr_appendix6_d2.xls,Trainset,column_107,,numeric,2,14.816666666666666 | -14.816666666666666,-14.8166666667,14.8166666667,xls,medium,Some headers were missing; generated column_N names. Sampled first 58 non-empty rows from worksheet.
paper-1997-05,The Full Cost Of High-Speed Rail: An Engineering Approach,READY-TO-UPLOAD/PUBLIC,/Users/dlev2617/Documents/Code/Agents/github-packages/READY-TO-UPLOAD/PUBLIC/paper-1997-05-the-full-cost-of-high-speed-rail-an-engineering-approach,data/analysis_workbooks/original_legacy/hsr_appendix6_d2.xls,Trainset,column_108,,numeric,2,14.816666666666666 | -14.816666666666666,-14.8166666667,14.8166666667,xls,medium,Some headers were missing; generated column_N names. Sampled first 58 non-empty rows from worksheet.
paper-1997-05,The Full Cost Of High-Speed Rail: An Engineering Approach,READY-TO-UPLOAD/PUBLIC,/Users/dlev2617/Documents/Code/Agents/github-packages/READY-TO-UPLOAD/PUBLIC/paper-1997-05-the-full-cost-of-high-speed-rail-an-engineering-approach,data/analysis_workbooks/original_legacy/hsr_appendix6_d2.xls,Trainset,column_109,,numeric,2,14.816666666666666 | -14.816666666666666,-14.8166666667,14.8166666667,xls,medium,Some headers were missing; generated column_N names. Sampled first 58 non-empty rows from worksheet.
paper-1997-05,The Full Cost Of High-Speed Rail: An Engineering Approach,READY-TO-UPLOAD/PUBLIC,/Users/dlev2617/Documents/Code/Agents/github-packages/READY-TO-UPLOAD/PUBLIC/paper-1997-05-the-full-cost-of-high-speed-rail-an-engineering-approach,data/analysis_workbooks/original_legacy/hsr_appendix6_d2.xls,Trainset,column_110,,numeric,2,14.816666666666666 | -14.816666666666666,-14.8166666667,14.8166666667,xls,medium,Some headers were missing; generated column_N names. Sampled first 58 non-empty rows from worksheet.
paper-1997-05,The Full Cost Of High-Speed Rail: An Engineering Approach,READY-TO-UPLOAD/PUBLIC,/Users/dlev2617/Documents/Code/Agents/github-packages/READY-TO-UPLOAD/PUBLIC/paper-1997-05-the-full-cost-of-high-speed-rail-an-engineering-approach,data/analysis_workbooks/original_legacy/hsr_appendix6_d2.xls,Trainset,column_111,,numeric,2,14.816666666666666 | -14.816666666666666,-14.8166666667,14.8166666667,xls,medium,Some headers were missing; generated column_N names. Sampled first 58 non-empty rows from worksheet.
paper-1997-05,The Full Cost Of High-Speed Rail: An Engineering Approach,READY-TO-UPLOAD/PUBLIC,/Users/dlev2617/Documents/Code/Agents/github-packages/READY-TO-UPLOAD/PUBLIC/paper-1997-05-the-full-cost-of-high-speed-rail-an-engineering-approach,data/analysis_workbooks/original_legacy/hsr_appendix6_d2.xls,Trainset,column_112,,numeric,2,14.816666666666666 | -14.816666666666666,-14.8166666667,14.8166666667,xls,medium,Some headers were missing; generated column_N names. Sampled first 58 non-empty rows from worksheet.
paper-1997-05,The Full Cost Of High-Speed Rail: An Engineering Approach,READY-TO-UPLOAD/PUBLIC,/Users/dlev2617/Documents/Code/Agents/github-packages/READY-TO-UPLOAD/PUBLIC/paper-1997-05-the-full-cost-of-high-speed-rail-an-engineering-approach,data/analysis_workbooks/original_legacy/hsr_appendix6_d2.xls,Trainset,column_113,,numeric,2,14.816666666666666 | -14.816666666666666,-14.8166666667,14.8166666667,xls,medium,Some headers were missing; generated column_N names. Sampled first 58 non-empty rows from worksheet.
paper-1997-05,The Full Cost Of High-Speed Rail: An Engineering Approach,READY-TO-UPLOAD/PUBLIC,/Users/dlev2617/Documents/Code/Agents/github-packages/READY-TO-UPLOAD/PUBLIC/paper-1997-05-the-full-cost-of-high-speed-rail-an-engineering-approach,data/analysis_workbooks/original_legacy/hsr_appendix6_d2.xls,Trainset,column_114,,numeric,2,14.816666666666666 | -14.816666666666666,-14.8166666667,14.8166666667,xls,medium,Some headers were missing; generated column_N names. Sampled first 58 non-empty rows from worksheet.
paper-1997-05,The Full Cost Of High-Speed Rail: An Engineering Approach,READY-TO-UPLOAD/PUBLIC,/Users/dlev2617/Documents/Code/Agents/github-packages/READY-TO-UPLOAD/PUBLIC/paper-1997-05-the-full-cost-of-high-speed-rail-an-engineering-approach,data/analysis_workbooks/original_legacy/hsr_appendix6_d2.xls,Trainset,column_115,,numeric,2,14.816666666666666 | -14.816666666666666,-14.8166666667,14.8166666667,xls,medium,Some headers were missing; generated column_N names. Sampled first 58 non-empty rows from worksheet.
paper-1997-05,The Full Cost Of High-Speed Rail: An Engineering Approach,READY-TO-UPLOAD/PUBLIC,/Users/dlev2617/Documents/Code/Agents/github-packages/READY-TO-UPLOAD/PUBLIC/paper-1997-05-the-full-cost-of-high-speed-rail-an-engineering-approach,data/analysis_workbooks/original_legacy/hsr_appendix6_d2.xls,Trainset,column_116,,numeric,2,14.816666666666666 | -14.816666666666666,-14.8166666667,14.8166666667,xls,medium,Some headers were missing; generated column_N names. Sampled first 58 non-empty rows from worksheet.
paper-1997-05,The Full Cost Of High-Speed Rail: An Engineering Approach,READY-TO-UPLOAD/PUBLIC,/Users/dlev2617/Documents/Code/Agents/github-packages/READY-TO-UPLOAD/PUBLIC/paper-1997-05-the-full-cost-of-high-speed-rail-an-engineering-approach,data/analysis_workbooks/original_legacy/hsr_appendix6_d2.xls,Trainset,column_117,,numeric,2,14.816666666666666 | -14.816666666666666,-14.8166666667,14.8166666667,xls,medium,Some headers were missing; generated column_N names. Sampled first 58 non-empty rows from worksheet.
paper-1997-05,The Full Cost Of High-Speed Rail: An Engineering Approach,READY-TO-UPLOAD/PUBLIC,/Users/dlev2617/Documents/Code/Agents/github-packages/READY-TO-UPLOAD/PUBLIC/paper-1997-05-the-full-cost-of-high-speed-rail-an-engineering-approach,data/analysis_workbooks/original_legacy/hsr_appendix6_d2.xls,Trainset,column_118,,numeric,2,14.816666666666666 | -14.816666666666666,-14.8166666667,14.8166666667,xls,medium,Some headers were missing; generated column_N names. Sampled first 58 non-empty rows from worksheet.
paper-1997-05,The Full Cost Of High-Speed Rail: An Engineering Approach,READY-TO-UPLOAD/PUBLIC,/Users/dlev2617/Documents/Code/Agents/github-packages/READY-TO-UPLOAD/PUBLIC/paper-1997-05-the-full-cost-of-high-speed-rail-an-engineering-approach,data/analysis_workbooks/original_legacy/hsr_appendix6_d2.xls,Trainset,column_119,,numeric,2,14.816666666666666 | -14.816666666666666,-14.8166666667,14.8166666667,xls,medium,Some headers were missing; generated column_N names. Sampled first 58 non-empty rows from worksheet.
paper-1997-05,The Full Cost Of High-Speed Rail: An Engineering Approach,READY-TO-UPLOAD/PUBLIC,/Users/dlev2617/Documents/Code/Agents/github-packages/READY-TO-UPLOAD/PUBLIC/paper-1997-05-the-full-cost-of-high-speed-rail-an-engineering-approach,data/analysis_workbooks/original_legacy/hsr_appendix6_d2.xls,Trainset,column_120,,numeric,2,14.816666666666666 | -14.816666666666666,-14.8166666667,14.8166666667,xls,medium,Some headers were missing; generated column_N names. Sampled first 58 non-empty rows from worksheet.
paper-1997-05,The Full Cost Of High-Speed Rail: An Engineering Approach,READY-TO-UPLOAD/PUBLIC,/Users/dlev2617/Documents/Code/Agents/github-packages/READY-TO-UPLOAD/PUBLIC/paper-1997-05-the-full-cost-of-high-speed-rail-an-engineering-approach,data/analysis_workbooks/original_legacy/hsr_appendix6_d2.xls,Trainset,column_121,,numeric,2,14.816666666666666 | -14.816666666666666,-14.8166666667,14.8166666667,xls,medium,Some headers were missing; generated column_N names. Sampled first 58 non-empty rows from worksheet.
paper-1997-05,The Full Cost Of High-Speed Rail: An Engineering Approach,READY-TO-UPLOAD/PUBLIC,/Users/dlev2617/Documents/Code/Agents/github-packages/READY-TO-UPLOAD/PUBLIC/paper-1997-05-the-full-cost-of-high-speed-rail-an-engineering-approach,data/analysis_workbooks/original_legacy/hsr_appendix6_d2.xls,Trainset,column_122,,numeric,2,14.816666666666666 | -14.816666666666666,-14.8166666667,14.8166666667,xls,medium,Some headers were missing; generated column_N names. Sampled first 58 non-empty rows from worksheet.
paper-1997-05,The Full Cost Of High-Speed Rail: An Engineering Approach,READY-TO-UPLOAD/PUBLIC,/Users/dlev2617/Documents/Code/Agents/github-packages/READY-TO-UPLOAD/PUBLIC/paper-1997-05-the-full-cost-of-high-speed-rail-an-engineering-approach,data/analysis_workbooks/original_legacy/hsr_appendix6_d2.xls,Trainset,column_123,,numeric,2,14.816666666666666 | -14.816666666666666,-14.8166666667,14.8166666667,xls,medium,Some headers were missing; generated column_N names. Sampled first 58 non-empty rows from worksheet.
paper-1997-05,The Full Cost Of High-Speed Rail: An Engineering Approach,READY-TO-UPLOAD/PUBLIC,/Users/dlev2617/Documents/Code/Agents/github-packages/READY-TO-UPLOAD/PUBLIC/paper-1997-05-the-full-cost-of-high-speed-rail-an-engineering-approach,data/analysis_workbooks/original_legacy/hsr_appendix6_d2.xls,Trainset,column_124,,numeric,2,14.816666666666666 | -14.816666666666666,-14.8166666667,14.8166666667,xls,medium,Some headers were missing; generated column_N names. Sampled first 58 non-empty rows from worksheet.
paper-1997-05,The Full Cost Of High-Speed Rail: An Engineering Approach,READY-TO-UPLOAD/PUBLIC,/Users/dlev2617/Documents/Code/Agents/github-packages/READY-TO-UPLOAD/PUBLIC/paper-1997-05-the-full-cost-of-high-speed-rail-an-engineering-approach,data/analysis_workbooks/original_legacy/hsr_appendix6_d2.xls,Trainset,column_125,,numeric,2,14.816666666666666 | -14.816666666666666,-14.8166666667,14.8166666667,xls,medium,Some headers were missing; generated column_N names. Sampled first 58 non-empty rows from worksheet.
paper-1997-05,The Full Cost Of High-Speed Rail: An Engineering Approach,READY-TO-UPLOAD/PUBLIC,/Users/dlev2617/Documents/Code/Agents/github-packages/READY-TO-UPLOAD/PUBLIC/paper-1997-05-the-full-cost-of-high-speed-rail-an-engineering-approach,data/analysis_workbooks/original_legacy/hsr_appendix6_d2.xls,Trainset,column_126,,numeric,2,14.816666666666666 | -14.816666666666666,-14.8166666667,14.8166666667,xls,medium,Some headers were missing; generated column_N names. Sampled first 58 non-empty rows from worksheet.
paper-1997-05,The Full Cost Of High-Speed Rail: An Engineering Approach,READY-TO-UPLOAD/PUBLIC,/Users/dlev2617/Documents/Code/Agents/github-packages/READY-TO-UPLOAD/PUBLIC/paper-1997-05-the-full-cost-of-high-speed-rail-an-engineering-approach,data/analysis_workbooks/original_legacy/hsr_appendix6_d2.xls,Trainset,column_127,,numeric,2,14.816666666666666 | -14.816666666666666,-14.8166666667,14.8166666667,xls,medium,Some headers were missing; generated column_N names. Sampled first 58 non-empty rows from worksheet.
paper-1997-05,The Full Cost Of High-Speed Rail: An Engineering Approach,READY-TO-UPLOAD/PUBLIC,/Users/dlev2617/Documents/Code/Agents/github-packages/READY-TO-UPLOAD/PUBLIC/paper-1997-05-the-full-cost-of-high-speed-rail-an-engineering-approach,data/analysis_workbooks/original_legacy/hsr_appendix6_d2.xls,Trainset,column_128,,numeric,2,14.816666666666666 | -14.816666666666666,-14.8166666667,14.8166666667,xls,medium,Some headers were missing; generated column_N names. Sampled first 58 non-empty rows from worksheet.
paper-1997-05,The Full Cost Of High-Speed Rail: An Engineering Approach,READY-TO-UPLOAD/PUBLIC,/Users/dlev2617/Documents/Code/Agents/github-packages/READY-TO-UPLOAD/PUBLIC/paper-1997-05-the-full-cost-of-high-speed-rail-an-engineering-approach,data/analysis_workbooks/original_legacy/hsr_appendix6_d2.xls,Trainset,column_129,,numeric,2,14.816666666666666 | -14.816666666666666,-14.8166666667,14.8166666667,xls,medium,Some headers were missing; generated column_N names. Sampled first 58 non-empty rows from worksheet.
paper-1997-05,The Full Cost Of High-Speed Rail: An Engineering Approach,READY-TO-UPLOAD/PUBLIC,/Users/dlev2617/Documents/Code/Agents/github-packages/READY-TO-UPLOAD/PUBLIC/paper-1997-05-the-full-cost-of-high-speed-rail-an-engineering-approach,data/analysis_workbooks/original_legacy/hsr_appendix6_d2.xls,Trainset,column_130,,numeric,2,14.816666666666666 | -14.816666666666666,-14.8166666667,14.8166666667,xls,medium,Some headers were missing; generated column_N names. Sampled first 58 non-empty rows from worksheet.
paper-1997-05,The Full Cost Of High-Speed Rail: An Engineering Approach,READY-TO-UPLOAD/PUBLIC,/Users/dlev2617/Documents/Code/Agents/github-packages/READY-TO-UPLOAD/PUBLIC/paper-1997-05-the-full-cost-of-high-speed-rail-an-engineering-approach,data/analysis_workbooks/original_legacy/hsr_appendix6_d2.xls,Trainset,column_131,,numeric,2,14.816666666666666 | -14.816666666666666,-14.8166666667,14.8166666667,xls,medium,Some headers were missing; generated column_N names. Sampled first 58 non-empty rows from worksheet.
paper-1997-05,The Full Cost Of High-Speed Rail: An Engineering Approach,READY-TO-UPLOAD/PUBLIC,/Users/dlev2617/Documents/Code/Agents/github-packages/READY-TO-UPLOAD/PUBLIC/paper-1997-05-the-full-cost-of-high-speed-rail-an-engineering-approach,data/analysis_workbooks/original_legacy/hsr_appendix6_d2.xls,Trainset,column_132,,numeric,2,14.816666666666666 | -14.816666666666666,-14.8166666667,14.8166666667,xls,medium,Some headers were missing; generated column_N names. Sampled first 58 non-empty rows from worksheet.
paper-1997-05,The Full Cost Of High-Speed Rail: An Engineering Approach,READY-TO-UPLOAD/PUBLIC,/Users/dlev2617/Documents/Code/Agents/github-packages/READY-TO-UPLOAD/PUBLIC/paper-1997-05-the-full-cost-of-high-speed-rail-an-engineering-approach,data/analysis_workbooks/original_legacy/hsr_appendix6_d2.xls,Trainset,column_133,,numeric,2,14.816666666666666 | -14.816666666666666,-14.8166666667,14.8166666667,xls,medium,Some headers were missing; generated column_N names. Sampled first 58 non-empty rows from worksheet.
paper-1997-05,The Full Cost Of High-Speed Rail: An Engineering Approach,READY-TO-UPLOAD/PUBLIC,/Users/dlev2617/Documents/Code/Agents/github-packages/READY-TO-UPLOAD/PUBLIC/paper-1997-05-the-full-cost-of-high-speed-rail-an-engineering-approach,data/analysis_workbooks/original_legacy/hsr_appendix6_d2.xls,Trainset,column_134,,numeric,2,14.816666666666666 | -14.816666666666666,-14.8166666667,14.8166666667,xls,medium,Some headers were missing; generated column_N names. Sampled first 58 non-empty rows from worksheet.
paper-1997-05,The Full Cost Of High-Speed Rail: An Engineering Approach,READY-TO-UPLOAD/PUBLIC,/Users/dlev2617/Documents/Code/Agents/github-packages/READY-TO-UPLOAD/PUBLIC/paper-1997-05-the-full-cost-of-high-speed-rail-an-engineering-approach,data/analysis_workbooks/original_legacy/hsr_appendix6_d2.xls,Trainset,column_135,,numeric,2,14.816666666666666 | -14.816666666666666,-14.8166666667,14.8166666667,xls,medium,Some headers were missing; generated column_N names. Sampled first 58 non-empty rows from worksheet.
paper-1997-05,The Full Cost Of High-Speed Rail: An Engineering Approach,READY-TO-UPLOAD/PUBLIC,/Users/dlev2617/Documents/Code/Agents/github-packages/READY-TO-UPLOAD/PUBLIC/paper-1997-05-the-full-cost-of-high-speed-rail-an-engineering-approach,data/analysis_workbooks/original_legacy/hsr_appendix6_d2.xls,Trainset,column_136,,numeric,2,14.816666666666666 | -14.816666666666666,-14.8166666667,14.8166666667,xls,medium,Some headers were missing; generated column_N names. Sampled first 58 non-empty rows from worksheet.
paper-1997-05,The Full Cost Of High-Speed Rail: An Engineering Approach,READY-TO-UPLOAD/PUBLIC,/Users/dlev2617/Documents/Code/Agents/github-packages/READY-TO-UPLOAD/PUBLIC/paper-1997-05-the-full-cost-of-high-speed-rail-an-engineering-approach,data/analysis_workbooks/original_legacy/hsr_appendix6_d2.xls,Trainset,column_137,,numeric,2,14.816666666666666 | -14.816666666666666,-14.8166666667,14.8166666667,xls,medium,Some headers were missing; generated column_N names. Sampled first 58 non-empty rows from worksheet.
paper-1997-05,The Full Cost Of High-Speed Rail: An Engineering Approach,READY-TO-UPLOAD/PUBLIC,/Users/dlev2617/Documents/Code/Agents/github-packages/READY-TO-UPLOAD/PUBLIC/paper-1997-05-the-full-cost-of-high-speed-rail-an-engineering-approach,data/analysis_workbooks/original_legacy/hsr_appendix6_d2.xls,Trainset,column_138,,numeric,2,14.816666666666666 | -14.816666666666666,-14.8166666667,14.8166666667,xls,medium,Some headers were missing; generated column_N names. Sampled first 58 non-empty rows from worksheet.
paper-1997-05,The Full Cost Of High-Speed Rail: An Engineering Approach,READY-TO-UPLOAD/PUBLIC,/Users/dlev2617/Documents/Code/Agents/github-packages/READY-TO-UPLOAD/PUBLIC/paper-1997-05-the-full-cost-of-high-speed-rail-an-engineering-approach,data/analysis_workbooks/original_legacy/hsr_appendix6_d2.xls,Trainset,column_139,,numeric,2,14.816666666666666 | -14.816666666666666,-14.8166666667,14.8166666667,xls,medium,Some headers were missing; generated column_N names. Sampled first 58 non-empty rows from worksheet.
paper-1997-05,The Full Cost Of High-Speed Rail: An Engineering Approach,READY-TO-UPLOAD/PUBLIC,/Users/dlev2617/Documents/Code/Agents/github-packages/READY-TO-UPLOAD/PUBLIC/paper-1997-05-the-full-cost-of-high-speed-rail-an-engineering-approach,data/analysis_workbooks/original_legacy/hsr_appendix6_d2.xls,Trainset,column_140,,numeric,2,14.816666666666666 | -14.816666666666666,-14.8166666667,14.8166666667,xls,medium,Some headers were missing; generated column_N names. Sampled first 58 non-empty rows from worksheet.
paper-1997-05,The Full Cost Of High-Speed Rail: An Engineering Approach,READY-TO-UPLOAD/PUBLIC,/Users/dlev2617/Documents/Code/Agents/github-packages/READY-TO-UPLOAD/PUBLIC/paper-1997-05-the-full-cost-of-high-speed-rail-an-engineering-approach,data/analysis_workbooks/original_legacy/hsr_appendix6_d2.xls,Trainset,column_141,,numeric,2,14.816666666666666 | -14.816666666666666,-14.8166666667,14.8166666667,xls,medium,Some headers were missing; generated column_N names. Sampled first 58 non-empty rows from worksheet.
paper-1997-05,The Full Cost Of High-Speed Rail: An Engineering Approach,READY-TO-UPLOAD/PUBLIC,/Users/dlev2617/Documents/Code/Agents/github-packages/READY-TO-UPLOAD/PUBLIC/paper-1997-05-the-full-cost-of-high-speed-rail-an-engineering-approach,data/analysis_workbooks/original_legacy/hsr_appendix6_d2.xls,Trainset,column_142,,numeric,2,14.816666666666666 | -14.816666666666666,-14.8166666667,14.8166666667,xls,medium,Some headers were missing; generated column_N names. Sampled first 58 non-empty rows from worksheet.
paper-1997-05,The Full Cost Of High-Speed Rail: An Engineering Approach,READY-TO-UPLOAD/PUBLIC,/Users/dlev2617/Documents/Code/Agents/github-packages/READY-TO-UPLOAD/PUBLIC/paper-1997-05-the-full-cost-of-high-speed-rail-an-engineering-approach,data/analysis_workbooks/original_legacy/hsr_appendix6_d2.xls,Trainset,column_143,,numeric,2,14.816666666666666 | -14.816666666666666,-14.8166666667,14.8166666667,xls,medium,Some headers were missing; generated column_N names. Sampled first 58 non-empty rows from worksheet.
paper-1997-05,The Full Cost Of High-Speed Rail: An Engineering Approach,READY-TO-UPLOAD/PUBLIC,/Users/dlev2617/Documents/Code/Agents/github-packages/READY-TO-UPLOAD/PUBLIC/paper-1997-05-the-full-cost-of-high-speed-rail-an-engineering-approach,data/analysis_workbooks/original_legacy/hsr_appendix6_d2.xls,Trainset,column_144,,numeric,2,14.816666666666666 | -14.816666666666666,-14.8166666667,14.8166666667,xls,medium,Some headers were missing; generated column_N names. Sampled first 58 non-empty rows from worksheet.
paper-1997-05,The Full Cost Of High-Speed Rail: An Engineering Approach,READY-TO-UPLOAD/PUBLIC,/Users/dlev2617/Documents/Code/Agents/github-packages/READY-TO-UPLOAD/PUBLIC/paper-1997-05-the-full-cost-of-high-speed-rail-an-engineering-approach,data/analysis_workbooks/original_legacy/hsr_appendix6_d2.xls,Trainset,column_145,,numeric,2,14.816666666666666 | -14.816666666666666,-14.8166666667,14.8166666667,xls,medium,Some headers were missing; generated column_N names. Sampled first 58 non-empty rows from worksheet.
paper-1997-05,The Full Cost Of High-Speed Rail: An Engineering Approach,READY-TO-UPLOAD/PUBLIC,/Users/dlev2617/Documents/Code/Agents/github-packages/READY-TO-UPLOAD/PUBLIC/paper-1997-05-the-full-cost-of-high-speed-rail-an-engineering-approach,data/analysis_workbooks/original_legacy/hsr_appendix6_d2.xls,Trainset,column_146,,numeric,2,14.816666666666666 | -14.816666666666666,-14.8166666667,14.8166666667,xls,medium,Some headers were missing; generated column_N names. Sampled first 58 non-empty rows from worksheet.
paper-1997-05,The Full Cost Of High-Speed Rail: An Engineering Approach,READY-TO-UPLOAD/PUBLIC,/Users/dlev2617/Documents/Code/Agents/github-packages/READY-TO-UPLOAD/PUBLIC/paper-1997-05-the-full-cost-of-high-speed-rail-an-engineering-approach,data/analysis_workbooks/original_legacy/hsr_appendix6_d2.xls,Trainset,column_147,,numeric,2,14.816666666666666 | -14.816666666666666,-14.8166666667,14.8166666667,xls,medium,Some headers were missing; generated column_N names. Sampled first 58 non-empty rows from worksheet.
paper-1997-05,The Full Cost Of High-Speed Rail: An Engineering Approach,READY-TO-UPLOAD/PUBLIC,/Users/dlev2617/Documents/Code/Agents/github-packages/READY-TO-UPLOAD/PUBLIC/paper-1997-05-the-full-cost-of-high-speed-rail-an-engineering-approach,data/analysis_workbooks/original_legacy/hsr_appendix6_d2.xls,Trainset,column_148,,numeric,2,14.816666666666666 | -14.816666666666666,-14.8166666667,14.8166666667,xls,medium,Some headers were missing; generated column_N names. Sampled first 58 non-empty rows from worksheet.
paper-1997-05,The Full Cost Of High-Speed Rail: An Engineering Approach,READY-TO-UPLOAD/PUBLIC,/Users/dlev2617/Documents/Code/Agents/github-packages/READY-TO-UPLOAD/PUBLIC/paper-1997-05-the-full-cost-of-high-speed-rail-an-engineering-approach,data/analysis_workbooks/original_legacy/hsr_appendix6_d2.xls,Trainset,column_149,,numeric,2,14.816666666666666 | -14.816666666666666,-14.8166666667,14.8166666667,xls,medium,Some headers were missing; generated column_N names. Sampled first 58 non-empty rows from worksheet.
paper-1997-05,The Full Cost Of High-Speed Rail: An Engineering Approach,READY-TO-UPLOAD/PUBLIC,/Users/dlev2617/Documents/Code/Agents/github-packages/READY-TO-UPLOAD/PUBLIC/paper-1997-05-the-full-cost-of-high-speed-rail-an-engineering-approach,data/analysis_workbooks/original_legacy/hsr_appendix6_d2.xls,Trainset,column_150,,numeric,2,14.816666666666666 | -14.816666666666666,-14.8166666667,14.8166666667,xls,medium,Some headers were missing; generated column_N names. Sampled first 58 non-empty rows from worksheet.
paper-1997-05,The Full Cost Of High-Speed Rail: An Engineering Approach,READY-TO-UPLOAD/PUBLIC,/Users/dlev2617/Documents/Code/Agents/github-packages/READY-TO-UPLOAD/PUBLIC/paper-1997-05-the-full-cost-of-high-speed-rail-an-engineering-approach,data/analysis_workbooks/original_legacy/hsr_appendix6_d2.xls,Trainset,column_151,,numeric,2,14.816666666666666 | -14.816666666666666,-14.8166666667,14.8166666667,xls,medium,Some headers were missing; generated column_N names. Sampled first 58 non-empty rows from worksheet.
paper-1997-05,The Full Cost Of High-Speed Rail: An Engineering Approach,READY-TO-UPLOAD/PUBLIC,/Users/dlev2617/Documents/Code/Agents/github-packages/READY-TO-UPLOAD/PUBLIC/paper-1997-05-the-full-cost-of-high-speed-rail-an-engineering-approach,data/analysis_workbooks/original_legacy/hsr_appendix6_d2.xls,Trainset,column_152,,numeric,2,14.816666666666666 | -14.816666666666666,-14.8166666667,14.8166666667,xls,medium,Some headers were missing; generated column_N names. Sampled first 58 non-empty rows from worksheet.
paper-1997-05,The Full Cost Of High-Speed Rail: An Engineering Approach,READY-TO-UPLOAD/PUBLIC,/Users/dlev2617/Documents/Code/Agents/github-packages/READY-TO-UPLOAD/PUBLIC/paper-1997-05-the-full-cost-of-high-speed-rail-an-engineering-approach,data/analysis_workbooks/original_legacy/hsr_appendix6_d2.xls,Trainset,column_153,,numeric,2,14.816666666666666 | -14.816666666666666,-14.8166666667,14.8166666667,xls,medium,Some headers were missing; generated column_N names. Sampled first 58 non-empty rows from worksheet.
paper-1997-05,The Full Cost Of High-Speed Rail: An Engineering Approach,READY-TO-UPLOAD/PUBLIC,/Users/dlev2617/Documents/Code/Agents/github-packages/READY-TO-UPLOAD/PUBLIC/paper-1997-05-the-full-cost-of-high-speed-rail-an-engineering-approach,data/analysis_workbooks/original_legacy/hsr_appendix6_d2.xls,Trainset,column_154,,numeric,2,14.816666666666666 | -14.816666666666666,-14.8166666667,14.8166666667,xls,medium,Some headers were missing; generated column_N names. Sampled first 58 non-empty rows from worksheet.
paper-1997-05,The Full Cost Of High-Speed Rail: An Engineering Approach,READY-TO-UPLOAD/PUBLIC,/Users/dlev2617/Documents/Code/Agents/github-packages/READY-TO-UPLOAD/PUBLIC/paper-1997-05-the-full-cost-of-high-speed-rail-an-engineering-approach,data/analysis_workbooks/original_legacy/hsr_appendix6_d2.xls,Trainset,column_155,,numeric,2,14.816666666666666 | -14.816666666666666,-14.8166666667,14.8166666667,xls,medium,Some headers were missing; generated column_N names. Sampled first 58 non-empty rows from worksheet.
paper-1997-05,The Full Cost Of High-Speed Rail: An Engineering Approach,READY-TO-UPLOAD/PUBLIC,/Users/dlev2617/Documents/Code/Agents/github-packages/READY-TO-UPLOAD/PUBLIC/paper-1997-05-the-full-cost-of-high-speed-rail-an-engineering-approach,data/analysis_workbooks/original_legacy/hsr_appendix6_d2.xls,Trainset,column_156,,numeric,2,14.816666666666666 | -14.816666666666666,-14.8166666667,14.8166666667,xls,medium,Some headers were missing; generated column_N names. Sampled first 58 non-empty rows from worksheet.
paper-1997-05,The Full Cost Of High-Speed Rail: An Engineering Approach,READY-TO-UPLOAD/PUBLIC,/Users/dlev2617/Documents/Code/Agents/github-packages/READY-TO-UPLOAD/PUBLIC/paper-1997-05-the-full-cost-of-high-speed-rail-an-engineering-approach,data/analysis_workbooks/original_legacy/hsr_appendix6_d2.xls,Trainset,column_157,,numeric,2,14.816666666666666 | -14.816666666666666,-14.8166666667,14.8166666667,xls,medium,Some headers were missing; generated column_N names. Sampled first 58 non-empty rows from worksheet.
paper-1997-05,The Full Cost Of High-Speed Rail: An Engineering Approach,READY-TO-UPLOAD/PUBLIC,/Users/dlev2617/Documents/Code/Agents/github-packages/READY-TO-UPLOAD/PUBLIC/paper-1997-05-the-full-cost-of-high-speed-rail-an-engineering-approach,data/analysis_workbooks/original_legacy/hsr_appendix6_d2.xls,Trainset,column_158,,numeric,2,14.816666666666666 | -14.816666666666666,-14.8166666667,14.8166666667,xls,medium,Some headers were missing; generated column_N names. Sampled first 58 non-empty rows from worksheet.
paper-1997-05,The Full Cost Of High-Speed Rail: An Engineering Approach,READY-TO-UPLOAD/PUBLIC,/Users/dlev2617/Documents/Code/Agents/github-packages/READY-TO-UPLOAD/PUBLIC/paper-1997-05-the-full-cost-of-high-speed-rail-an-engineering-approach,data/analysis_workbooks/original_legacy/hsr_appendix6_d2.xls,Trainset,column_159,,numeric,2,14.816666666666666 | -14.816666666666666,-14.8166666667,14.8166666667,xls,medium,Some headers were missing; generated column_N names. Sampled first 58 non-empty rows from worksheet.
paper-1997-05,The Full Cost Of High-Speed Rail: An Engineering Approach,READY-TO-UPLOAD/PUBLIC,/Users/dlev2617/Documents/Code/Agents/github-packages/READY-TO-UPLOAD/PUBLIC/paper-1997-05-the-full-cost-of-high-speed-rail-an-engineering-approach,data/analysis_workbooks/original_legacy/hsr_appendix6_d2.xls,Trainset,column_160,,numeric,2,14.816666666666666 | -14.816666666666666,-14.8166666667,14.8166666667,xls,medium,Some headers were missing; generated column_N names. Sampled first 58 non-empty rows from worksheet.
paper-1997-05,The Full Cost Of High-Speed Rail: An Engineering Approach,READY-TO-UPLOAD/PUBLIC,/Users/dlev2617/Documents/Code/Agents/github-packages/READY-TO-UPLOAD/PUBLIC/paper-1997-05-the-full-cost-of-high-speed-rail-an-engineering-approach,data/analysis_workbooks/original_legacy/hsr_appendix6_d2.xls,Trainset,column_161,,numeric,2,14.816666666666666 | -14.816666666666666,-14.8166666667,14.8166666667,xls,medium,Some headers were missing; generated column_N names. Sampled first 58 non-empty rows from worksheet.
paper-1997-05,The Full Cost Of High-Speed Rail: An Engineering Approach,READY-TO-UPLOAD/PUBLIC,/Users/dlev2617/Documents/Code/Agents/github-packages/READY-TO-UPLOAD/PUBLIC/paper-1997-05-the-full-cost-of-high-speed-rail-an-engineering-approach,data/analysis_workbooks/original_legacy/hsr_appendix6_d2.xls,Trainset,column_162,,numeric,2,14.816666666666666 | -14.816666666666666,-14.8166666667,14.8166666667,xls,medium,Some headers were missing; generated column_N names. Sampled first 58 non-empty rows from worksheet.
paper-1997-05,The Full Cost Of High-Speed Rail: An Engineering Approach,READY-TO-UPLOAD/PUBLIC,/Users/dlev2617/Documents/Code/Agents/github-packages/READY-TO-UPLOAD/PUBLIC/paper-1997-05-the-full-cost-of-high-speed-rail-an-engineering-approach,data/analysis_workbooks/original_legacy/hsr_appendix6_d2.xls,Trainset,column_163,,numeric,2,14.816666666666666 | -14.816666666666666,-14.8166666667,14.8166666667,xls,medium,Some headers were missing; generated column_N names. Sampled first 58 non-empty rows from worksheet.
paper-1997-05,The Full Cost Of High-Speed Rail: An Engineering Approach,READY-TO-UPLOAD/PUBLIC,/Users/dlev2617/Documents/Code/Agents/github-packages/READY-TO-UPLOAD/PUBLIC/paper-1997-05-the-full-cost-of-high-speed-rail-an-engineering-approach,data/analysis_workbooks/original_legacy/hsr_appendix6_d2.xls,Trainset,column_164,,numeric,2,14.816666666666666 | -14.816666666666666,-14.8166666667,14.8166666667,xls,medium,Some headers were missing; generated column_N names. Sampled first 58 non-empty rows from worksheet.
paper-1997-05,The Full Cost Of High-Speed Rail: An Engineering Approach,READY-TO-UPLOAD/PUBLIC,/Users/dlev2617/Documents/Code/Agents/github-packages/READY-TO-UPLOAD/PUBLIC/paper-1997-05-the-full-cost-of-high-speed-rail-an-engineering-approach,data/analysis_workbooks/original_legacy/hsr_appendix6_d2.xls,Trainset,column_165,,numeric,2,14.816666666666666 | -14.816666666666666,-14.8166666667,14.8166666667,xls,medium,Some headers were missing; generated column_N names. Sampled first 58 non-empty rows from worksheet.
paper-1997-05,The Full Cost Of High-Speed Rail: An Engineering Approach,READY-TO-UPLOAD/PUBLIC,/Users/dlev2617/Documents/Code/Agents/github-packages/READY-TO-UPLOAD/PUBLIC/paper-1997-05-the-full-cost-of-high-speed-rail-an-engineering-approach,data/analysis_workbooks/original_legacy/hsr_appendix6_d2.xls,Trainset,column_166,,numeric,2,14.816666666666666 | -14.816666666666666,-14.8166666667,14.8166666667,xls,medium,Some headers were missing; generated column_N names. Sampled first 58 non-empty rows from worksheet.
paper-1997-05,The Full Cost Of High-Speed Rail: An Engineering Approach,READY-TO-UPLOAD/PUBLIC,/Users/dlev2617/Documents/Code/Agents/github-packages/READY-TO-UPLOAD/PUBLIC/paper-1997-05-the-full-cost-of-high-speed-rail-an-engineering-approach,data/analysis_workbooks/original_legacy/hsr_appendix6_d2.xls,Trainset,column_167,,numeric,2,14.816666666666666 | -14.816666666666666,-14.8166666667,14.8166666667,xls,medium,Some headers were missing; generated column_N names. Sampled first 58 non-empty rows from worksheet.
paper-1997-05,The Full Cost Of High-Speed Rail: An Engineering Approach,READY-TO-UPLOAD/PUBLIC,/Users/dlev2617/Documents/Code/Agents/github-packages/READY-TO-UPLOAD/PUBLIC/paper-1997-05-the-full-cost-of-high-speed-rail-an-engineering-approach,data/analysis_workbooks/original_legacy/hsr_appendix6_d2.xls,Trainset,column_168,,numeric,2,14.816666666666666 | -14.816666666666666,-14.8166666667,14.8166666667,xls,medium,Some headers were missing; generated column_N names. Sampled first 58 non-empty rows from worksheet.
paper-1997-05,The Full Cost Of High-Speed Rail: An Engineering Approach,READY-TO-UPLOAD/PUBLIC,/Users/dlev2617/Documents/Code/Agents/github-packages/READY-TO-UPLOAD/PUBLIC/paper-1997-05-the-full-cost-of-high-speed-rail-an-engineering-approach,data/analysis_workbooks/original_legacy/hsr_appendix6_d2.xls,Trainset,column_169,,numeric,2,14.816666666666666 | -14.816666666666666,-14.8166666667,14.8166666667,xls,medium,Some headers were missing; generated column_N names. Sampled first 58 non-empty rows from worksheet.
paper-1997-05,The Full Cost Of High-Speed Rail: An Engineering Approach,READY-TO-UPLOAD/PUBLIC,/Users/dlev2617/Documents/Code/Agents/github-packages/READY-TO-UPLOAD/PUBLIC/paper-1997-05-the-full-cost-of-high-speed-rail-an-engineering-approach,data/analysis_workbooks/original_legacy/hsr_appendix6_d2.xls,Trainset,column_170,,numeric,2,14.816666666666666 | -14.816666666666666,-14.8166666667,14.8166666667,xls,medium,Some headers were missing; generated column_N names. Sampled first 58 non-empty rows from worksheet.
paper-1997-05,The Full Cost Of High-Speed Rail: An Engineering Approach,READY-TO-UPLOAD/PUBLIC,/Users/dlev2617/Documents/Code/Agents/github-packages/READY-TO-UPLOAD/PUBLIC/paper-1997-05-the-full-cost-of-high-speed-rail-an-engineering-approach,data/analysis_workbooks/original_legacy/hsr_appendix6_d2.xls,Trainset,column_171,,numeric,2,14.816666666666666 | -14.816666666666666,-14.8166666667,14.8166666667,xls,medium,Some headers were missing; generated column_N names. Sampled first 58 non-empty rows from worksheet.
paper-1997-05,The Full Cost Of High-Speed Rail: An Engineering Approach,READY-TO-UPLOAD/PUBLIC,/Users/dlev2617/Documents/Code/Agents/github-packages/READY-TO-UPLOAD/PUBLIC/paper-1997-05-the-full-cost-of-high-speed-rail-an-engineering-approach,data/analysis_workbooks/original_legacy/hsr_appendix6_d2.xls,Trainset,column_172,,numeric,2,14.816666666666666 | -14.816666666666666,-14.8166666667,14.8166666667,xls,medium,Some headers were missing; generated column_N names. Sampled first 58 non-empty rows from worksheet.
paper-1997-05,The Full Cost Of High-Speed Rail: An Engineering Approach,READY-TO-UPLOAD/PUBLIC,/Users/dlev2617/Documents/Code/Agents/github-packages/READY-TO-UPLOAD/PUBLIC/paper-1997-05-the-full-cost-of-high-speed-rail-an-engineering-approach,data/analysis_workbooks/original_legacy/hsr_appendix6_d2.xls,Trainset,column_173,,numeric,2,14.816666666666666 | -14.816666666666666,-14.8166666667,14.8166666667,xls,medium,Some headers were missing; generated column_N names. Sampled first 58 non-empty rows from worksheet.
paper-1997-05,The Full Cost Of High-Speed Rail: An Engineering Approach,READY-TO-UPLOAD/PUBLIC,/Users/dlev2617/Documents/Code/Agents/github-packages/READY-TO-UPLOAD/PUBLIC/paper-1997-05-the-full-cost-of-high-speed-rail-an-engineering-approach,data/analysis_workbooks/original_legacy/hsr_appendix6_d2.xls,Trainset,column_174,,numeric,2,14.816666666666666 | -14.816666666666666,-14.8166666667,14.8166666667,xls,medium,Some headers were missing; generated column_N names. Sampled first 58 non-empty rows from worksheet.
paper-1997-05,The Full Cost Of High-Speed Rail: An Engineering Approach,READY-TO-UPLOAD/PUBLIC,/Users/dlev2617/Documents/Code/Agents/github-packages/READY-TO-UPLOAD/PUBLIC/paper-1997-05-the-full-cost-of-high-speed-rail-an-engineering-approach,data/analysis_workbooks/original_legacy/hsr_appendix6_d2.xls,Trainset,column_175,,numeric,2,14.816666666666666 | -14.816666666666666,-14.8166666667,14.8166666667,xls,medium,Some headers were missing; generated column_N names. Sampled first 58 non-empty rows from worksheet.
paper-1997-05,The Full Cost Of High-Speed Rail: An Engineering Approach,READY-TO-UPLOAD/PUBLIC,/Users/dlev2617/Documents/Code/Agents/github-packages/READY-TO-UPLOAD/PUBLIC/paper-1997-05-the-full-cost-of-high-speed-rail-an-engineering-approach,data/analysis_workbooks/original_legacy/hsr_appendix6_d2.xls,Trainset,column_176,,numeric,2,14.816666666666666 | -14.816666666666666,-14.8166666667,14.8166666667,xls,medium,Some headers were missing; generated column_N names. Sampled first 58 non-empty rows from worksheet.
paper-1997-05,The Full Cost Of High-Speed Rail: An Engineering Approach,READY-TO-UPLOAD/PUBLIC,/Users/dlev2617/Documents/Code/Agents/github-packages/READY-TO-UPLOAD/PUBLIC/paper-1997-05-the-full-cost-of-high-speed-rail-an-engineering-approach,data/analysis_workbooks/original_legacy/hsr_appendix6_d2.xls,Trainset,column_177,,numeric,2,14.816666666666666 | -14.816666666666666,-14.8166666667,14.8166666667,xls,medium,Some headers were missing; generated column_N names. Sampled first 58 non-empty rows from worksheet.
paper-1997-05,The Full Cost Of High-Speed Rail: An Engineering Approach,READY-TO-UPLOAD/PUBLIC,/Users/dlev2617/Documents/Code/Agents/github-packages/READY-TO-UPLOAD/PUBLIC/paper-1997-05-the-full-cost-of-high-speed-rail-an-engineering-approach,data/analysis_workbooks/original_legacy/hsr_appendix6_d2.xls,Trainset,column_178,,numeric,2,14.816666666666666 | -14.816666666666666,-14.8166666667,14.8166666667,xls,medium,Some headers were missing; generated column_N names. Sampled first 58 non-empty rows from worksheet.
paper-1997-05,The Full Cost Of High-Speed Rail: An Engineering Approach,READY-TO-UPLOAD/PUBLIC,/Users/dlev2617/Documents/Code/Agents/github-packages/READY-TO-UPLOAD/PUBLIC/paper-1997-05-the-full-cost-of-high-speed-rail-an-engineering-approach,data/analysis_workbooks/original_legacy/hsr_appendix6_d2.xls,Trainset,column_179,,numeric,2,14.816666666666666 | -14.816666666666666,-14.8166666667,14.8166666667,xls,medium,Some headers were missing; generated column_N names. Sampled first 58 non-empty rows from worksheet.
paper-1997-05,The Full Cost Of High-Speed Rail: An Engineering Approach,READY-TO-UPLOAD/PUBLIC,/Users/dlev2617/Documents/Code/Agents/github-packages/READY-TO-UPLOAD/PUBLIC/paper-1997-05-the-full-cost-of-high-speed-rail-an-engineering-approach,data/analysis_workbooks/original_legacy/hsr_appendix6_d2.xls,Trainset,column_180,,numeric,2,14.816666666666666 | -14.816666666666666,-14.8166666667,14.8166666667,xls,medium,Some headers were missing; generated column_N names. Sampled first 58 non-empty rows from worksheet.
paper-1997-05,The Full Cost Of High-Speed Rail: An Engineering Approach,READY-TO-UPLOAD/PUBLIC,/Users/dlev2617/Documents/Code/Agents/github-packages/READY-TO-UPLOAD/PUBLIC/paper-1997-05-the-full-cost-of-high-speed-rail-an-engineering-approach,data/analysis_workbooks/original_legacy/hsr_appendix6_d2.xls,Trainset,column_181,,numeric,2,14.816666666666666 | -14.816666666666666,-14.8166666667,14.8166666667,xls,medium,Some headers were missing; generated column_N names. Sampled first 58 non-empty rows from worksheet.
paper-1997-05,The Full Cost Of High-Speed Rail: An Engineering Approach,READY-TO-UPLOAD/PUBLIC,/Users/dlev2617/Documents/Code/Agents/github-packages/READY-TO-UPLOAD/PUBLIC/paper-1997-05-the-full-cost-of-high-speed-rail-an-engineering-approach,data/analysis_workbooks/original_legacy/hsr_appendix6_d2.xls,Trainset,column_182,,numeric,2,14.816666666666666 | -14.816666666666666,-14.8166666667,14.8166666667,xls,medium,Some headers were missing; generated column_N names. Sampled first 58 non-empty rows from worksheet.
paper-1997-05,The Full Cost Of High-Speed Rail: An Engineering Approach,READY-TO-UPLOAD/PUBLIC,/Users/dlev2617/Documents/Code/Agents/github-packages/READY-TO-UPLOAD/PUBLIC/paper-1997-05-the-full-cost-of-high-speed-rail-an-engineering-approach,data/analysis_workbooks/original_legacy/hsr_appendix6_d2.xls,Trainset,column_183,,numeric,2,14.816666666666666 | -14.816666666666666,-14.8166666667,14.8166666667,xls,medium,Some headers were missing; generated column_N names. Sampled first 58 non-empty rows from worksheet.
paper-1997-05,The Full Cost Of High-Speed Rail: An Engineering Approach,READY-TO-UPLOAD/PUBLIC,/Users/dlev2617/Documents/Code/Agents/github-packages/READY-TO-UPLOAD/PUBLIC/paper-1997-05-the-full-cost-of-high-speed-rail-an-engineering-approach,data/analysis_workbooks/original_legacy/hsr_appendix6_d2.xls,Trainset,column_184,,numeric,2,14.816666666666666 | -14.816666666666666,-14.8166666667,14.8166666667,xls,medium,Some headers were missing; generated column_N names. Sampled first 58 non-empty rows from worksheet.
paper-1997-05,The Full Cost Of High-Speed Rail: An Engineering Approach,READY-TO-UPLOAD/PUBLIC,/Users/dlev2617/Documents/Code/Agents/github-packages/READY-TO-UPLOAD/PUBLIC/paper-1997-05-the-full-cost-of-high-speed-rail-an-engineering-approach,data/analysis_workbooks/original_legacy/hsr_appendix6_d2.xls,Trainset,column_185,,numeric,2,14.816666666666666 | -14.816666666666666,-14.8166666667,14.8166666667,xls,medium,Some headers were missing; generated column_N names. Sampled first 58 non-empty rows from worksheet.
paper-1997-05,The Full Cost Of High-Speed Rail: An Engineering Approach,READY-TO-UPLOAD/PUBLIC,/Users/dlev2617/Documents/Code/Agents/github-packages/READY-TO-UPLOAD/PUBLIC/paper-1997-05-the-full-cost-of-high-speed-rail-an-engineering-approach,data/analysis_workbooks/original_legacy/hsr_appendix6_d2.xls,Trainset,column_186,,numeric,2,14.816666666666666 | -14.816666666666666,-14.8166666667,14.8166666667,xls,medium,Some headers were missing; generated column_N names. Sampled first 58 non-empty rows from worksheet.
paper-1997-05,The Full Cost Of High-Speed Rail: An Engineering Approach,READY-TO-UPLOAD/PUBLIC,/Users/dlev2617/Documents/Code/Agents/github-packages/READY-TO-UPLOAD/PUBLIC/paper-1997-05-the-full-cost-of-high-speed-rail-an-engineering-approach,data/analysis_workbooks/original_legacy/hsr_appendix6_d2.xls,Trainset,column_187,,numeric,2,14.816666666666666 | -14.816666666666666,-14.8166666667,14.8166666667,xls,medium,Some headers were missing; generated column_N names. Sampled first 58 non-empty rows from worksheet.
paper-1997-05,The Full Cost Of High-Speed Rail: An Engineering Approach,READY-TO-UPLOAD/PUBLIC,/Users/dlev2617/Documents/Code/Agents/github-packages/READY-TO-UPLOAD/PUBLIC/paper-1997-05-the-full-cost-of-high-speed-rail-an-engineering-approach,data/analysis_workbooks/original_legacy/hsr_appendix6_d2.xls,Trainset,column_188,,numeric,2,14.816666666666666 | -14.816666666666666,-14.8166666667,14.8166666667,xls,medium,Some headers were missing; generated column_N names. Sampled first 58 non-empty rows from worksheet.
paper-1997-05,The Full Cost Of High-Speed Rail: An Engineering Approach,READY-TO-UPLOAD/PUBLIC,/Users/dlev2617/Documents/Code/Agents/github-packages/READY-TO-UPLOAD/PUBLIC/paper-1997-05-the-full-cost-of-high-speed-rail-an-engineering-approach,data/analysis_workbooks/original_legacy/hsr_appendix6_d2.xls,Trainset,column_189,,numeric,2,14.816666666666666 | -14.816666666666666,-14.8166666667,14.8166666667,xls,medium,Some headers were missing; generated column_N names. Sampled first 58 non-empty rows from worksheet.
paper-1997-05,The Full Cost Of High-Speed Rail: An Engineering Approach,READY-TO-UPLOAD/PUBLIC,/Users/dlev2617/Documents/Code/Agents/github-packages/READY-TO-UPLOAD/PUBLIC/paper-1997-05-the-full-cost-of-high-speed-rail-an-engineering-approach,data/analysis_workbooks/original_legacy/hsr_appendix6_d2.xls,Trainset,column_190,,numeric,2,14.816666666666666 | -14.816666666666666,-14.8166666667,14.8166666667,xls,medium,Some headers were missing; generated column_N names. Sampled first 58 non-empty rows from worksheet.
paper-1997-05,The Full Cost Of High-Speed Rail: An Engineering Approach,READY-TO-UPLOAD/PUBLIC,/Users/dlev2617/Documents/Code/Agents/github-packages/READY-TO-UPLOAD/PUBLIC/paper-1997-05-the-full-cost-of-high-speed-rail-an-engineering-approach,data/analysis_workbooks/original_legacy/hsr_appendix6_d2.xls,Trainset,column_191,,numeric,2,14.816666666666666 | -14.816666666666666,-14.8166666667,14.8166666667,xls,medium,Some headers were missing; generated column_N names. Sampled first 58 non-empty rows from worksheet.
paper-1997-05,The Full Cost Of High-Speed Rail: An Engineering Approach,READY-TO-UPLOAD/PUBLIC,/Users/dlev2617/Documents/Code/Agents/github-packages/READY-TO-UPLOAD/PUBLIC/paper-1997-05-the-full-cost-of-high-speed-rail-an-engineering-approach,data/analysis_workbooks/original_legacy/hsr_appendix6_d2.xls,Trainset,column_192,,numeric,2,14.816666666666666 | -14.816666666666666,-14.8166666667,14.8166666667,xls,medium,Some headers were missing; generated column_N names. Sampled first 58 non-empty rows from worksheet.
paper-1997-05,The Full Cost Of High-Speed Rail: An Engineering Approach,READY-TO-UPLOAD/PUBLIC,/Users/dlev2617/Documents/Code/Agents/github-packages/READY-TO-UPLOAD/PUBLIC/paper-1997-05-the-full-cost-of-high-speed-rail-an-engineering-approach,data/analysis_workbooks/original_legacy/hsr_appendix6_d2.xls,Trainset,column_193,,numeric,2,14.816666666666666 | -14.816666666666666,-14.8166666667,14.8166666667,xls,medium,Some headers were missing; generated column_N names. Sampled first 58 non-empty rows from worksheet.
paper-1997-05,The Full Cost Of High-Speed Rail: An Engineering Approach,READY-TO-UPLOAD/PUBLIC,/Users/dlev2617/Documents/Code/Agents/github-packages/READY-TO-UPLOAD/PUBLIC/paper-1997-05-the-full-cost-of-high-speed-rail-an-engineering-approach,data/analysis_workbooks/original_legacy/hsr_appendix6_d2.xls,Trainset,column_194,,numeric,2,14.816666666666666 | -14.816666666666666,-14.8166666667,14.8166666667,xls,medium,Some headers were missing; generated column_N names. Sampled first 58 non-empty rows from worksheet.
paper-1997-05,The Full Cost Of High-Speed Rail: An Engineering Approach,READY-TO-UPLOAD/PUBLIC,/Users/dlev2617/Documents/Code/Agents/github-packages/READY-TO-UPLOAD/PUBLIC/paper-1997-05-the-full-cost-of-high-speed-rail-an-engineering-approach,data/analysis_workbooks/original_legacy/hsr_appendix6_d2.xls,Trainset,column_195,,numeric,2,14.816666666666666 | -14.816666666666666,-14.8166666667,14.8166666667,xls,medium,Some headers were missing; generated column_N names. Sampled first 58 non-empty rows from worksheet.
paper-1997-05,The Full Cost Of High-Speed Rail: An Engineering Approach,READY-TO-UPLOAD/PUBLIC,/Users/dlev2617/Documents/Code/Agents/github-packages/READY-TO-UPLOAD/PUBLIC/paper-1997-05-the-full-cost-of-high-speed-rail-an-engineering-approach,data/analysis_workbooks/original_legacy/hsr_appendix6_d2.xls,Trainset,column_196,,numeric,2,14.816666666666666 | -14.816666666666666,-14.8166666667,14.8166666667,xls,medium,Some headers were missing; generated column_N names. Sampled first 58 non-empty rows from worksheet.
paper-1997-05,The Full Cost Of High-Speed Rail: An Engineering Approach,READY-TO-UPLOAD/PUBLIC,/Users/dlev2617/Documents/Code/Agents/github-packages/READY-TO-UPLOAD/PUBLIC/paper-1997-05-the-full-cost-of-high-speed-rail-an-engineering-approach,data/analysis_workbooks/original_legacy/hsr_appendix6_d2.xls,Trainset,column_197,,numeric,2,14.816666666666666 | -14.816666666666666,-14.8166666667,14.8166666667,xls,medium,Some headers were missing; generated column_N names. Sampled first 58 non-empty rows from worksheet.
paper-1997-05,The Full Cost Of High-Speed Rail: An Engineering Approach,READY-TO-UPLOAD/PUBLIC,/Users/dlev2617/Documents/Code/Agents/github-packages/READY-TO-UPLOAD/PUBLIC/paper-1997-05-the-full-cost-of-high-speed-rail-an-engineering-approach,data/analysis_workbooks/original_legacy/hsr_appendix6_d2.xls,Trainset,column_198,,numeric,2,14.816666666666666 | -14.816666666666666,-14.8166666667,14.8166666667,xls,medium,Some headers were missing; generated column_N names. Sampled first 58 non-empty rows from worksheet.
paper-1997-05,The Full Cost Of High-Speed Rail: An Engineering Approach,READY-TO-UPLOAD/PUBLIC,/Users/dlev2617/Documents/Code/Agents/github-packages/READY-TO-UPLOAD/PUBLIC/paper-1997-05-the-full-cost-of-high-speed-rail-an-engineering-approach,data/analysis_workbooks/original_legacy/hsr_appendix6_d2.xls,Trainset,column_199,,numeric,2,14.816666666666666 | -14.816666666666666,-14.8166666667,14.8166666667,xls,medium,Some headers were missing; generated column_N names. Sampled first 58 non-empty rows from worksheet.
paper-1997-05,The Full Cost Of High-Speed Rail: An Engineering Approach,READY-TO-UPLOAD/PUBLIC,/Users/dlev2617/Documents/Code/Agents/github-packages/READY-TO-UPLOAD/PUBLIC/paper-1997-05-the-full-cost-of-high-speed-rail-an-engineering-approach,data/analysis_workbooks/original_legacy/hsr_appendix6_d2.xls,Trainset,column_200,,numeric,2,14.816666666666666 | -14.816666666666666,-14.8166666667,14.8166666667,xls,medium,Some headers were missing; generated column_N names. Sampled first 58 non-empty rows from worksheet.
paper-1997-05,The Full Cost Of High-Speed Rail: An Engineering Approach,READY-TO-UPLOAD/PUBLIC,/Users/dlev2617/Documents/Code/Agents/github-packages/READY-TO-UPLOAD/PUBLIC/paper-1997-05-the-full-cost-of-high-speed-rail-an-engineering-approach,data/analysis_workbooks/original_legacy/rail_noise_model.xls,A,The Cost of Noise: Model and Calculations,,mixed_numeric_text,62,"Scenario 1: Urban Rail (HSR, 92 db(A) at 25 meters) | Interest | Years | Trains/Hour | Speed (km/hr)",,,xls,medium,Some headers were missing; generated column_N names. Sampled first 64 non-empty rows from worksheet.
paper-1997-05,The Full Cost Of High-Speed Rail: An Engineering Approach,READY-TO-UPLOAD/PUBLIC,/Users/dlev2617/Documents/Code/Agents/github-packages/READY-TO-UPLOAD/PUBLIC/paper-1997-05-the-full-cost-of-high-speed-rail-an-engineering-approach,data/analysis_workbooks/original_legacy/rail_noise_model.xls,A,column_2,,mixed_numeric_text,61,0.075 | 30.0 | 5.0 | 200.0 | 100.0,,,xls,medium,Some headers were missing; generated column_N names. Sampled first 64 non-empty rows from worksheet.
paper-1997-05,The Full Cost Of High-Speed Rail: An Engineering Approach,READY-TO-UPLOAD/PUBLIC,/Users/dlev2617/Documents/Code/Agents/github-packages/READY-TO-UPLOAD/PUBLIC/paper-1997-05-the-full-cost-of-high-speed-rail-an-engineering-approach,data/analysis_workbooks/original_legacy/rail_noise_model.xls,A,column_3,,mixed_numeric_text,53,capacity | load factor | Leq | 78.5189809182497 | 68.84625906452075,,,xls,medium,Some headers were missing; generated column_N names. Sampled first 64 non-empty rows from worksheet.
paper-1997-05,The Full Cost Of High-Speed Rail: An Engineering Approach,READY-TO-UPLOAD/PUBLIC,/Users/dlev2617/Documents/Code/Agents/github-packages/READY-TO-UPLOAD/PUBLIC/paper-1997-05-the-full-cost-of-high-speed-rail-an-engineering-approach,data/analysis_workbooks/original_legacy/rail_noise_model.xls,A,column_4,,mixed_numeric_text,53,350.0 | 0.75 | NEF | 13.27569172692867 | 3.6029698731997257,,,xls,medium,Some headers were missing; generated column_N names. Sampled first 64 non-empty rows from worksheet.
paper-1997-05,The Full Cost Of High-Speed Rail: An Engineering Approach,READY-TO-UPLOAD/PUBLIC,/Users/dlev2617/Documents/Code/Agents/github-packages/READY-TO-UPLOAD/PUBLIC/paper-1997-05-the-full-cost-of-high-speed-rail-an-engineering-approach,data/analysis_workbooks/original_legacy/rail_noise_model.xls,A,column_5,,mixed_numeric_text,52,Houses/Band | 7.2 | 359.99999999999966,,,xls,medium,Some headers were missing; generated column_N names. Sampled first 64 non-empty rows from worksheet.
paper-1997-05,The Full Cost Of High-Speed Rail: An Engineering Approach,READY-TO-UPLOAD/PUBLIC,/Users/dlev2617/Documents/Code/Agents/github-packages/READY-TO-UPLOAD/PUBLIC/paper-1997-05-the-full-cost-of-high-speed-rail-an-engineering-approach,data/analysis_workbooks/original_legacy/rail_noise_model.xls,A,column_6,,mixed_numeric_text,62,TOTAL COST/km | $/veh-km | Cost per dB(A) | Mean House Value | Density (hh/sqkm),,,xls,medium,Some headers were missing; generated column_N names. Sampled first 64 non-empty rows from worksheet.
paper-1997-05,The Full Cost Of High-Speed Rail: An Engineering Approach,READY-TO-UPLOAD/PUBLIC,/Users/dlev2617/Documents/Code/Agents/github-packages/READY-TO-UPLOAD/PUBLIC/paper-1997-05-the-full-cost-of-high-speed-rail-an-engineering-approach,data/analysis_workbooks/original_legacy/rail_noise_model.xls,A,column_7,,mixed_numeric_text,61,336522.58312995685 | 0.6505429903500398 | 0.006200000000000001 | 250000.0 | 360.0,,,xls,medium,Some headers were missing; generated column_N names. Sampled first 64 non-empty rows from worksheet.
paper-1997-05,The Full Cost Of High-Speed Rail: An Engineering Approach,READY-TO-UPLOAD/PUBLIC,/Users/dlev2617/Documents/Code/Agents/github-packages/READY-TO-UPLOAD/PUBLIC/paper-1997-05-the-full-cost-of-high-speed-rail-an-engineering-approach,data/analysis_workbooks/original_legacy/rail_noise_model.xls,Sheet3,"SUMMARY OUTPUT: 200 kph: Y = $/pkt, X=trains/hours",,text,25,Regression Statistics | Multiple R | R Square | Adjusted R Square | Standard Error,,,xls,medium,Some headers were missing; generated column_N names. Sampled first 30 non-empty rows from worksheet.
paper-1997-05,The Full Cost Of High-Speed Rail: An Engineering Approach,READY-TO-UPLOAD/PUBLIC,/Users/dlev2617/Documents/Code/Agents/github-packages/READY-TO-UPLOAD/PUBLIC/paper-1997-05-the-full-cost-of-high-speed-rail-an-engineering-approach,data/analysis_workbooks/original_legacy/rail_noise_model.xls,Sheet3,column_2,,mixed_numeric_text,24,0.9960128518472686 | 0.9920416010449291 | 0.9910468011755453 | 0.0001054279362990949 | 10.0,,,xls,medium,Some headers were missing; generated column_N names. Sampled first 30 non-empty rows from worksheet.
paper-1997-05,The Full Cost Of High-Speed Rail: An Engineering Approach,READY-TO-UPLOAD/PUBLIC,/Users/dlev2617/Documents/Code/Agents/github-packages/READY-TO-UPLOAD/PUBLIC/paper-1997-05-the-full-cost-of-high-speed-rail-an-engineering-approach,data/analysis_workbooks/original_legacy/rail_noise_model.xls,Sheet3,column_3,,mixed_numeric_text,14,SS | 1.1084231201981707e-05 | 8.892039801828812e-08 | 1.1173151599999996e-05 | Standard Error,,,xls,medium,Some headers were missing; generated column_N names. Sampled first 30 non-empty rows from worksheet.
paper-1997-05,The Full Cost Of High-Speed Rail: An Engineering Approach,READY-TO-UPLOAD/PUBLIC,/Users/dlev2617/Documents/Code/Agents/github-packages/READY-TO-UPLOAD/PUBLIC/paper-1997-05-the-full-cost-of-high-speed-rail-an-engineering-approach,data/analysis_workbooks/original_legacy/rail_noise_model.xls,Sheet3,column_4,,mixed_numeric_text,12,MS | 1.1084231201981707e-05 | 1.1115049752286015e-08 | t Stat | 62.475656638318455,,,xls,medium,Some headers were missing; generated column_N names. Sampled first 30 non-empty rows from worksheet.
paper-1997-05,The Full Cost Of High-Speed Rail: An Engineering Approach,READY-TO-UPLOAD/PUBLIC,/Users/dlev2617/Documents/Code/Agents/github-packages/READY-TO-UPLOAD/PUBLIC/paper-1997-05-the-full-cost-of-high-speed-rail-an-engineering-approach,data/analysis_workbooks/original_legacy/rail_noise_model.xls,Sheet3,column_5,,mixed_numeric_text,10,F | 997.2273133282224 | P-value | 4.789940847631731e-12 | 1.100393748764256e-09,,,xls,medium,Some headers were missing; generated column_N names. Sampled first 30 non-empty rows from worksheet.
paper-1997-05,The Full Cost Of High-Speed Rail: An Engineering Approach,READY-TO-UPLOAD/PUBLIC,/Users/dlev2617/Documents/Code/Agents/github-packages/READY-TO-UPLOAD/PUBLIC/paper-1997-05-the-full-cost-of-high-speed-rail-an-engineering-approach,data/analysis_workbooks/original_legacy/rail_noise_model.xls,Sheet3,column_6,,mixed_numeric_text,10,Significance F | 1.1003937487642678e-09 | Lower 95% | 0.004796708328333747 | -0.001624511145703648,,,xls,medium,Some headers were missing; generated column_N names. Sampled first 30 non-empty rows from worksheet.
paper-1997-05,The Full Cost Of High-Speed Rail: An Engineering Approach,READY-TO-UPLOAD/PUBLIC,/Users/dlev2617/Documents/Code/Agents/github-packages/READY-TO-UPLOAD/PUBLIC/paper-1997-05-the-full-cost-of-high-speed-rail-an-engineering-approach,data/analysis_workbooks/original_legacy/rail_noise_model.xls,Sheet3,column_7,,mixed_numeric_text,6,Upper 95% | 0.005164376619825131 | -0.0014034020061864016 | 0.011218854214371372 | -0.002925906018463392,,,xls,medium,Some headers were missing; generated column_N names. Sampled first 30 non-empty rows from worksheet.
paper-1997-05,The Full Cost Of High-Speed Rail: An Engineering Approach,READY-TO-UPLOAD/PUBLIC,/Users/dlev2617/Documents/Code/Agents/github-packages/READY-TO-UPLOAD/PUBLIC/paper-1997-05-the-full-cost-of-high-speed-rail-an-engineering-approach,data/analysis_workbooks/original_legacy/rail_noise_model.xls,Sheet3,column_8,,mixed_numeric_text,6,Lower 95.0% | 0.004796708328333747 | -0.001624511145703648 | 0.00929505327408758 | -0.004082845521685646,,,xls,medium,Some headers were missing; generated column_N names. Sampled first 30 non-empty rows from worksheet.
paper-1997-05,The Full Cost Of High-Speed Rail: An Engineering Approach,READY-TO-UPLOAD/PUBLIC,/Users/dlev2617/Documents/Code/Agents/github-packages/READY-TO-UPLOAD/PUBLIC/paper-1997-05-the-full-cost-of-high-speed-rail-an-engineering-approach,data/analysis_workbooks/original_legacy/rail_noise_model.xls,Sheet3,column_9,,mixed_numeric_text,6,Upper 95.0% | 0.005164376619825131 | -0.0014034020061864016 | 0.011218854214371372 | -0.002925906018463392,,,xls,medium,Some headers were missing; generated column_N names. Sampled first 30 non-empty rows from worksheet.
paper-1997-05,The Full Cost Of High-Speed Rail: An Engineering Approach,READY-TO-UPLOAD/PUBLIC,/Users/dlev2617/Documents/Code/Agents/github-packages/READY-TO-UPLOAD/PUBLIC/paper-1997-05-the-full-cost-of-high-speed-rail-an-engineering-approach,data/analysis_workbooks/original_legacy/rail_noise_model.xls,Sheet4,"SUMMARY OUTPUT: 320kph, Y=$/pkt, X=trains/hour",,text,12,Regression Statistics | Multiple R | R Square | Adjusted R Square | Standard Error,,,xls,medium,Some headers were missing; generated column_N names. Sampled first 15 non-empty rows from worksheet.
paper-1997-05,The Full Cost Of High-Speed Rail: An Engineering Approach,READY-TO-UPLOAD/PUBLIC,/Users/dlev2617/Documents/Code/Agents/github-packages/READY-TO-UPLOAD/PUBLIC/paper-1997-05-the-full-cost-of-high-speed-rail-an-engineering-approach,data/analysis_workbooks/original_legacy/rail_noise_model.xls,Sheet4,column_2,,mixed_numeric_text,12,0.9801128985366687 | 0.96062129387795 | 0.9556989556126938 | 0.0005516449682447817 | 10.0,,,xls,medium,Some headers were missing; generated column_N names. Sampled first 15 non-empty rows from worksheet.
paper-1997-05,The Full Cost Of High-Speed Rail: An Engineering Approach,READY-TO-UPLOAD/PUBLIC,/Users/dlev2617/Documents/Code/Agents/github-packages/READY-TO-UPLOAD/PUBLIC/paper-1997-05-the-full-cost-of-high-speed-rail-an-engineering-approach,data/analysis_workbooks/original_legacy/rail_noise_model.xls,Sheet4,column_3,,mixed_numeric_text,7,SS | 5.9388188232081704e-05 | 2.434497367918289e-06 | 6.18226856e-05 | Standard Error,,,xls,medium,Some headers were missing; generated column_N names. Sampled first 15 non-empty rows from worksheet.
paper-1997-05,The Full Cost Of High-Speed Rail: An Engineering Approach,READY-TO-UPLOAD/PUBLIC,/Users/dlev2617/Documents/Code/Agents/github-packages/READY-TO-UPLOAD/PUBLIC/paper-1997-05-the-full-cost-of-high-speed-rail-an-engineering-approach,data/analysis_workbooks/original_legacy/rail_noise_model.xls,Sheet4,column_4,,mixed_numeric_text,6,MS | 5.9388188232081704e-05 | 3.0431217098978615e-07 | t Stat | 24.589439114167384,,,xls,medium,Some headers were missing; generated column_N names. Sampled first 15 non-empty rows from worksheet.
paper-1997-05,The Full Cost Of High-Speed Rail: An Engineering Approach,READY-TO-UPLOAD/PUBLIC,/Users/dlev2617/Documents/Code/Agents/github-packages/READY-TO-UPLOAD/PUBLIC/paper-1997-05-the-full-cost-of-high-speed-rail-an-engineering-approach,data/analysis_workbooks/original_legacy/rail_noise_model.xls,Sheet4,column_5,,mixed_numeric_text,5,F | 195.15548142198688 | P-value | 7.992383178367686e-09 | 6.681313265598039e-07,,,xls,medium,Some headers were missing; generated column_N names. Sampled first 15 non-empty rows from worksheet.
paper-1997-05,The Full Cost Of High-Speed Rail: An Engineering Approach,READY-TO-UPLOAD/PUBLIC,/Users/dlev2617/Documents/Code/Agents/github-packages/READY-TO-UPLOAD/PUBLIC/paper-1997-05-the-full-cost-of-high-speed-rail-an-engineering-approach,data/analysis_workbooks/original_legacy/rail_noise_model.xls,Sheet4,column_6,,mixed_numeric_text,5,Significance F | 6.681313265598075e-07 | Lower 95% | 0.00929505327408758 | -0.004082845521685646,,,xls,medium,Some headers were missing; generated column_N names. Sampled first 15 non-empty rows from worksheet.
paper-1997-05,The Full Cost Of High-Speed Rail: An Engineering Approach,READY-TO-UPLOAD/PUBLIC,/Users/dlev2617/Documents/Code/Agents/github-packages/READY-TO-UPLOAD/PUBLIC/paper-1997-05-the-full-cost-of-high-speed-rail-an-engineering-approach,data/analysis_workbooks/original_legacy/rail_noise_model.xls,Sheet4,column_7,,mixed_numeric_text,3,Upper 95% | 0.011218854214371372 | -0.002925906018463392,,,xls,medium,Some headers were missing; generated column_N names. Sampled first 15 non-empty rows from worksheet.
paper-1997-05,The Full Cost Of High-Speed Rail: An Engineering Approach,READY-TO-UPLOAD/PUBLIC,/Users/dlev2617/Documents/Code/Agents/github-packages/READY-TO-UPLOAD/PUBLIC/paper-1997-05-the-full-cost-of-high-speed-rail-an-engineering-approach,data/analysis_workbooks/original_legacy/rail_noise_model.xls,Sheet4,column_8,,mixed_numeric_text,3,Lower 95.0% | 0.00929505327408758 | -0.004082845521685646,,,xls,medium,Some headers were missing; generated column_N names. Sampled first 15 non-empty rows from worksheet.
paper-1997-05,The Full Cost Of High-Speed Rail: An Engineering Approach,READY-TO-UPLOAD/PUBLIC,/Users/dlev2617/Documents/Code/Agents/github-packages/READY-TO-UPLOAD/PUBLIC/paper-1997-05-the-full-cost-of-high-speed-rail-an-engineering-approach,data/analysis_workbooks/original_legacy/rail_noise_model.xls,Sheet4,column_9,,mixed_numeric_text,3,Upper 95.0% | 0.011218854214371372 | -0.002925906018463392,,,xls,medium,Some headers were missing; generated column_N names. Sampled first 15 non-empty rows from worksheet.
paper-1997-05,The Full Cost Of High-Speed Rail: An Engineering Approach,READY-TO-UPLOAD/PUBLIC,/Users/dlev2617/Documents/Code/Agents/github-packages/READY-TO-UPLOAD/PUBLIC/paper-1997-05-the-full-cost-of-high-speed-rail-an-engineering-approach,data/analysis_workbooks/original_legacy/rail_noise_model.xls,B,TRAINS,,numeric,11,0.0 | 1.0 | 2.0 | 3.0 | 4.0,0,10,xls,medium,Headers inferred from first row. Sampled first 12 non-empty rows from worksheet.
paper-1997-05,The Full Cost Of High-Speed Rail: An Engineering Approach,READY-TO-UPLOAD/PUBLIC,/Users/dlev2617/Documents/Code/Agents/github-packages/READY-TO-UPLOAD/PUBLIC/paper-1997-05-the-full-cost-of-high-speed-rail-an-engineering-approach,data/analysis_workbooks/original_legacy/rail_noise_model.xls,B,ln(trains),,numeric,11,0.0 | 0.6931471805599453 | 1.0986122886681098 | 1.3862943611198906 | 1.6094379124341003,0,2.30258509299,xls,medium,Headers inferred from first row. Sampled first 12 non-empty rows from worksheet.
paper-1997-05,The Full Cost Of High-Speed Rail: An Engineering Approach,READY-TO-UPLOAD/PUBLIC,/Users/dlev2617/Documents/Code/Agents/github-packages/READY-TO-UPLOAD/PUBLIC/paper-1997-05-the-full-cost-of-high-speed-rail-an-engineering-approach,data/analysis_workbooks/original_legacy/rail_noise_model.xls,B,trains^2,,numeric,11,0.0 | 1.0 | 4.0 | 9.0 | 16.0,0,100,xls,medium,Headers inferred from first row. Sampled first 12 non-empty rows from worksheet.
paper-1997-05,The Full Cost Of High-Speed Rail: An Engineering Approach,READY-TO-UPLOAD/PUBLIC,/Users/dlev2617/Documents/Code/Agents/github-packages/READY-TO-UPLOAD/PUBLIC/paper-1997-05-the-full-cost-of-high-speed-rail-an-engineering-approach,data/analysis_workbooks/original_legacy/rail_noise_model.xls,B,TRAINS_2,,numeric,11,0.0 | 1.0 | 2.0 | 3.0 | 4.0,0,10,xls,medium,Headers inferred from first row. Sampled first 12 non-empty rows from worksheet.
paper-1997-05,The Full Cost Of High-Speed Rail: An Engineering Approach,READY-TO-UPLOAD/PUBLIC,/Users/dlev2617/Documents/Code/Agents/github-packages/READY-TO-UPLOAD/PUBLIC/paper-1997-05-the-full-cost-of-high-speed-rail-an-engineering-approach,data/analysis_workbooks/original_legacy/rail_noise_model.xls,B,$/pkt @ 200 km/hr,,numeric,11,0.0 | 0.005166 | 0.00382 | 0.003219 | 0.002799,0,0.005166,xls,medium,Headers inferred from first row. Sampled first 12 non-empty rows from worksheet.
paper-1997-05,The Full Cost Of High-Speed Rail: An Engineering Approach,READY-TO-UPLOAD/PUBLIC,/Users/dlev2617/Documents/Code/Agents/github-packages/READY-TO-UPLOAD/PUBLIC/paper-1997-05-the-full-cost-of-high-speed-rail-an-engineering-approach,data/analysis_workbooks/original_legacy/rail_noise_model.xls,B,$/pkt @ 320 km/hr,,numeric,11,0.0 | 0.0112 | 0.0074 | 0.0058 | 0.00488,0,0.0112,xls,medium,Headers inferred from first row. Sampled first 12 non-empty rows from worksheet.
paper-1997-05,The Full Cost Of High-Speed Rail: An Engineering Approach,READY-TO-UPLOAD/PUBLIC,/Users/dlev2617/Documents/Code/Agents/github-packages/READY-TO-UPLOAD/PUBLIC/paper-1997-05-the-full-cost-of-high-speed-rail-an-engineering-approach,data/analysis_workbooks/original_legacy/rail_noise_model.xls,C,Distance Decay Model,,mixed_numeric_text,16,ref: Wayson and Bowlby fig 4 | Noise Level | 80.0 | 72.0 | 66.0,,,xls,medium,Some headers were missing; generated column_N names. Sampled first 21 non-empty rows from worksheet.
paper-1997-05,The Full Cost Of High-Speed Rail: An Engineering Approach,READY-TO-UPLOAD/PUBLIC,/Users/dlev2617/Documents/Code/Agents/github-packages/READY-TO-UPLOAD/PUBLIC/paper-1997-05-the-full-cost-of-high-speed-rail-an-engineering-approach,data/analysis_workbooks/original_legacy/rail_noise_model.xls,C,column_2,,mixed_numeric_text,10,Distance | 25.0 | 100.0 | 200.0 | 400.0,,,xls,medium,Some headers were missing; generated column_N names. Sampled first 21 non-empty rows from worksheet.
paper-1997-05,The Full Cost Of High-Speed Rail: An Engineering Approach,READY-TO-UPLOAD/PUBLIC,/Users/dlev2617/Documents/Code/Agents/github-packages/READY-TO-UPLOAD/PUBLIC/paper-1997-05-the-full-cost-of-high-speed-rail-an-engineering-approach,data/analysis_workbooks/original_legacy/rail_noise_model.xls,C,column_3,,mixed_numeric_text,11,3.2188758248682006 | 4.605170185988092 | 5.298317366548036 | 5.991464547107982 | ln(Distance),,,xls,medium,Some headers were missing; generated column_N names. Sampled first 21 non-empty rows from worksheet.
paper-1997-05,The Full Cost Of High-Speed Rail: An Engineering Approach,READY-TO-UPLOAD/PUBLIC,/Users/dlev2617/Documents/Code/Agents/github-packages/READY-TO-UPLOAD/PUBLIC/paper-1997-05-the-full-cost-of-high-speed-rail-an-engineering-approach,data/analysis_workbooks/original_legacy/rail_noise_model.xls,C,column_4,,numeric,12,625.0 | 10000.0 | 40000.0 | 160000.0 | 99.25722867734599,0.982304147465,160000,xls,medium,Some headers were missing; generated column_N names. Sampled first 21 non-empty rows from worksheet.
paper-1997-05,The Full Cost Of High-Speed Rail: An Engineering Approach,READY-TO-UPLOAD/PUBLIC,/Users/dlev2617/Documents/Code/Agents/github-packages/READY-TO-UPLOAD/PUBLIC/paper-1997-05-the-full-cost-of-high-speed-rail-an-engineering-approach,data/analysis_workbooks/original_legacy/rail_noise_model.xls,C,column_5,,numeric,7,150.0 | 200.0,150,200,xls,medium,Some headers were missing; generated column_N names. Sampled first 21 non-empty rows from worksheet.
paper-1997-05,The Full Cost Of High-Speed Rail: An Engineering Approach,READY-TO-UPLOAD/PUBLIC,/Users/dlev2617/Documents/Code/Agents/github-packages/READY-TO-UPLOAD/PUBLIC/paper-1997-05-the-full-cost-of-high-speed-rail-an-engineering-approach,data/analysis_workbooks/original_legacy/rail_noise_model.xls,D,DEP=DB(A),,mixed_numeric_text,12,Constant | Std Err of Y Est | R Squared | No. of Observations | Degrees of Freedom,,,xls,medium,Some headers were missing; generated column_N names. Sampled first 14 non-empty rows from worksheet.
paper-1997-05,The Full Cost Of High-Speed Rail: An Engineering Approach,READY-TO-UPLOAD/PUBLIC,/Users/dlev2617/Documents/Code/Agents/github-packages/READY-TO-UPLOAD/PUBLIC/paper-1997-05-the-full-cost-of-high-speed-rail-an-engineering-approach,data/analysis_workbooks/original_legacy/rail_noise_model.xls,D,Regression Output:,,mixed_numeric_text,4,Maglev | 72.0 | 75.0 | 85.0,,,xls,medium,Some headers were missing; generated column_N names. Sampled first 14 non-empty rows from worksheet.
paper-1997-05,The Full Cost Of High-Speed Rail: An Engineering Approach,READY-TO-UPLOAD/PUBLIC,/Users/dlev2617/Documents/Code/Agents/github-packages/READY-TO-UPLOAD/PUBLIC/paper-1997-05-the-full-cost-of-high-speed-rail-an-engineering-approach,data/analysis_workbooks/original_legacy/rail_noise_model.xls,D,column_3,,mixed_numeric_text,8,LOG(Speed) | 29.729140447165868 | 10.027907704212902 | ICE | 72.0,,,xls,medium,Some headers were missing; generated column_N names. Sampled first 14 non-empty rows from worksheet.
paper-1997-05,The Full Cost Of High-Speed Rail: An Engineering Approach,READY-TO-UPLOAD/PUBLIC,/Users/dlev2617/Documents/Code/Agents/github-packages/READY-TO-UPLOAD/PUBLIC/paper-1997-05-the-full-cost-of-high-speed-rail-an-engineering-approach,data/analysis_workbooks/original_legacy/rail_noise_model.xls,D,column_4,,mixed_numeric_text,9,14.945135063410234 | 3.749900199019505 | 0.81462760214903 | 4.0 | 2.0,,,xls,medium,Some headers were missing; generated column_N names. Sampled first 14 non-empty rows from worksheet.
paper-1997-05,The Full Cost Of High-Speed Rail: An Engineering Approach,READY-TO-UPLOAD/PUBLIC,/Users/dlev2617/Documents/Code/Agents/github-packages/READY-TO-UPLOAD/PUBLIC/paper-1997-05-the-full-cost-of-high-speed-rail-an-engineering-approach,data/analysis_workbooks/original_legacy/rail_noise_model.xls,D,column_5,,mixed_numeric_text,4,Amtrak | 79.0 | 82.0 | 89.0,,,xls,medium,Some headers were missing; generated column_N names. Sampled first 14 non-empty rows from worksheet.
paper-1997-05,The Full Cost Of High-Speed Rail: An Engineering Approach,READY-TO-UPLOAD/PUBLIC,/Users/dlev2617/Documents/Code/Agents/github-packages/READY-TO-UPLOAD/PUBLIC/paper-1997-05-the-full-cost-of-high-speed-rail-an-engineering-approach,data/analysis_workbooks/original_legacy/rail_noise_model.xls,D,column_6,,numeric,4,76.66666666666667 | 77.25 | 81.0 | 92.0,76.6666666667,92,xls,medium,Some headers were missing; generated column_N names. Sampled first 14 non-empty rows from worksheet.
paper-1997-05,The Full Cost Of High-Speed Rail: An Engineering Approach,READY-TO-UPLOAD/PUBLIC,/Users/dlev2617/Documents/Code/Agents/github-packages/READY-TO-UPLOAD/PUBLIC/paper-1997-05-the-full-cost-of-high-speed-rail-an-engineering-approach,data/analysis_workbooks/original_legacy/rail_noise_model.xls,D,column_7,,numeric,4,1.9849771264154934 | 2.2068258760318495 | 2.286007122079474 | 2.507855871695831,1.98497712642,2.5078558717,xls,medium,Some headers were missing; generated column_N names. Sampled first 14 non-empty rows from worksheet.
paper-1997-05,The Full Cost Of High-Speed Rail: An Engineering Approach,READY-TO-UPLOAD/PUBLIC,/Users/dlev2617/Documents/Code/Agents/github-packages/READY-TO-UPLOAD/PUBLIC/paper-1997-05-the-full-cost-of-high-speed-rail-an-engineering-approach,data/analysis_workbooks/original_legacy/rail_noise_model.xls,D,column_8,,numeric,4,73.93352019706846 | 80.52686503566656 | 82.88013166820197 | 89.47347650680008,73.9335201971,89.4734765068,xls,medium,Some headers were missing; generated column_N names. Sampled first 14 non-empty rows from worksheet.
paper-1997-05,The Full Cost Of High-Speed Rail: An Engineering Approach,READY-TO-UPLOAD/PUBLIC,/Users/dlev2617/Documents/Code/Agents/github-packages/READY-TO-UPLOAD/PUBLIC/paper-1997-05-the-full-cost-of-high-speed-rail-an-engineering-approach,data/analysis_workbooks/original_legacy/table7_intermodal_full_cost_comparison.xls,AverageCosts,Table 7.1 Intermodal Comparison of Long Run Average Costs,,text,12,Cost Category | Infrastructure: Construction and Maintenance | Carrier: Capital Cost | Carrier: Operating Cost | External: Accidents,,,xls,medium,Some headers were missing; generated column_N names. Sampled first 14 non-empty rows from worksheet.
paper-1997-05,The Full Cost Of High-Speed Rail: An Engineering Approach,READY-TO-UPLOAD/PUBLIC,/Users/dlev2617/Documents/Code/Agents/github-packages/READY-TO-UPLOAD/PUBLIC/paper-1997-05-the-full-cost-of-high-speed-rail-an-engineering-approach,data/analysis_workbooks/original_legacy/table7_intermodal_full_cost_comparison.xls,AverageCosts,column_2,,mixed_numeric_text,12,Air System | 0.01822408674042142 | 0.0606 | 0.034 | 0.00042,,,xls,medium,Some headers were missing; generated column_N names. Sampled first 14 non-empty rows from worksheet.
paper-1997-05,The Full Cost Of High-Speed Rail: An Engineering Approach,READY-TO-UPLOAD/PUBLIC,/Users/dlev2617/Documents/Code/Agents/github-packages/READY-TO-UPLOAD/PUBLIC/paper-1997-05-the-full-cost-of-high-speed-rail-an-engineering-approach,data/analysis_workbooks/original_legacy/table7_intermodal_full_cost_comparison.xls,AverageCosts,column_3,,mixed_numeric_text,12,High Speed Rail | 0.129 | 0.01 | 0.05 | 0.0,,,xls,medium,Some headers were missing; generated column_N names. Sampled first 14 non-empty rows from worksheet.
paper-1997-05,The Full Cost Of High-Speed Rail: An Engineering Approach,READY-TO-UPLOAD/PUBLIC,/Users/dlev2617/Documents/Code/Agents/github-packages/READY-TO-UPLOAD/PUBLIC/paper-1997-05-the-full-cost-of-high-speed-rail-an-engineering-approach,data/analysis_workbooks/original_legacy/table7_intermodal_full_cost_comparison.xls,AverageCosts,column_4,,mixed_numeric_text,12,Highways | 0.012 | 0.0 | 0.02 | 0.0046,,,xls,medium,Some headers were missing; generated column_N names. Sampled first 14 non-empty rows from worksheet.
paper-1997-05,The Full Cost Of High-Speed Rail: An Engineering Approach,READY-TO-UPLOAD/PUBLIC,/Users/dlev2617/Documents/Code/Agents/github-packages/READY-TO-UPLOAD/PUBLIC/paper-1997-05-the-full-cost-of-high-speed-rail-an-engineering-approach,data/analysis_workbooks/original_legacy/table7_intermodal_full_cost_comparison.xls,Air-Noise,Table 3.x Noise Costs Generated by Air Travel,,text,12,Country | Canada | Germany | Italy | Holland,,,xls,medium,Some headers were missing; generated column_N names. Sampled first 13 non-empty rows from worksheet.
paper-1997-05,The Full Cost Of High-Speed Rail: An Engineering Approach,READY-TO-UPLOAD/PUBLIC,/Users/dlev2617/Documents/Code/Agents/github-packages/READY-TO-UPLOAD/PUBLIC/paper-1997-05-the-full-cost-of-high-speed-rail-an-engineering-approach,data/analysis_workbooks/original_legacy/table7_intermodal_full_cost_comparison.xls,Air-Noise,column_2,,mixed_numeric_text,10,Average Cost/pkt | 0.003869 | 0.004940000000000001 | 0.00793 | 0.009880000000000002,,,xls,medium,Some headers were missing; generated column_N names. Sampled first 13 non-empty rows from worksheet.
paper-1997-05,The Full Cost Of High-Speed Rail: An Engineering Approach,READY-TO-UPLOAD/PUBLIC,/Users/dlev2617/Documents/Code/Agents/github-packages/READY-TO-UPLOAD/PUBLIC/paper-1997-05-the-full-cost-of-high-speed-rail-an-engineering-approach,data/analysis_workbooks/original_legacy/table7_intermodal_full_cost_comparison.xls,AIR,Table 7.4 Air System Long Run Full Costs,,text,37,Cost Category | Infrastructure: Airways (ARTCC) | Infrastructure: Airways (TRACON) | Infrastructure: Airways (ACTC) | Infrastructure: Airways (FSS),,,xls,medium,Some headers were missing; generated column_N names. Sampled first 50 non-empty rows from worksheet.
paper-1997-05,The Full Cost Of High-Speed Rail: An Engineering Approach,READY-TO-UPLOAD/PUBLIC,/Users/dlev2617/Documents/Code/Agents/github-packages/READY-TO-UPLOAD/PUBLIC/paper-1997-05-the-full-cost-of-high-speed-rail-an-engineering-approach,data/analysis_workbooks/original_legacy/table7_intermodal_full_cost_comparison.xls,AIR,column_2,,mixed_numeric_text,38,HSR pkt/year ('000) | percent diverted from Air | Air Diverted pkt/year ('000) | Air Distance (km) | Average Cost,,,xls,medium,Some headers were missing; generated column_N names. Sampled first 50 non-empty rows from worksheet.
paper-1997-05,The Full Cost Of High-Speed Rail: An Engineering Approach,READY-TO-UPLOAD/PUBLIC,/Users/dlev2617/Documents/Code/Agents/github-packages/READY-TO-UPLOAD/PUBLIC/paper-1997-05-the-full-cost-of-high-speed-rail-an-engineering-approach,data/analysis_workbooks/original_legacy/table7_intermodal_full_cost_comparison.xls,AIR,column_3,,mixed_numeric_text,44,San Francisco | Los Angeles | 5177696.0 | 0.5 | 2588848.0,,,xls,medium,Some headers were missing; generated column_N names. Sampled first 50 non-empty rows from worksheet.
paper-1997-05,The Full Cost Of High-Speed Rail: An Engineering Approach,READY-TO-UPLOAD/PUBLIC,/Users/dlev2617/Documents/Code/Agents/github-packages/READY-TO-UPLOAD/PUBLIC/paper-1997-05-the-full-cost-of-high-speed-rail-an-engineering-approach,data/analysis_workbooks/original_legacy/table7_intermodal_full_cost_comparison.xls,AIR,column_4,,mixed_numeric_text,44,Fresno | San Francisco | 94866.0 | 0.14 | 13281.240000000002,,,xls,medium,Some headers were missing; generated column_N names. Sampled first 50 non-empty rows from worksheet.
paper-1997-05,The Full Cost Of High-Speed Rail: An Engineering Approach,READY-TO-UPLOAD/PUBLIC,/Users/dlev2617/Documents/Code/Agents/github-packages/READY-TO-UPLOAD/PUBLIC/paper-1997-05-the-full-cost-of-high-speed-rail-an-engineering-approach,data/analysis_workbooks/original_legacy/table7_intermodal_full_cost_comparison.xls,AIR,column_5,,mixed_numeric_text,44,Fresno | Los Angeles | 245110.0 | 0.28 | 68630.8,,,xls,medium,Some headers were missing; generated column_N names. Sampled first 50 non-empty rows from worksheet.
paper-1997-05,The Full Cost Of High-Speed Rail: An Engineering Approach,READY-TO-UPLOAD/PUBLIC,/Users/dlev2617/Documents/Code/Agents/github-packages/READY-TO-UPLOAD/PUBLIC/paper-1997-05-the-full-cost-of-high-speed-rail-an-engineering-approach,data/analysis_workbooks/original_legacy/table7_intermodal_full_cost_comparison.xls,AIR,column_6,,mixed_numeric_text,44,Bakersfield | San Francisco | 55902.0 | 0.28 | 15652.560000000001,,,xls,medium,Some headers were missing; generated column_N names. Sampled first 50 non-empty rows from worksheet.
paper-1997-05,The Full Cost Of High-Speed Rail: An Engineering Approach,READY-TO-UPLOAD/PUBLIC,/Users/dlev2617/Documents/Code/Agents/github-packages/READY-TO-UPLOAD/PUBLIC/paper-1997-05-the-full-cost-of-high-speed-rail-an-engineering-approach,data/analysis_workbooks/original_legacy/table7_intermodal_full_cost_comparison.xls,AIR,column_7,,mixed_numeric_text,44,Bakersfield | Los Angeles | 79765.0 | 0.14 | 11167.1,,,xls,medium,Some headers were missing; generated column_N names. Sampled first 50 non-empty rows from worksheet.
paper-1997-05,The Full Cost Of High-Speed Rail: An Engineering Approach,READY-TO-UPLOAD/PUBLIC,/Users/dlev2617/Documents/Code/Agents/github-packages/READY-TO-UPLOAD/PUBLIC/paper-1997-05-the-full-cost-of-high-speed-rail-an-engineering-approach,data/analysis_workbooks/original_legacy/table7_intermodal_full_cost_comparison.xls,AIR,column_8,,mixed_numeric_text,22,TOTAL | 5653339.0 | 0.47716574222773483 | 2697579.7 | 9167.536422,,,xls,medium,Some headers were missing; generated column_N names. Sampled first 50 non-empty rows from worksheet.
paper-1997-05,The Full Cost Of High-Speed Rail: An Engineering Approach,READY-TO-UPLOAD/PUBLIC,/Users/dlev2617/Documents/Code/Agents/github-packages/READY-TO-UPLOAD/PUBLIC/paper-1997-05-the-full-cost-of-high-speed-rail-an-engineering-approach,data/analysis_workbooks/original_legacy/table7_intermodal_full_cost_comparison.xls,HIGHWAY,Table 7.3 Highway Long Run Full Costs,,text,15,Cost Category | Infrastructure: Construction and Maintenance | (roadbed) | External: Accidents | External: Congestion,,,xls,medium,Some headers were missing; generated column_N names. Sampled first 22 non-empty rows from worksheet.
paper-1997-05,The Full Cost Of High-Speed Rail: An Engineering Approach,READY-TO-UPLOAD/PUBLIC,/Users/dlev2617/Documents/Code/Agents/github-packages/READY-TO-UPLOAD/PUBLIC/paper-1997-05-the-full-cost-of-high-speed-rail-an-engineering-approach,data/analysis_workbooks/original_legacy/table7_intermodal_full_cost_comparison.xls,HIGHWAY,column_2,,mixed_numeric_text,13,HSR pkt/year ('000) | percent diverted from Highway | Highway Diverted pkt/year ('000) | Distance (km) | Average Cost,,,xls,medium,Some headers were missing; generated column_N names. Sampled first 22 non-empty rows from worksheet.
paper-1997-05,The Full Cost Of High-Speed Rail: An Engineering Approach,READY-TO-UPLOAD/PUBLIC,/Users/dlev2617/Documents/Code/Agents/github-packages/READY-TO-UPLOAD/PUBLIC/paper-1997-05-the-full-cost-of-high-speed-rail-an-engineering-approach,data/analysis_workbooks/original_legacy/table7_intermodal_full_cost_comparison.xls,HIGHWAY,column_3,,mixed_numeric_text,18,San Francisco | Los Angeles | 5177696.0 | 0.5 | 2588848.0,,,xls,medium,Some headers were missing; generated column_N names. Sampled first 22 non-empty rows from worksheet.
paper-1997-05,The Full Cost Of High-Speed Rail: An Engineering Approach,READY-TO-UPLOAD/PUBLIC,/Users/dlev2617/Documents/Code/Agents/github-packages/READY-TO-UPLOAD/PUBLIC/paper-1997-05-the-full-cost-of-high-speed-rail-an-engineering-approach,data/analysis_workbooks/original_legacy/table7_intermodal_full_cost_comparison.xls,HIGHWAY,column_4,,mixed_numeric_text,18,Fresno | San Francisco | 94866.0 | 0.86 | 81584.76,,,xls,medium,Some headers were missing; generated column_N names. Sampled first 22 non-empty rows from worksheet.
paper-1997-05,The Full Cost Of High-Speed Rail: An Engineering Approach,READY-TO-UPLOAD/PUBLIC,/Users/dlev2617/Documents/Code/Agents/github-packages/READY-TO-UPLOAD/PUBLIC/paper-1997-05-the-full-cost-of-high-speed-rail-an-engineering-approach,data/analysis_workbooks/original_legacy/table7_intermodal_full_cost_comparison.xls,HIGHWAY,column_5,,mixed_numeric_text,18,Fresno | Los Angeles | 245110.0 | 0.72 | 176479.19999999998,,,xls,medium,Some headers were missing; generated column_N names. Sampled first 22 non-empty rows from worksheet.
paper-1997-05,The Full Cost Of High-Speed Rail: An Engineering Approach,READY-TO-UPLOAD/PUBLIC,/Users/dlev2617/Documents/Code/Agents/github-packages/READY-TO-UPLOAD/PUBLIC/paper-1997-05-the-full-cost-of-high-speed-rail-an-engineering-approach,data/analysis_workbooks/original_legacy/table7_intermodal_full_cost_comparison.xls,HIGHWAY,column_6,,mixed_numeric_text,18,Bakersfield | San Francisco | 55902.0 | 0.72 | 40249.439999999995,,,xls,medium,Some headers were missing; generated column_N names. Sampled first 22 non-empty rows from worksheet.
paper-1997-05,The Full Cost Of High-Speed Rail: An Engineering Approach,READY-TO-UPLOAD/PUBLIC,/Users/dlev2617/Documents/Code/Agents/github-packages/READY-TO-UPLOAD/PUBLIC/paper-1997-05-the-full-cost-of-high-speed-rail-an-engineering-approach,data/analysis_workbooks/original_legacy/table7_intermodal_full_cost_comparison.xls,HIGHWAY,column_7,,mixed_numeric_text,18,Bakersfield | Los Angeles | 79765.0 | 0.86 | 68597.9,,,xls,medium,Some headers were missing; generated column_N names. Sampled first 22 non-empty rows from worksheet.
paper-1997-05,The Full Cost Of High-Speed Rail: An Engineering Approach,READY-TO-UPLOAD/PUBLIC,/Users/dlev2617/Documents/Code/Agents/github-packages/READY-TO-UPLOAD/PUBLIC/paper-1997-05-the-full-cost-of-high-speed-rail-an-engineering-approach,data/analysis_workbooks/original_legacy/table7_intermodal_full_cost_comparison.xls,HIGHWAY,column_8,,mixed_numeric_text,16,TOTAL | 5653339.0 | 0.5228342577722652 | 2955759.3 | 35469.1116,,,xls,medium,Some headers were missing; generated column_N names. Sampled first 22 non-empty rows from worksheet.
paper-1997-05,The Full Cost Of High-Speed Rail: An Engineering Approach,READY-TO-UPLOAD/PUBLIC,/Users/dlev2617/Documents/Code/Agents/github-packages/READY-TO-UPLOAD/PUBLIC/paper-1997-05-the-full-cost-of-high-speed-rail-an-engineering-approach,data/analysis_workbooks/original_legacy/table7_intermodal_full_cost_comparison.xls,HSR,Table 7.5 High Speed Rail Long Run Full Costs,,text,16,Cost Category | Infrastructure: Construction and Maintenance | (track and signalling) | Carrier: Capital Cost (Trains) | Carrier: Operating Cost (Railroad operations),,,xls,medium,Some headers were missing; generated column_N names. Sampled first 21 non-empty rows from worksheet.
paper-1997-05,The Full Cost Of High-Speed Rail: An Engineering Approach,READY-TO-UPLOAD/PUBLIC,/Users/dlev2617/Documents/Code/Agents/github-packages/READY-TO-UPLOAD/PUBLIC/paper-1997-05-the-full-cost-of-high-speed-rail-an-engineering-approach,data/analysis_workbooks/original_legacy/table7_intermodal_full_cost_comparison.xls,HSR,column_2,,mixed_numeric_text,12,pkt/year ('000) | Distance (km) | Average Cost | 0.129 | 0.01,,,xls,medium,Some headers were missing; generated column_N names. Sampled first 21 non-empty rows from worksheet.
paper-1997-05,The Full Cost Of High-Speed Rail: An Engineering Approach,READY-TO-UPLOAD/PUBLIC,/Users/dlev2617/Documents/Code/Agents/github-packages/READY-TO-UPLOAD/PUBLIC/paper-1997-05-the-full-cost-of-high-speed-rail-an-engineering-approach,data/analysis_workbooks/original_legacy/table7_intermodal_full_cost_comparison.xls,HSR,column_3,,mixed_numeric_text,17,San Francisco | Los Angeles | 5177696.0 | 677.0 | 667922.784,,,xls,medium,Some headers were missing; generated column_N names. Sampled first 21 non-empty rows from worksheet.
paper-1997-05,The Full Cost Of High-Speed Rail: An Engineering Approach,READY-TO-UPLOAD/PUBLIC,/Users/dlev2617/Documents/Code/Agents/github-packages/READY-TO-UPLOAD/PUBLIC/paper-1997-05-the-full-cost-of-high-speed-rail-an-engineering-approach,data/analysis_workbooks/original_legacy/table7_intermodal_full_cost_comparison.xls,HSR,column_4,,mixed_numeric_text,17,Fresno | San Francisco | 94866.0 | 291.0 | 12237.714,,,xls,medium,Some headers were missing; generated column_N names. Sampled first 21 non-empty rows from worksheet.
paper-1997-05,The Full Cost Of High-Speed Rail: An Engineering Approach,READY-TO-UPLOAD/PUBLIC,/Users/dlev2617/Documents/Code/Agents/github-packages/READY-TO-UPLOAD/PUBLIC/paper-1997-05-the-full-cost-of-high-speed-rail-an-engineering-approach,data/analysis_workbooks/original_legacy/table7_intermodal_full_cost_comparison.xls,HSR,column_5,,mixed_numeric_text,17,Fresno | Los Angeles | 245110.0 | 386.0 | 31619.190000000002,,,xls,medium,Some headers were missing; generated column_N names. Sampled first 21 non-empty rows from worksheet.
paper-1997-05,The Full Cost Of High-Speed Rail: An Engineering Approach,READY-TO-UPLOAD/PUBLIC,/Users/dlev2617/Documents/Code/Agents/github-packages/READY-TO-UPLOAD/PUBLIC/paper-1997-05-the-full-cost-of-high-speed-rail-an-engineering-approach,data/analysis_workbooks/original_legacy/table7_intermodal_full_cost_comparison.xls,HSR,column_6,,mixed_numeric_text,17,Bakersfield | San Francisco | 55902.0 | 462.0 | 7211.358,,,xls,medium,Some headers were missing; generated column_N names. Sampled first 21 non-empty rows from worksheet.
paper-1997-05,The Full Cost Of High-Speed Rail: An Engineering Approach,READY-TO-UPLOAD/PUBLIC,/Users/dlev2617/Documents/Code/Agents/github-packages/READY-TO-UPLOAD/PUBLIC/paper-1997-05-the-full-cost-of-high-speed-rail-an-engineering-approach,data/analysis_workbooks/original_legacy/table7_intermodal_full_cost_comparison.xls,HSR,column_7,,mixed_numeric_text,17,Bakersfield | Los Angeles | 79765.0 | 215.0 | 10289.685,,,xls,medium,Some headers were missing; generated column_N names. Sampled first 21 non-empty rows from worksheet.
paper-1997-05,The Full Cost Of High-Speed Rail: An Engineering Approach,READY-TO-UPLOAD/PUBLIC,/Users/dlev2617/Documents/Code/Agents/github-packages/READY-TO-UPLOAD/PUBLIC/paper-1997-05-the-full-cost-of-high-speed-rail-an-engineering-approach,data/analysis_workbooks/original_legacy/table7_intermodal_full_cost_comparison.xls,HSR,column_8,,mixed_numeric_text,15,TOTAL | 5653339.0 | 729280.731 | 56533.39 | 282666.95,,,xls,medium,Some headers were missing; generated column_N names. Sampled first 21 non-empty rows from worksheet.
paper-1997-05,The Full Cost Of High-Speed Rail: An Engineering Approach,READY-TO-UPLOAD/PUBLIC,/Users/dlev2617/Documents/Code/Agents/github-packages/READY-TO-UPLOAD/PUBLIC/paper-1997-05-the-full-cost-of-high-speed-rail-an-engineering-approach,data/analysis_workbooks/original_legacy/table7_intermodal_full_cost_comparison.xls,Comparison,Table 7.6 Comparison of Total Annual Costs Between Modes,,text,8,Mode | High Speed Rail | Highway | Air | Highway + Air,,,xls,medium,Some headers were missing; generated column_N names. Sampled first 10 non-empty rows from worksheet.
paper-1997-05,The Full Cost Of High-Speed Rail: An Engineering Approach,READY-TO-UPLOAD/PUBLIC,/Users/dlev2617/Documents/Code/Agents/github-packages/READY-TO-UPLOAD/PUBLIC/paper-1997-05-the-full-cost-of-high-speed-rail-an-engineering-approach,data/analysis_workbooks/original_legacy/table7_intermodal_full_cost_comparison.xls,Comparison,column_2,,mixed_numeric_text,7,San Francisco | Los Angeles | 1216758.5599999998 | 595952.8096 | 339190.86496,,,xls,medium,Some headers were missing; generated column_N names. Sampled first 10 non-empty rows from worksheet.
paper-1997-05,The Full Cost Of High-Speed Rail: An Engineering Approach,READY-TO-UPLOAD/PUBLIC,/Users/dlev2617/Documents/Code/Agents/github-packages/READY-TO-UPLOAD/PUBLIC/paper-1997-05-the-full-cost-of-high-speed-rail-an-engineering-approach,data/analysis_workbooks/original_legacy/table7_intermodal_full_cost_comparison.xls,Comparison,column_3,,mixed_numeric_text,7,Fresno | San Francisco | 22293.51 | 18780.811751999998 | 2096.0452968,,,xls,medium,Some headers were missing; generated column_N names. Sampled first 10 non-empty rows from worksheet.
paper-1997-05,The Full Cost Of High-Speed Rail: An Engineering Approach,READY-TO-UPLOAD/PUBLIC,/Users/dlev2617/Documents/Code/Agents/github-packages/READY-TO-UPLOAD/PUBLIC/paper-1997-05-the-full-cost-of-high-speed-rail-an-engineering-approach,data/analysis_workbooks/original_legacy/table7_intermodal_full_cost_comparison.xls,Comparison,column_4,,mixed_numeric_text,7,Fresno | Los Angeles | 57600.85 | 40625.51183999999 | 9609.684616000002,,,xls,medium,Some headers were missing; generated column_N names. Sampled first 10 non-empty rows from worksheet.
paper-1997-05,The Full Cost Of High-Speed Rail: An Engineering Approach,READY-TO-UPLOAD/PUBLIC,/Users/dlev2617/Documents/Code/Agents/github-packages/READY-TO-UPLOAD/PUBLIC/paper-1997-05-the-full-cost-of-high-speed-rail-an-engineering-approach,data/analysis_workbooks/original_legacy/table7_intermodal_full_cost_comparison.xls,Comparison,column_5,,mixed_numeric_text,7,Bakersfield | San Francisco | 13136.97 | 9265.421088 | 2191.6714512,,,xls,medium,Some headers were missing; generated column_N names. Sampled first 10 non-empty rows from worksheet.
paper-1997-05,The Full Cost Of High-Speed Rail: An Engineering Approach,READY-TO-UPLOAD/PUBLIC,/Users/dlev2617/Documents/Code/Agents/github-packages/READY-TO-UPLOAD/PUBLIC/paper-1997-05-the-full-cost-of-high-speed-rail-an-engineering-approach,data/analysis_workbooks/original_legacy/table7_intermodal_full_cost_comparison.xls,Comparison,column_6,,mixed_numeric_text,7,Bakersfield | Los Angeles | 18744.774999999998 | 15791.236579999997 | 1762.391722,,,xls,medium,Some headers were missing; generated column_N names. Sampled first 10 non-empty rows from worksheet.
paper-1997-05,The Full Cost Of High-Speed Rail: An Engineering Approach,READY-TO-UPLOAD/PUBLIC,/Users/dlev2617/Documents/Code/Agents/github-packages/READY-TO-UPLOAD/PUBLIC/paper-1997-05-the-full-cost-of-high-speed-rail-an-engineering-approach,data/analysis_workbooks/original_legacy/table7_intermodal_full_cost_comparison.xls,Comparison,column_7,,mixed_numeric_text,6,TOTAL | 1328534.665 | 680415.7908599998 | 354850.65804600006 | 1035266.4489059999,,,xls,medium,Some headers were missing; generated column_N names. Sampled first 10 non-empty rows from worksheet.
